#
# A fatal error has been detected by the Java Runtime Environment:
#
#  Internal Error (assembler_aarch64.hpp:267), pid=5161, tid=29443
#  guarantee(chk == -1 || chk == 0) failed: Field too big for insn
#
# JRE version: OpenJDK Runtime Environment (17.0.9) (build 17.0.9+0-17.0.9b1087.7-11185874)
# Java VM: OpenJDK 64-Bit Server VM (17.0.9+0-17.0.9b1087.7-11185874, mixed mode, tiered, compressed oops, compressed class ptrs, g1 gc, bsd-aarch64)
# No core dump will be written. Core dumps have been disabled. To enable core dumping, try "ulimit -c unlimited" before starting Java again
#
# If you would like to submit a bug report, please visit:
#   https://bugreport.java.com/bugreport/crash.jsp
#

---------------  S U M M A R Y ------------

Command Line: --add-opens=java.base/java.lang=ALL-UNNAMED --add-opens=java.base/java.lang.invoke=ALL-UNNAMED --add-opens=java.base/java.util=ALL-UNNAMED --add-opens=java.prefs/java.util.prefs=ALL-UNNAMED --add-exports=jdk.compiler/com.sun.tools.javac.api=ALL-UNNAMED --add-exports=jdk.compiler/com.sun.tools.javac.util=ALL-UNNAMED --add-opens=java.base/java.util=ALL-UNNAMED --add-opens=java.prefs/java.util.prefs=ALL-UNNAMED --add-opens=java.base/java.nio.charset=ALL-UNNAMED --add-opens=java.base/java.net=ALL-UNNAMED --add-opens=java.base/java.util.concurrent.atomic=ALL-UNNAMED --add-opens=java.xml/javax.xml.namespace=ALL-UNNAMED -XX:MaxMetaspaceSize=4G -XX:ReservedCodeCacheSize=512m -XX:+HeapDumpOnOutOfMemoryError -Xmx8G -Dfile.encoding=UTF-8 -Duser.country=GB -Duser.language=en -Duser.variant -javaagent:/Users/npcapro/.gradle/wrapper/dists/gradle-8.14.3-all/10utluxaxniiv4wxiphsi49nj/gradle-8.14.3/lib/agents/gradle-instrumentation-agent-8.14.3.jar org.gradle.launcher.daemon.bootstrap.GradleDaemon 8.14.3

Host: "Mac15,10" arm64, 14 cores, 36G, Darwin 25.5.0, macOS 26.5 (25F71)
Time: Tue Jun  2 23:19:55 2026 +07 elapsed time: 15608.574958 seconds (0d 4h 20m 8s)

---------------  T H R E A D  ---------------

Current thread (0x00000001460e5e00):  JavaThread "C1 CompilerThread0" daemon [_thread_in_native, id=29443, stack(0x000000016f8d8000,0x000000016fadb000)]


Current CompileTask:
C1:15608575 177694 % !   3       org.jetbrains.uast.kotlin.FirKotlinUastResolveProviderService::resolveSyntheticJavaPropertyAccessorCall @ 1958 (2441 bytes)

Stack: [0x000000016f8d8000,0x000000016fadb000],  sp=0x000000016fad98e0,  free space=2054k
Native frames: (J=compiled Java code, j=interpreted, Vv=VM code, C=native code)
V  [libjvm.dylib+0xa27f40]  VMError::report_and_die(int, char const*, char const*, char*, Thread*, unsigned char*, void*, void*, char const*, int, unsigned long)+0x490
V  [libjvm.dylib+0xa286c8]  VMError::report_and_die(Thread*, void*, char const*, int, char const*, char const*, char*)+0x40
V  [libjvm.dylib+0x2d0f54]  report_vm_error(char const*, int, char const*, char const*, ...)+0x78
V  [libjvm.dylib+0x7d260]  Address::encode_pair(Instruction_aarch64*) const+0x128
V  [libjvm.dylib+0x7d0f0]  Assembler::ld_st1(int, int, int, int, RegisterImpl*, RegisterImpl*, Address, bool)+0x20c
V  [libjvm.dylib+0x1a995c]  LIR_Assembler::osr_entry()+0x1dc
V  [libjvm.dylib+0x1a7874]  LIR_Assembler::emit_lir_list(LIR_List*)+0x9c
V  [libjvm.dylib+0x1a791c]  LIR_Assembler::emit_code(BlockList*)+0x74
V  [libjvm.dylib+0x179920]  Compilation::emit_code_body()+0xe0
V  [libjvm.dylib+0x179f48]  Compilation::compile_java_method()+0x354
V  [libjvm.dylib+0x17a17c]  Compilation::compile_method()+0x124
V  [libjvm.dylib+0x17a50c]  Compilation::Compilation(AbstractCompiler*, ciEnv*, ciMethod*, int, BufferBlob*, bool, DirectiveSet*)+0x19c
V  [libjvm.dylib+0x17b638]  Compiler::compile_method(ciEnv*, ciMethod*, int, bool, DirectiveSet*)+0x60
V  [libjvm.dylib+0x2aba88]  CompileBroker::invoke_compiler_on_method(CompileTask*)+0x830
V  [libjvm.dylib+0x2ab078]  CompileBroker::compiler_thread_loop()+0x3d8
V  [libjvm.dylib+0x9b8c24]  JavaThread::thread_main_inner()+0x15c
V  [libjvm.dylib+0x9b722c]  Thread::call_run()+0xe0
V  [libjvm.dylib+0x7e1b18]  thread_native_entry(Thread*)+0x158
C  [libsystem_pthread.dylib+0x6c58]  _pthread_start+0x88


---------------  P R O C E S S  ---------------

Threads class SMR info:
_java_thread_list=0x00000003ac3e74a0, length=340, elements={
0x000000014480e800, 0x000000010a008200, 0x000000010a008c00, 0x00000001460d4e00,
0x00000001460d5400, 0x00000001460d5a00, 0x00000001460d6000, 0x00000001460e5e00,
0x00000001460e6400, 0x0000000144848000, 0x0000000137056a00, 0x0000000145252c00,
0x000000014614f600, 0x000000010a01c000, 0x00000001377ff400, 0x00000001377ffa00,
0x0000000144aeb800, 0x000000014533ae00, 0x00000001469c7200, 0x0000000147029400,
0x00000001377e2600, 0x000000014573a400, 0x0000000169262200, 0x000000014572c000,
0x0000000137722800, 0x00000001449ce800, 0x000000014537fc00, 0x000000016945a400,
0x0000000144aea600, 0x0000000133e6e000, 0x0000000133fa9e00, 0x0000000145380800,
0x0000000137702600, 0x0000000133fa8800, 0x0000000144db3000, 0x0000000146a28600,
0x0000000146fe0400, 0x0000000146fe3c00, 0x0000000137aebc00, 0x000000038c99da00,
0x0000000376134c00, 0x000000038c831600, 0x000000038c818800, 0x00000003328b8c00,
0x000000010a728200, 0x00000001450ee600, 0x00000001450eec00, 0x000000010a728800,
0x00000001468a6800, 0x00000001468aa200, 0x000000010a59da00, 0x00000003763bd400,
0x0000000332813000, 0x00000003764da400, 0x000000036cc6d000, 0x00000001379f1000,
0x00000003884b9c00, 0x00000003884bac00, 0x000000038aa99800, 0x00000003853ce800,
0x000000014780ac00, 0x000000038560e000, 0x0000000389196400, 0x000000038e334a00,
0x000000036c873400, 0x0000000376531c00, 0x0000000389366a00, 0x000000038d820a00,
0x000000036eb3fa00, 0x000000036ebaa400, 0x0000000389671800, 0x0000000137ccd800,
0x000000038a79ea00, 0x0000000388310600, 0x00000001452e4000, 0x000000036eedc200,
0x000000038e0acc00, 0x000000038e07e400, 0x000000036e90bc00, 0x000000036e97bc00,
0x000000038d206000, 0x000000038ac14e00, 0x00000001469c1400, 0x0000000147f43200,
0x00000001479f5000, 0x0000000388f06c00, 0x000000038d016e00, 0x000000038d401c00,
0x000000014579de00, 0x000000036cc65200, 0x000000014513b000, 0x000000038e07d000,
0x000000038e545a00, 0x0000000388f36600, 0x000000036cb68200, 0x000000036ce59e00,
0x00000003760a8200, 0x000000010a5d7800, 0x0000000388304000, 0x000000038aa98600,
0x000000016892ac00, 0x000000033008ee00, 0x0000000330020e00, 0x000000038e2d5c00,
0x000000036ebf1c00, 0x0000000137934000, 0x000000013788b000, 0x0000000144e7ea00,
0x00000003880c8400, 0x000000038aec6c00, 0x000000038ac1aa00, 0x0000000147376000,
0x000000038aa7c400, 0x00000003853ab800, 0x0000000137a37c00, 0x000000038505fa00,
0x0000000385638000, 0x00000003851e0800, 0x00000001378b3600, 0x0000000137962400,
0x00000001378aac00, 0x0000000137ca0800, 0x00000003857fe000, 0x00000003857fe600,
0x0000000385059200, 0x0000000385059800, 0x0000000137a34c00, 0x0000000137a35800,
0x00000003894dac00, 0x0000000137c17000, 0x0000000137a35200, 0x0000000137c17600,
0x0000000137c17c00, 0x0000000385408000, 0x0000000385408600, 0x0000000385408c00,
0x0000000137916400, 0x0000000137916a00, 0x0000000137917000, 0x0000000137889400,
0x0000000137889a00, 0x000000010a182e00, 0x000000010a7fb800, 0x00000003760bd400,
0x000000010a60a000, 0x000000010a764600, 0x0000000388159000, 0x0000000385536a00,
0x000000013788a000, 0x000000014637ca00, 0x00000001466dec00, 0x0000000376564a00,
0x00000001467c3600, 0x000000010a341400, 0x000000010a6baa00, 0x000000010a0dea00,
0x0000000385537600, 0x000000036ec58400, 0x00000001462e9000, 0x0000000146379a00,
0x00000001460dd800, 0x000000036aea7400, 0x0000000146372600, 0x00000001466c4200,
0x000000010a2efc00, 0x000000010a164800, 0x00000001467d6200, 0x000000014610b600,
0x0000000146324800, 0x00000001467a3200, 0x000000038809f600, 0x0000000144a98c00,
0x0000000144a91a00, 0x000000036e8d7200, 0x000000036ea75e00, 0x000000036ed5a600,
0x000000036eeea400, 0x0000000376340c00, 0x0000000376562e00, 0x000000037612a200,
0x000000036e8e4400, 0x0000000376461c00, 0x000000036ef8f200, 0x0000000385537c00,
0x000000038552b800, 0x00000001467b0000, 0x000000036ab06400, 0x000000010a770a00,
0x000000036ab06a00, 0x000000036ac39c00, 0x000000036ac3a200, 0x00000001465a3c00,
0x00000001465a3400, 0x000000014669ea00, 0x000000014669e200, 0x00000001460f8800,
0x00000001460f8000, 0x000000010a76c800, 0x000000010a76c000, 0x000000010a3eaa00,
0x0000000376568800, 0x0000000376135200, 0x000000036eed5400, 0x000000036eb43800,
0x000000036eeefa00, 0x000000036ebc4400, 0x0000000146511800, 0x000000036affe800,
0x000000038552be00, 0x0000000385537000, 0x000000038552cc00, 0x000000038552c400,
0x00000003763cf600, 0x000000036e9f4c00, 0x000000036ea1a200, 0x000000036ebbe000,
0x000000036e9b6e00, 0x000000036e97c200, 0x000000036ec14600, 0x0000000376566a00,
0x00000003765fa200, 0x000000036edb8a00, 0x0000000376611000, 0x0000000144968600,
0x00000003883bda00, 0x000000036e870400, 0x000000036eb1bc00, 0x000000036eabd600,
0x000000036edb1c00, 0x00000003760ab200, 0x000000036ecbe800, 0x000000036e9a8000,
0x0000000376122800, 0x000000036e9a8600, 0x000000036ebb1c00, 0x0000000385280e00,
0x0000000385281400, 0x0000000137883600, 0x000000036ebb2200, 0x00000003857fc400,
0x0000000137a4e800, 0x0000000146511e00, 0x000000036affe000, 0x000000010a3ea200,
0x000000036aff5000, 0x000000010a753c00, 0x000000036aff5e00, 0x000000010a754200,
0x000000010a753400, 0x000000036aff5600, 0x000000036ae17400, 0x000000036ae16c00,
0x000000036e9b0800, 0x000000036e9b0e00, 0x000000036ebae200, 0x000000036ebada00,
0x0000000137a4ee00, 0x00000001463a3e00, 0x000000036ae16400, 0x000000036ad0da00,
0x00000001463a4e00, 0x000000036ad0ea00, 0x000000036ad0e000, 0x00000001463a4400,
0x00000001467ca200, 0x000000036aea9800, 0x0000000376122000, 0x000000036ee27200,
0x000000036ee27800, 0x000000036ec9ac00, 0x000000036ec9b200, 0x000000036eaf1c00,
0x000000036ecb5e00, 0x000000037666be00, 0x000000038936c600, 0x00000001694b1e00,
0x00000001452ffa00, 0x00000001453da200, 0x0000000388ecac00, 0x0000000147e15600,
0x0000000147ffe600, 0x000000038e114400, 0x0000000145269600, 0x000000038e2d5000,
0x000000038e13cc00, 0x000000038e280800, 0x0000000133e3c200, 0x0000000169459e00,
0x000000038e2b5600, 0x000000038e104400, 0x000000035445b600, 0x000000035422e800,
0x0000000354498400, 0x000000038e031200, 0x0000000145330000, 0x0000000145123800,
0x000000036cb24000, 0x000000036c9e2600, 0x000000036c9d4600, 0x000000036c9d4c00,
0x000000036ca60400, 0x000000036aea9e00, 0x000000038aa1c400, 0x000000014720da00,
0x000000038e030000, 0x000000038e0b0800, 0x000000038a3e8600, 0x000000036cc3a000,
0x0000000168810200, 0x000000038e0afe00, 0x0000000388514a00, 0x00000003854a8a00,
0x000000038a8f1400, 0x0000000145766400, 0x000000038a506800, 0x0000000144db0a00,
0x00000003547fce00, 0x0000000168936400, 0x000000036ab3c200, 0x000000010a68d800,
0x0000000144da6400, 0x0000000133f75200, 0x000000038e2da600, 0x0000000133c12800,
0x00000003854a9000, 0x000000038e2ce200, 0x00000001464f9e00, 0x000000038d821a00,
0x000000038aa7b800, 0x00000001476b0200, 0x00000001695d0800, 0x000000038e7f1200,
0x00000003857d5800, 0x000000014486c000, 0x000000014532ec00, 0x0000000388560c00,
0x00000003857d7600, 0x000000038a9fd400, 0x000000038a2eca00, 0x000000038e546a00
}

Java Threads: ( => current thread )
  0x000000014480e800 JavaThread "main" [_thread_blocked, id=5635, stack(0x000000016dd24000,0x000000016df27000)]
  0x000000010a008200 JavaThread "Reference Handler" daemon [_thread_blocked, id=18691, stack(0x000000016eb78000,0x000000016ed7b000)]
  0x000000010a008c00 JavaThread "Finalizer" daemon [_thread_blocked, id=18947, stack(0x000000016ed84000,0x000000016ef87000)]
  0x00000001460d4e00 JavaThread "Signal Dispatcher" daemon [_thread_blocked, id=30979, stack(0x000000016f0a8000,0x000000016f2ab000)]
  0x00000001460d5400 JavaThread "Service Thread" daemon [_thread_blocked, id=23043, stack(0x000000016f2b4000,0x000000016f4b7000)]
  0x00000001460d5a00 JavaThread "Monitor Deflation Thread" daemon [_thread_blocked, id=30467, stack(0x000000016f4c0000,0x000000016f6c3000)]
  0x00000001460d6000 JavaThread "C2 CompilerThread0" daemon [_thread_in_native, id=29955, stack(0x000000016f6cc000,0x000000016f8cf000)]
=>0x00000001460e5e00 JavaThread "C1 CompilerThread0" daemon [_thread_in_native, id=29443, stack(0x000000016f8d8000,0x000000016fadb000)]
  0x00000001460e6400 JavaThread "Sweeper thread" daemon [_thread_blocked, id=23299, stack(0x000000016fae4000,0x000000016fce7000)]
  0x0000000144848000 JavaThread "Common-Cleaner" daemon [_thread_blocked, id=23811, stack(0x000000016fcf0000,0x000000016fef3000)]
  0x0000000137056a00 JavaThread "Notification Thread" daemon [_thread_blocked, id=24323, stack(0x0000000310004000,0x0000000310207000)]
  0x0000000145252c00 JavaThread "Daemon health stats" [_thread_blocked, id=33539, stack(0x0000000311894000,0x0000000311a97000)]
  0x000000014614f600 JavaThread "Incoming local TCP Connector on port 49609" [_thread_in_native, id=42755, stack(0x0000000311aa0000,0x0000000311ca3000)]
  0x000000010a01c000 JavaThread "Daemon periodic checks" [_thread_blocked, id=34051, stack(0x0000000311cac000,0x0000000311eaf000)]
  0x00000001377ff400 JavaThread "Cache worker for journal cache (/Users/npcapro/.gradle/caches/journal-1)" [_thread_blocked, id=40707, stack(0x0000000313124000,0x0000000313327000)]
  0x00000001377ffa00 JavaThread "File lock request listener" [_thread_in_native, id=40195, stack(0x0000000313330000,0x0000000313533000)]
  0x0000000144aeb800 JavaThread "Cache worker for file hash cache (/Users/npcapro/.gradle/caches/8.14.3/fileHashes)" [_thread_blocked, id=37635, stack(0x000000031353c000,0x000000031373f000)]
  0x000000014533ae00 JavaThread "File watcher server" daemon [_thread_in_native, id=39171, stack(0x0000000313b60000,0x0000000313d63000)]
  0x00000001469c7200 JavaThread "File watcher consumer" daemon [_thread_blocked, id=38915, stack(0x0000000313d6c000,0x0000000313f6f000)]
  0x0000000147029400 JavaThread "Cache worker for file content cache (/Users/npcapro/.gradle/caches/8.14.3/fileContent)" [_thread_blocked, id=65283, stack(0x0000000314184000,0x0000000314387000)]
  0x00000001377e2600 JavaThread "Memory manager" [_thread_blocked, id=66563, stack(0x00000003324ac000,0x00000003326af000)]
  0x000000014573a400 JavaThread "jar transforms" [_thread_blocked, id=31751, stack(0x0000000354a10000,0x0000000354c13000)]
  0x0000000169262200 JavaThread "jar transforms Thread 2" [_thread_blocked, id=108291, stack(0x0000000357718000,0x000000035791b000)]
  0x000000014572c000 JavaThread "jar transforms Thread 3" [_thread_blocked, id=109059, stack(0x0000000357b30000,0x0000000357d33000)]
  0x0000000137722800 JavaThread "jar transforms Thread 4" [_thread_blocked, id=109571, stack(0x0000000357d3c000,0x0000000357f3f000)]
  0x00000001449ce800 JavaThread "jar transforms Thread 5" [_thread_blocked, id=174339, stack(0x0000000368804000,0x0000000368a07000)]
  0x000000014537fc00 JavaThread "jar transforms Thread 6" [_thread_blocked, id=174083, stack(0x0000000368a10000,0x0000000368c13000)]
  0x000000016945a400 JavaThread "jar transforms Thread 7" [_thread_blocked, id=173571, stack(0x0000000368c1c000,0x0000000368e1f000)]
  0x0000000144aea600 JavaThread "jar transforms Thread 8" [_thread_blocked, id=131843, stack(0x0000000368e28000,0x000000036902b000)]
  0x0000000133e6e000 JavaThread "jar transforms Thread 9" [_thread_blocked, id=132099, stack(0x0000000369034000,0x0000000369237000)]
  0x0000000133fa9e00 JavaThread "jar transforms Thread 10" [_thread_blocked, id=132611, stack(0x0000000369240000,0x0000000369443000)]
  0x0000000145380800 JavaThread "jar transforms Thread 11" [_thread_blocked, id=132867, stack(0x000000036944c000,0x000000036964f000)]
  0x0000000137702600 JavaThread "jar transforms Thread 12" [_thread_blocked, id=133123, stack(0x0000000369658000,0x000000036985b000)]
  0x0000000133fa8800 JavaThread "jar transforms Thread 13" [_thread_blocked, id=172547, stack(0x0000000369864000,0x0000000369a67000)]
  0x0000000144db3000 JavaThread "jar transforms Thread 14" [_thread_blocked, id=133635, stack(0x0000000369a70000,0x0000000369c73000)]
  0x0000000146a28600 JavaThread "Cache worker for Java compile cache (/Users/npcapro/.gradle/caches/8.14.3/javaCompile)" [_thread_blocked, id=143371, stack(0x000000036de58000,0x000000036e05b000)]
  0x0000000146fe0400 JavaThread "process reaper (pid 5570)" daemon [_thread_in_native, id=161283, stack(0x000000016f05c000,0x000000016f093000)]
  0x0000000146fe3c00 JavaThread "RMI Scheduler(0)" daemon [_thread_blocked, id=148751, stack(0x0000000376bb4000,0x0000000376db7000)]
  0x0000000137aebc00 JavaThread "RMI TCP Accept-0" daemon [_thread_in_native, id=149507, stack(0x0000000377dc0000,0x0000000377fc3000)]
  0x000000038c99da00 JavaThread "AppKit Thread" daemon [_thread_in_native, id=259, stack(0x000000016d49c000,0x000000016dc98000)]
  0x0000000376134c00 JavaThread "DefaultDispatcher-worker-1" daemon [_thread_blocked, id=185603, stack(0x000000039af8c000,0x000000039b18f000)]
  0x000000038c831600 JavaThread "DefaultDispatcher-worker-2" daemon [_thread_blocked, id=251395, stack(0x000000039b198000,0x000000039b39b000)]
  0x000000038c818800 JavaThread "DefaultDispatcher-worker-3" daemon [_thread_blocked, id=186115, stack(0x000000039b3a4000,0x000000039b5a7000)]
  0x00000003328b8c00 JavaThread "DefaultDispatcher-worker-4" daemon [_thread_blocked, id=157447, stack(0x0000000392388000,0x000000039258b000)]
  0x000000010a728200 JavaThread "DefaultDispatcher-worker-5" daemon [_thread_blocked, id=128355, stack(0x0000000384304000,0x0000000384507000)]
  0x00000001450ee600 JavaThread "DefaultDispatcher-worker-6" daemon [_thread_blocked, id=165571, stack(0x0000000391388000,0x000000039158b000)]
  0x00000001450eec00 JavaThread "DefaultDispatcher-worker-7" daemon [_thread_blocked, id=108239, stack(0x0000000391594000,0x0000000391797000)]
  0x000000010a728800 JavaThread "DefaultDispatcher-worker-8" daemon [_thread_blocked, id=192259, stack(0x00000003917a0000,0x00000003919a3000)]
  0x00000001468a6800 JavaThread "DefaultDispatcher-worker-9" daemon [_thread_blocked, id=192771, stack(0x00000003919ac000,0x0000000391baf000)]
  0x00000001468aa200 JavaThread "DefaultDispatcher-worker-10" daemon [_thread_blocked, id=193027, stack(0x0000000391f00000,0x0000000392103000)]
  0x000000010a59da00 JavaThread "DefaultDispatcher-worker-11" daemon [_thread_blocked, id=243971, stack(0x000000039210c000,0x000000039230f000)]
  0x00000003763bd400 JavaThread "DefaultDispatcher-worker-12" daemon [_thread_blocked, id=193283, stack(0x00000003a40c0000,0x00000003a42c3000)]
  0x0000000332813000 JavaThread "DefaultDispatcher-worker-13" daemon [_thread_blocked, id=243459, stack(0x00000003a42cc000,0x00000003a44cf000)]
  0x00000003764da400 JavaThread "DefaultDispatcher-worker-14" daemon [_thread_blocked, id=243203, stack(0x00000003a44d8000,0x00000003a46db000)]
  0x000000036cc6d000 JavaThread "Periodic tasks thread" daemon [_thread_blocked, id=194307, stack(0x00000003a46e4000,0x00000003a48e7000)]
  0x00000001379f1000 JavaThread "ApplicationImpl pooled thread 1" [_thread_blocked, id=242691, stack(0x00000003a4c48000,0x00000003a4e4b000)]
  0x00000003884b9c00 JavaThread "RMI GC Daemon" daemon [_thread_blocked, id=114747, stack(0x000000038feb0000,0x00000003900b3000)]
  0x00000003884bac00 JavaThread "RMI Reaper" [_thread_blocked, id=78451, stack(0x00000003900bc000,0x00000003902bf000)]
  0x000000038aa99800 JavaThread "Daemon Thread 21" [_thread_blocked, id=98819, stack(0x0000000312004000,0x0000000312207000)]
  0x00000003853ce800 JavaThread "Daemon worker Thread 21" [_thread_blocked, id=106307, stack(0x0000000312910000,0x0000000312b13000)]
  0x000000014780ac00 JavaThread "included builds" [_thread_blocked, id=149175, stack(0x0000000331634000,0x0000000331837000)]
  0x000000038560e000 JavaThread "Exec process Thread 362" [_thread_blocked, id=197027, stack(0x0000000374604000,0x0000000374807000)]
  0x0000000389196400 JavaThread "process reaper (pid 53965)" daemon [_thread_in_native, id=137287, stack(0x000000016f01c000,0x000000016f053000)]
  0x000000038e334a00 JavaThread "Exec process Thread 363" [_thread_blocked, id=147919, stack(0x0000000374810000,0x0000000374a13000)]
  0x000000036c873400 JavaThread "Exec process Thread 364" [_thread_blocked, id=36631, stack(0x0000000374a1c000,0x0000000374c1f000)]
  0x0000000376531c00 JavaThread "RMI TCP Connection(232)-127.0.0.1" daemon [_thread_in_native, id=88387, stack(0x00000003902c8000,0x00000003904cb000)]
  0x0000000389366a00 JavaThread "RMI TCP Connection(231)-127.0.0.1" daemon [_thread_in_native, id=109903, stack(0x0000000390e40000,0x0000000391043000)]
  0x000000038d820a00 JavaThread "process reaper (pid 53969)" daemon [_thread_in_native, id=57027, stack(0x0000000311eb8000,0x0000000311eef000)]
  0x000000036eb3fa00 JavaThread "RMI TCP Connection(230)-127.0.0.1" daemon [_thread_in_native, id=157227, stack(0x00000003939e8000,0x0000000393beb000)]
  0x000000036ebaa400 JavaThread "Exec process Thread 365" [_thread_blocked, id=158183, stack(0x0000000390af8000,0x0000000390cfb000)]
  0x0000000389671800 JavaThread "Exec process Thread 366" [_thread_blocked, id=122651, stack(0x00000003927a0000,0x00000003929a3000)]
  0x0000000137ccd800 JavaThread "Exec process Thread 367" [_thread_blocked, id=100219, stack(0x00000003929ac000,0x0000000392baf000)]
  0x000000038a79ea00 JavaThread "process reaper (pid 53966)" daemon [_thread_in_native, id=86027, stack(0x000000031241c000,0x0000000312453000)]
  0x0000000388310600 JavaThread "Exec process Thread 368" [_thread_blocked, id=177307, stack(0x0000000393424000,0x0000000393627000)]
  0x00000001452e4000 JavaThread "Exec process Thread 369" [_thread_blocked, id=112871, stack(0x000000039a9f8000,0x000000039abfb000)]
  0x000000036eedc200 JavaThread "process reaper (pid 53968)" daemon [_thread_in_native, id=150359, stack(0x000000031245c000,0x0000000312493000)]
  0x000000038e0acc00 JavaThread "Exec process Thread 370" [_thread_blocked, id=175703, stack(0x000000039ad80000,0x000000039af83000)]
  0x000000038e07e400 JavaThread "Exec process Thread 371" [_thread_blocked, id=97523, stack(0x000000039ba04000,0x000000039bc07000)]
  0x000000036e90bc00 JavaThread "process reaper (pid 53971)" daemon [_thread_in_native, id=38631, stack(0x000000031249c000,0x00000003124d3000)]
  0x000000036e97bc00 JavaThread "Exec process Thread 372" [_thread_blocked, id=256691, stack(0x000000039bc10000,0x000000039be13000)]
  0x000000038d206000 JavaThread "Exec process Thread 373" [_thread_blocked, id=103627, stack(0x00000003a0004000,0x00000003a0207000)]
  0x000000038ac14e00 JavaThread "ForkJoinPool.commonPool-worker-180" daemon [_thread_blocked, id=115203, stack(0x00000003a0834000,0x00000003a0a37000)]
  0x00000001469c1400 JavaThread "Exec process Thread 374" [_thread_blocked, id=112907, stack(0x000000038b210000,0x000000038b413000)]
  0x0000000147f43200 JavaThread "Exec process Thread 375" [_thread_blocked, id=255675, stack(0x00000003a0210000,0x00000003a0413000)]
  0x00000001479f5000 JavaThread "Exec process Thread 376" [_thread_blocked, id=115799, stack(0x00000003a041c000,0x00000003a061f000)]
  0x0000000388f06c00 JavaThread "Exec process Thread 377" [_thread_blocked, id=250099, stack(0x00000003a0628000,0x00000003a082b000)]
  0x000000038d016e00 JavaThread "Exec process Thread 378" [_thread_blocked, id=140547, stack(0x00000003a0a40000,0x00000003a0c43000)]
  0x000000038d401c00 JavaThread "Exec process Thread 379" [_thread_blocked, id=139915, stack(0x00000003a0c4c000,0x00000003a0e4f000)]
  0x000000014579de00 JavaThread "process reaper (pid 53964)" daemon [_thread_in_native, id=84627, stack(0x0000000312b1c000,0x0000000312b53000)]
  0x000000036cc65200 JavaThread "Exec process Thread 380" [_thread_blocked, id=255811, stack(0x00000003a0e58000,0x00000003a105b000)]
  0x000000014513b000 JavaThread "Exec process Thread 381" [_thread_blocked, id=162379, stack(0x00000003a1064000,0x00000003a1267000)]
  0x000000038e07d000 JavaThread "ForkJoinPool.commonPool-worker-181" daemon [_thread_blocked, id=80983, stack(0x00000003a1270000,0x00000003a1473000)]
  0x000000038e545a00 JavaThread "ForkJoinPool.commonPool-worker-182" daemon [_thread_blocked, id=174915, stack(0x00000003a147c000,0x00000003a167f000)]
  0x0000000388f36600 JavaThread "ForkJoinPool.commonPool-worker-183" daemon [_thread_blocked, id=197459, stack(0x00000003a1688000,0x00000003a188b000)]
  0x000000036cb68200 JavaThread "ForkJoinPool.commonPool-worker-184" daemon [_thread_blocked, id=106915, stack(0x00000003a1894000,0x00000003a1a97000)]
  0x000000036ce59e00 JavaThread "ForkJoinPool.commonPool-worker-185" daemon [_thread_blocked, id=146519, stack(0x00000003a2c48000,0x00000003a2e4b000)]
  0x00000003760a8200 JavaThread "ForkJoinPool.commonPool-worker-186" daemon [_thread_blocked, id=159195, stack(0x00000003a2e54000,0x00000003a3057000)]
  0x000000010a5d7800 JavaThread "ForkJoinPool.commonPool-worker-187" daemon [_thread_blocked, id=162883, stack(0x00000003a3060000,0x00000003a3263000)]
  0x0000000388304000 JavaThread "ForkJoinPool.commonPool-worker-188" daemon [_thread_blocked, id=197167, stack(0x00000003a326c000,0x00000003a346f000)]
  0x000000038aa98600 JavaThread "ForkJoinPool.commonPool-worker-189" daemon [_thread_blocked, id=245871, stack(0x00000003a3478000,0x00000003a367b000)]
  0x000000016892ac00 JavaThread "ForkJoinPool.commonPool-worker-190" daemon [_thread_blocked, id=76275, stack(0x00000003a3684000,0x00000003a3887000)]
  0x000000033008ee00 JavaThread "ForkJoinPool.commonPool-worker-191" daemon [_thread_blocked, id=169995, stack(0x00000003a3890000,0x00000003a3a93000)]
  0x0000000330020e00 JavaThread "ForkJoinPool.commonPool-worker-192" daemon [_thread_blocked, id=147539, stack(0x00000003a3a9c000,0x00000003a3c9f000)]
  0x000000038e2d5c00 JavaThread "VFS cleanup Thread 21" [_thread_blocked, id=119039, stack(0x0000000313748000,0x000000031394b000)]
  0x000000036ebf1c00 JavaThread "Handler for socket connection from /127.0.0.1:49609 to /127.0.0.1:64444" [_thread_in_native, id=124675, stack(0x0000000312210000,0x0000000312413000)]
  0x0000000137934000 JavaThread "Cancel handler" [_thread_blocked, id=198203, stack(0x0000000312704000,0x0000000312907000)]
  0x000000013788b000 JavaThread "Asynchronous log dispatcher for DefaultDaemonConnection: socket connection from /127.0.0.1:49609 to /127.0.0.1:64444" [_thread_blocked, id=257303, stack(0x0000000314390000,0x0000000314593000)]
  0x0000000144e7ea00 JavaThread "Stdin handler" [_thread_blocked, id=152591, stack(0x000000031459c000,0x000000031479f000)]
  0x00000003880c8400 JavaThread "Daemon client event forwarder" [_thread_blocked, id=190587, stack(0x00000003147a8000,0x00000003149ab000)]
  0x000000038aec6c00 JavaThread "Cache worker for file hash cache (/Users/npcapro/Development/autoride_superapp/android/.gradle/8.14.3/fileHashes)" [_thread_blocked, id=181435, stack(0x00000003149b4000,0x0000000314bb7000)]
  0x000000038ac1aa00 JavaThread "Cache worker for Build Output Cleanup Cache (/Users/npcapro/Development/autoride_superapp/android/.gradle/buildOutputCleanup)" [_thread_blocked, id=49267, stack(0x0000000314bc0000,0x0000000314dc3000)]
  0x0000000147376000 JavaThread "Cache worker for checksums cache (/Users/npcapro/Development/autoride_superapp/android/.gradle/8.14.3/checksums)" [_thread_blocked, id=38223, stack(0x0000000314dcc000,0x0000000314fcf000)]
  0x000000038aa7c400 JavaThread "Cache worker for cache directory md-supplier (/Users/npcapro/.gradle/caches/8.14.3/md-supplier)" [_thread_blocked, id=196195, stack(0x0000000314fd8000,0x00000003151db000)]
  0x00000003853ab800 JavaThread "Cache worker for cache directory md-rule (/Users/npcapro/.gradle/caches/8.14.3/md-rule)" [_thread_blocked, id=107091, stack(0x00000003151e4000,0x00000003153e7000)]
  0x0000000137a37c00 JavaThread "Cache worker for Build Output Cleanup Cache (/Users/npcapro/Development/flutter/packages/flutter_tools/gradle/.gradle/buildOutputCleanup)" [_thread_blocked, id=81691, stack(0x00000003153f0000,0x00000003155f3000)]
  0x000000038505fa00 JavaThread "Unconstrained build operations" [_thread_blocked, id=256035, stack(0x00000003155fc000,0x00000003157ff000)]
  0x0000000385638000 JavaThread "Unconstrained build operations Thread 2" [_thread_blocked, id=105471, stack(0x0000000315808000,0x0000000315a0b000)]
  0x00000003851e0800 JavaThread "Unconstrained build operations Thread 3" [_thread_blocked, id=125755, stack(0x0000000315a14000,0x0000000315c17000)]
  0x00000001378b3600 JavaThread "Unconstrained build operations Thread 4" [_thread_blocked, id=103755, stack(0x0000000315c20000,0x0000000315e23000)]
  0x0000000137962400 JavaThread "Unconstrained build operations Thread 5" [_thread_blocked, id=93787, stack(0x0000000315e2c000,0x000000031602f000)]
  0x00000001378aac00 JavaThread "Unconstrained build operations Thread 6" [_thread_blocked, id=191059, stack(0x0000000316038000,0x000000031623b000)]
  0x0000000137ca0800 JavaThread "Unconstrained build operations Thread 7" [_thread_blocked, id=127899, stack(0x0000000316244000,0x0000000316447000)]
  0x00000003857fe000 JavaThread "Unconstrained build operations Thread 8" [_thread_blocked, id=118359, stack(0x0000000316450000,0x0000000316653000)]
  0x00000003857fe600 JavaThread "Unconstrained build operations Thread 9" [_thread_blocked, id=153651, stack(0x000000031665c000,0x000000031685f000)]
  0x0000000385059200 JavaThread "Unconstrained build operations Thread 10" [_thread_blocked, id=88831, stack(0x0000000316868000,0x0000000316a6b000)]
  0x0000000385059800 JavaThread "Unconstrained build operations Thread 11" [_thread_blocked, id=125007, stack(0x0000000316a74000,0x0000000316c77000)]
  0x0000000137a34c00 JavaThread "Unconstrained build operations Thread 12" [_thread_blocked, id=76623, stack(0x0000000316c80000,0x0000000316e83000)]
  0x0000000137a35800 JavaThread "Unconstrained build operations Thread 13" [_thread_blocked, id=255247, stack(0x0000000316e8c000,0x000000031708f000)]
  0x00000003894dac00 JavaThread "Unconstrained build operations Thread 14" [_thread_blocked, id=44047, stack(0x0000000317098000,0x000000031729b000)]
  0x0000000137c17000 JavaThread "Unconstrained build operations Thread 15" [_thread_blocked, id=162603, stack(0x00000003172a4000,0x00000003174a7000)]
  0x0000000137a35200 JavaThread "Unconstrained build operations Thread 16" [_thread_blocked, id=56003, stack(0x00000003174b0000,0x00000003176b3000)]
  0x0000000137c17600 JavaThread "Unconstrained build operations Thread 17" [_thread_blocked, id=59051, stack(0x00000003176bc000,0x00000003178bf000)]
  0x0000000137c17c00 JavaThread "Unconstrained build operations Thread 18" [_thread_blocked, id=64019, stack(0x00000003178c8000,0x0000000317acb000)]
  0x0000000385408000 JavaThread "Unconstrained build operations Thread 19" [_thread_blocked, id=122467, stack(0x0000000317ad4000,0x0000000317cd7000)]
  0x0000000385408600 JavaThread "Unconstrained build operations Thread 20" [_thread_blocked, id=119219, stack(0x0000000317ce0000,0x0000000317ee3000)]
  0x0000000385408c00 JavaThread "Unconstrained build operations Thread 21" [_thread_blocked, id=69259, stack(0x0000000330804000,0x0000000330a07000)]
  0x0000000137916400 JavaThread "Unconstrained build operations Thread 22" [_thread_blocked, id=63743, stack(0x0000000330a10000,0x0000000330c13000)]
  0x0000000137916a00 JavaThread "Unconstrained build operations Thread 23" [_thread_blocked, id=199283, stack(0x0000000330e04000,0x0000000331007000)]
  0x0000000137917000 JavaThread "Unconstrained build operations Thread 24" [_thread_blocked, id=89899, stack(0x0000000331010000,0x0000000331213000)]
  0x0000000137889400 JavaThread "Unconstrained build operations Thread 25" [_thread_blocked, id=142083, stack(0x000000033121c000,0x000000033141f000)]
  0x0000000137889a00 JavaThread "Unconstrained build operations Thread 26" [_thread_blocked, id=248907, stack(0x0000000331428000,0x000000033162b000)]
  0x000000010a182e00 JavaThread "build event listener" [_thread_blocked, id=54015, stack(0x0000000331840000,0x0000000331a43000)]
  0x000000010a7fb800 JavaThread "included builds" [_thread_blocked, id=253955, stack(0x0000000331a4c000,0x0000000331c4f000)]
  0x00000003760bd400 JavaThread "Execution worker" [_thread_blocked, id=256487, stack(0x0000000331c58000,0x0000000331e5b000)]
  0x000000010a60a000 JavaThread "Execution worker Thread 2" [_thread_blocked, id=83347, stack(0x0000000331e64000,0x0000000332067000)]
  0x000000010a764600 JavaThread "Execution worker Thread 3" [_thread_blocked, id=180503, stack(0x0000000332070000,0x0000000332273000)]
  0x0000000388159000 JavaThread "Execution worker Thread 4" [_thread_blocked, id=42243, stack(0x0000000333004000,0x0000000333207000)]
  0x0000000385536a00 JavaThread "Execution worker Thread 5" [_thread_blocked, id=39759, stack(0x0000000333210000,0x0000000333413000)]
  0x000000013788a000 JavaThread "Execution worker Thread 6" [_thread_blocked, id=113547, stack(0x000000033341c000,0x000000033361f000)]
  0x000000014637ca00 JavaThread "Execution worker Thread 7" [_thread_blocked, id=254463, stack(0x0000000333628000,0x000000033382b000)]
  0x00000001466dec00 JavaThread "Execution worker Thread 8" [_thread_in_Java, id=247491, stack(0x0000000333834000,0x0000000333a37000)]
  0x0000000376564a00 JavaThread "Cache worker for execution history cache (/Users/npcapro/Development/flutter/packages/flutter_tools/gradle/.gradle/8.14.3/executionHistory)" [_thread_blocked, id=36099, stack(0x0000000333a40000,0x0000000333c43000)]
  0x00000001467c3600 JavaThread "Execution worker Thread 9" [_thread_blocked, id=179379, stack(0x0000000333c4c000,0x0000000333e4f000)]
  0x000000010a341400 JavaThread "Execution worker Thread 10" [_thread_blocked, id=253927, stack(0x0000000333e58000,0x000000033405b000)]
  0x000000010a6baa00 JavaThread "Execution worker Thread 11" [_thread_blocked, id=141531, stack(0x0000000334064000,0x0000000334267000)]
  0x000000010a0dea00 JavaThread "Execution worker Thread 12" [_thread_blocked, id=119319, stack(0x0000000334270000,0x0000000334473000)]
  0x0000000385537600 JavaThread "Execution worker Thread 13" [_thread_blocked, id=59479, stack(0x000000033447c000,0x000000033467f000)]
  0x000000036ec58400 JavaThread "Unconstrained build operations Thread 27" [_thread_blocked, id=121787, stack(0x0000000334688000,0x000000033488b000)]
  0x00000001462e9000 JavaThread "Unconstrained build operations Thread 28" [_thread_blocked, id=163771, stack(0x0000000334894000,0x0000000334a97000)]
  0x0000000146379a00 JavaThread "Unconstrained build operations Thread 29" [_thread_blocked, id=127395, stack(0x0000000334aa0000,0x0000000334ca3000)]
  0x00000001460dd800 JavaThread "Unconstrained build operations Thread 30" [_thread_blocked, id=47275, stack(0x0000000334cac000,0x0000000334eaf000)]
  0x000000036aea7400 JavaThread "Unconstrained build operations Thread 31" [_thread_blocked, id=96699, stack(0x0000000334eb8000,0x00000003350bb000)]
  0x0000000146372600 JavaThread "Unconstrained build operations Thread 32" [_thread_blocked, id=55139, stack(0x00000003350c4000,0x00000003352c7000)]
  0x00000001466c4200 JavaThread "Unconstrained build operations Thread 33" [_thread_blocked, id=142519, stack(0x00000003352d0000,0x00000003354d3000)]
  0x000000010a2efc00 JavaThread "Unconstrained build operations Thread 34" [_thread_blocked, id=52223, stack(0x00000003354dc000,0x00000003356df000)]
  0x000000010a164800 JavaThread "Unconstrained build operations Thread 35" [_thread_blocked, id=137691, stack(0x00000003356e8000,0x00000003358eb000)]
  0x00000001467d6200 JavaThread "Unconstrained build operations Thread 36" [_thread_blocked, id=170267, stack(0x00000003358f4000,0x0000000335af7000)]
  0x000000014610b600 JavaThread "Unconstrained build operations Thread 37" [_thread_blocked, id=59735, stack(0x0000000335b00000,0x0000000335d03000)]
  0x0000000146324800 JavaThread "Unconstrained build operations Thread 38" [_thread_blocked, id=128855, stack(0x0000000335d0c000,0x0000000335f0f000)]
  0x00000001467a3200 JavaThread "Unconstrained build operations Thread 39" [_thread_blocked, id=89375, stack(0x0000000335f18000,0x000000033611b000)]
  0x000000038809f600 JavaThread "Unconstrained build operations Thread 40" [_thread_blocked, id=248107, stack(0x0000000336124000,0x0000000336327000)]
  0x0000000144a98c00 JavaThread "Unconstrained build operations Thread 41" [_thread_blocked, id=48643, stack(0x0000000336330000,0x0000000336533000)]
  0x0000000144a91a00 JavaThread "Unconstrained build operations Thread 42" [_thread_blocked, id=166743, stack(0x000000033653c000,0x000000033673f000)]
  0x000000036e8d7200 JavaThread "Unconstrained build operations Thread 43" [_thread_blocked, id=84199, stack(0x0000000336748000,0x000000033694b000)]
  0x000000036ea75e00 JavaThread "Unconstrained build operations Thread 44" [_thread_blocked, id=130399, stack(0x0000000336954000,0x0000000336b57000)]
  0x000000036ed5a600 JavaThread "Unconstrained build operations Thread 45" [_thread_blocked, id=163547, stack(0x0000000336b60000,0x0000000336d63000)]
  0x000000036eeea400 JavaThread "Unconstrained build operations Thread 46" [_thread_blocked, id=85799, stack(0x0000000336d6c000,0x0000000336f6f000)]
  0x0000000376340c00 JavaThread "Unconstrained build operations Thread 47" [_thread_blocked, id=150591, stack(0x0000000336f78000,0x000000033717b000)]
  0x0000000376562e00 JavaThread "Unconstrained build operations Thread 48" [_thread_blocked, id=136523, stack(0x0000000337184000,0x0000000337387000)]
  0x000000037612a200 JavaThread "Unconstrained build operations Thread 49" [_thread_blocked, id=64843, stack(0x0000000337390000,0x0000000337593000)]
  0x000000036e8e4400 JavaThread "Unconstrained build operations Thread 50" [_thread_blocked, id=57615, stack(0x000000033759c000,0x000000033779f000)]
  0x0000000376461c00 JavaThread "Unconstrained build operations Thread 51" [_thread_blocked, id=58367, stack(0x00000003377a8000,0x00000003379ab000)]
  0x000000036ef8f200 JavaThread "Unconstrained build operations Thread 52" [_thread_blocked, id=99491, stack(0x00000003379b4000,0x0000000337bb7000)]
  0x0000000385537c00 JavaThread "Unconstrained build operations Thread 53" [_thread_blocked, id=103211, stack(0x0000000337bc0000,0x0000000337dc3000)]
  0x000000038552b800 JavaThread "Unconstrained build operations Thread 54" [_thread_blocked, id=127587, stack(0x0000000337dcc000,0x0000000337fcf000)]
  0x00000001467b0000 JavaThread "Unconstrained build operations Thread 55" [_thread_blocked, id=176243, stack(0x0000000337fd8000,0x00000003381db000)]
  0x000000036ab06400 JavaThread "Unconstrained build operations Thread 56" [_thread_blocked, id=48563, stack(0x00000003381e4000,0x00000003383e7000)]
  0x000000010a770a00 JavaThread "Unconstrained build operations Thread 57" [_thread_blocked, id=57359, stack(0x00000003383f0000,0x00000003385f3000)]
  0x000000036ab06a00 JavaThread "Unconstrained build operations Thread 58" [_thread_blocked, id=77995, stack(0x00000003385fc000,0x00000003387ff000)]
  0x000000036ac39c00 JavaThread "Unconstrained build operations Thread 59" [_thread_blocked, id=190259, stack(0x0000000338808000,0x0000000338a0b000)]
  0x000000036ac3a200 JavaThread "Unconstrained build operations Thread 60" [_thread_blocked, id=69707, stack(0x0000000338a14000,0x0000000338c17000)]
  0x00000001465a3c00 JavaThread "Unconstrained build operations Thread 61" [_thread_blocked, id=181771, stack(0x0000000338c20000,0x0000000338e23000)]
  0x00000001465a3400 JavaThread "Unconstrained build operations Thread 62" [_thread_blocked, id=185259, stack(0x0000000338e2c000,0x000000033902f000)]
  0x000000014669ea00 JavaThread "Unconstrained build operations Thread 63" [_thread_blocked, id=181547, stack(0x0000000339038000,0x000000033923b000)]
  0x000000014669e200 JavaThread "Unconstrained build operations Thread 64" [_thread_blocked, id=64743, stack(0x0000000339404000,0x0000000339607000)]
  0x00000001460f8800 JavaThread "Unconstrained build operations Thread 65" [_thread_blocked, id=111959, stack(0x0000000339610000,0x0000000339813000)]
  0x00000001460f8000 JavaThread "Unconstrained build operations Thread 66" [_thread_blocked, id=130951, stack(0x000000033981c000,0x0000000339a1f000)]
  0x000000010a76c800 JavaThread "Unconstrained build operations Thread 67" [_thread_blocked, id=164867, stack(0x0000000339a28000,0x0000000339c2b000)]
  0x000000010a76c000 JavaThread "Unconstrained build operations Thread 68" [_thread_blocked, id=75019, stack(0x0000000339c34000,0x0000000339e37000)]
  0x000000010a3eaa00 JavaThread "Unconstrained build operations Thread 69" [_thread_blocked, id=59147, stack(0x0000000339e40000,0x000000033a043000)]
  0x0000000376568800 JavaThread "Unconstrained build operations Thread 70" [_thread_blocked, id=241715, stack(0x000000033a04c000,0x000000033a24f000)]
  0x0000000376135200 JavaThread "Unconstrained build operations Thread 71" [_thread_blocked, id=82651, stack(0x000000033a258000,0x000000033a45b000)]
  0x000000036eed5400 JavaThread "Unconstrained build operations Thread 72" [_thread_blocked, id=125259, stack(0x000000033a464000,0x000000033a667000)]
  0x000000036eb43800 JavaThread "Unconstrained build operations Thread 73" [_thread_blocked, id=249319, stack(0x000000033a670000,0x000000033a873000)]
  0x000000036eeefa00 JavaThread "Unconstrained build operations Thread 74" [_thread_blocked, id=199539, stack(0x000000033a87c000,0x000000033aa7f000)]
  0x000000036ebc4400 JavaThread "Unconstrained build operations Thread 75" [_thread_blocked, id=175383, stack(0x000000033aa88000,0x000000033ac8b000)]
  0x0000000146511800 JavaThread "Unconstrained build operations Thread 76" [_thread_blocked, id=106047, stack(0x000000033ac94000,0x000000033ae97000)]
  0x000000036affe800 JavaThread "Unconstrained build operations Thread 77" [_thread_blocked, id=187003, stack(0x000000033f004000,0x000000033f207000)]
  0x000000038552be00 JavaThread "Unconstrained build operations Thread 78" [_thread_blocked, id=35515, stack(0x000000033f210000,0x000000033f413000)]
  0x0000000385537000 JavaThread "Unconstrained build operations Thread 79" [_thread_blocked, id=105827, stack(0x000000033f41c000,0x000000033f61f000)]
  0x000000038552cc00 JavaThread "Unconstrained build operations Thread 80" [_thread_blocked, id=156891, stack(0x000000033f628000,0x000000033f82b000)]
  0x000000038552c400 JavaThread "build event listener" [_thread_blocked, id=191355, stack(0x000000033f834000,0x000000033fa37000)]
  0x00000003763cf600 JavaThread "Unconstrained build operations Thread 81" [_thread_blocked, id=136923, stack(0x000000033fa40000,0x000000033fc43000)]
  0x000000036e9f4c00 JavaThread "Unconstrained build operations Thread 82" [_thread_blocked, id=75339, stack(0x000000033fc4c000,0x000000033fe4f000)]
  0x000000036ea1a200 JavaThread "Unconstrained build operations Thread 83" [_thread_blocked, id=178067, stack(0x0000000350004000,0x0000000350207000)]
  0x000000036ebbe000 JavaThread "Unconstrained build operations Thread 84" [_thread_blocked, id=111659, stack(0x0000000350210000,0x0000000350413000)]
  0x000000036e9b6e00 JavaThread "Unconstrained build operations Thread 85" [_thread_blocked, id=137083, stack(0x000000035041c000,0x000000035061f000)]
  0x000000036e97c200 JavaThread "Unconstrained build operations Thread 86" [_thread_blocked, id=45907, stack(0x0000000350628000,0x000000035082b000)]
  0x000000036ec14600 JavaThread "Unconstrained build operations Thread 87" [_thread_blocked, id=153115, stack(0x0000000350834000,0x0000000350a37000)]
  0x0000000376566a00 JavaThread "Unconstrained build operations Thread 88" [_thread_blocked, id=99155, stack(0x0000000350a40000,0x0000000350c43000)]
  0x00000003765fa200 JavaThread "Unconstrained build operations Thread 89" [_thread_blocked, id=95147, stack(0x0000000350c4c000,0x0000000350e4f000)]
  0x000000036edb8a00 JavaThread "Unconstrained build operations Thread 90" [_thread_blocked, id=183871, stack(0x0000000350e58000,0x000000035105b000)]
  0x0000000376611000 JavaThread "Unconstrained build operations Thread 91" [_thread_blocked, id=113331, stack(0x0000000351064000,0x0000000351267000)]
  0x0000000144968600 JavaThread "Unconstrained build operations Thread 92" [_thread_blocked, id=245411, stack(0x0000000351270000,0x0000000351473000)]
  0x00000003883bda00 JavaThread "Unconstrained build operations Thread 93" [_thread_blocked, id=168603, stack(0x000000035147c000,0x000000035167f000)]
  0x000000036e870400 JavaThread "Unconstrained build operations Thread 94" [_thread_blocked, id=239715, stack(0x0000000351688000,0x000000035188b000)]
  0x000000036eb1bc00 JavaThread "Unconstrained build operations Thread 95" [_thread_blocked, id=55731, stack(0x0000000351894000,0x0000000351a97000)]
  0x000000036eabd600 JavaThread "Unconstrained build operations Thread 96" [_thread_blocked, id=121599, stack(0x0000000351aa0000,0x0000000351ca3000)]
  0x000000036edb1c00 JavaThread "Unconstrained build operations Thread 97" [_thread_blocked, id=49851, stack(0x0000000351cac000,0x0000000351eaf000)]
  0x00000003760ab200 JavaThread "Unconstrained build operations Thread 98" [_thread_blocked, id=44355, stack(0x0000000351eb8000,0x00000003520bb000)]
  0x000000036ecbe800 JavaThread "Unconstrained build operations Thread 99" [_thread_blocked, id=58371, stack(0x00000003520c4000,0x00000003522c7000)]
  0x000000036e9a8000 JavaThread "Unconstrained build operations Thread 100" [_thread_blocked, id=86435, stack(0x00000003522d0000,0x00000003524d3000)]
  0x0000000376122800 JavaThread "Unconstrained build operations Thread 101" [_thread_blocked, id=74667, stack(0x00000003524dc000,0x00000003526df000)]
  0x000000036e9a8600 JavaThread "Unconstrained build operations Thread 102" [_thread_blocked, id=153431, stack(0x00000003526e8000,0x00000003528eb000)]
  0x000000036ebb1c00 JavaThread "Unconstrained build operations Thread 103" [_thread_blocked, id=95267, stack(0x00000003528f4000,0x0000000352af7000)]
  0x0000000385280e00 JavaThread "Unconstrained build operations Thread 104" [_thread_blocked, id=101411, stack(0x0000000352b00000,0x0000000352d03000)]
  0x0000000385281400 JavaThread "Unconstrained build operations Thread 105" [_thread_blocked, id=135339, stack(0x0000000352d0c000,0x0000000352f0f000)]
  0x0000000137883600 JavaThread "Unconstrained build operations Thread 106" [_thread_blocked, id=90803, stack(0x0000000352f18000,0x000000035311b000)]
  0x000000036ebb2200 JavaThread "Problems report writer" [_thread_blocked, id=48299, stack(0x0000000353124000,0x0000000353327000)]
  0x00000003857fc400 JavaThread "Unconstrained build operations Thread 107" [_thread_blocked, id=185011, stack(0x0000000353330000,0x0000000353533000)]
  0x0000000137a4e800 JavaThread "Unconstrained build operations Thread 108" [_thread_blocked, id=143971, stack(0x000000035353c000,0x000000035373f000)]
  0x0000000146511e00 JavaThread "Unconstrained build operations Thread 109" [_thread_blocked, id=158875, stack(0x0000000354804000,0x0000000354a07000)]
  0x000000036affe000 JavaThread "Unconstrained build operations Thread 110" [_thread_blocked, id=257707, stack(0x0000000354c1c000,0x0000000354e1f000)]
  0x000000010a3ea200 JavaThread "Unconstrained build operations Thread 111" [_thread_blocked, id=248771, stack(0x0000000354e28000,0x000000035502b000)]
  0x000000036aff5000 JavaThread "Unconstrained build operations Thread 112" [_thread_blocked, id=249539, stack(0x0000000355034000,0x0000000355237000)]
  0x000000010a753c00 JavaThread "Unconstrained build operations Thread 113" [_thread_blocked, id=41611, stack(0x0000000355240000,0x0000000355443000)]
  0x000000036aff5e00 JavaThread "Unconstrained build operations Thread 114" [_thread_blocked, id=91827, stack(0x000000035544c000,0x000000035564f000)]
  0x000000010a754200 JavaThread "Unconstrained build operations Thread 115" [_thread_blocked, id=73619, stack(0x0000000355658000,0x000000035585b000)]
  0x000000010a753400 JavaThread "Unconstrained build operations Thread 116" [_thread_blocked, id=147455, stack(0x0000000355864000,0x0000000355a67000)]
  0x000000036aff5600 JavaThread "Unconstrained build operations Thread 117" [_thread_blocked, id=198979, stack(0x0000000355a70000,0x0000000355c73000)]
  0x000000036ae17400 JavaThread "Unconstrained build operations Thread 118" [_thread_blocked, id=115175, stack(0x0000000355c7c000,0x0000000355e7f000)]
  0x000000036ae16c00 JavaThread "Unconstrained build operations Thread 119" [_thread_blocked, id=66895, stack(0x0000000355e88000,0x000000035608b000)]
  0x000000036e9b0800 JavaThread "Unconstrained build operations Thread 120" [_thread_blocked, id=254555, stack(0x0000000356094000,0x0000000356297000)]
  0x000000036e9b0e00 JavaThread "Unconstrained build operations Thread 121" [_thread_blocked, id=57091, stack(0x00000003562a0000,0x00000003564a3000)]
  0x000000036ebae200 JavaThread "Unconstrained build operations Thread 122" [_thread_blocked, id=44571, stack(0x00000003564ac000,0x00000003566af000)]
  0x000000036ebada00 JavaThread "Unconstrained build operations Thread 123" [_thread_blocked, id=178947, stack(0x00000003566b8000,0x00000003568bb000)]
  0x0000000137a4ee00 JavaThread "Unconstrained build operations Thread 124" [_thread_blocked, id=129035, stack(0x00000003568c4000,0x0000000356ac7000)]
  0x00000001463a3e00 JavaThread "Unconstrained build operations Thread 125" [_thread_blocked, id=84339, stack(0x0000000356ad0000,0x0000000356cd3000)]
  0x000000036ae16400 JavaThread "Unconstrained build operations Thread 126" [_thread_blocked, id=251731, stack(0x0000000356cdc000,0x0000000356edf000)]
  0x000000036ad0da00 JavaThread "Unconstrained build operations Thread 127" [_thread_blocked, id=245667, stack(0x0000000356ee8000,0x00000003570eb000)]
  0x00000001463a4e00 JavaThread "Unconstrained build operations Thread 128" [_thread_blocked, id=87639, stack(0x00000003570f4000,0x00000003572f7000)]
  0x000000036ad0ea00 JavaThread "Unconstrained build operations Thread 129" [_thread_blocked, id=135643, stack(0x0000000357300000,0x0000000357503000)]
  0x000000036ad0e000 JavaThread "Unconstrained build operations Thread 130" [_thread_blocked, id=150859, stack(0x000000035750c000,0x000000035770f000)]
  0x00000001463a4400 JavaThread "Unconstrained build operations Thread 131" [_thread_blocked, id=114011, stack(0x0000000357924000,0x0000000357b27000)]
  0x00000001467ca200 JavaThread "Unconstrained build operations Thread 132" [_thread_blocked, id=178731, stack(0x000000036a2a0000,0x000000036a4a3000)]
  0x000000036aea9800 JavaThread "Unconstrained build operations Thread 133" [_thread_blocked, id=107611, stack(0x000000036a4ac000,0x000000036a6af000)]
  0x0000000376122000 JavaThread "Unconstrained build operations Thread 134" [_thread_blocked, id=94547, stack(0x000000036b004000,0x000000036b207000)]
  0x000000036ee27200 JavaThread "Unconstrained build operations Thread 135" [_thread_blocked, id=46799, stack(0x000000036b210000,0x000000036b413000)]
  0x000000036ee27800 JavaThread "Unconstrained build operations Thread 136" [_thread_blocked, id=95923, stack(0x000000036b604000,0x000000036b807000)]
  0x000000036ec9ac00 JavaThread "Unconstrained build operations Thread 137" [_thread_blocked, id=142055, stack(0x000000036b810000,0x000000036ba13000)]
  0x000000036ec9b200 JavaThread "Unconstrained build operations Thread 138" [_thread_blocked, id=142747, stack(0x000000036ba1c000,0x000000036bc1f000)]
  0x000000036eaf1c00 JavaThread "Unconstrained build operations Thread 139" [_thread_blocked, id=66211, stack(0x000000036bc28000,0x000000036be2b000)]
  0x000000036ecb5e00 JavaThread "Unconstrained build operations Thread 140" [_thread_blocked, id=187515, stack(0x000000036c004000,0x000000036c207000)]
  0x000000037666be00 JavaThread "Cache worker for execution history cache (/Users/npcapro/Development/autoride_superapp/android/.gradle/8.14.3/executionHistory)" [_thread_blocked, id=120627, stack(0x000000036d604000,0x000000036d807000)]
  0x000000038936c600 JavaThread "WorkerExecutor Queue" [_thread_blocked, id=55371, stack(0x000000036d810000,0x000000036da13000)]
  0x00000001694b1e00 JavaThread "WorkerExecutor Queue Thread 2" [_thread_in_native, id=125483, stack(0x000000036da1c000,0x000000036dc1f000)]
  0x00000001452ffa00 JavaThread "WorkerExecutor Queue Thread 3" [_thread_in_Java, id=72363, stack(0x000000036dc28000,0x000000036de2b000)]
  0x00000001453da200 JavaThread "WorkerExecutor Queue Thread 4" [_thread_in_Java, id=45143, stack(0x000000036e064000,0x000000036e267000)]
  0x0000000388ecac00 JavaThread "WorkerExecutor Queue Thread 5" [_thread_in_Java, id=177499, stack(0x000000036e270000,0x000000036e473000)]
  0x0000000147e15600 JavaThread "WorkerExecutor Queue Thread 6" [_thread_in_Java, id=115675, stack(0x000000036e47c000,0x000000036e67f000)]
  0x0000000147ffe600 JavaThread "WorkerExecutor Queue Thread 7" [_thread_in_native, id=83919, stack(0x0000000373004000,0x0000000373207000)]
  0x000000038e114400 JavaThread "WorkerExecutor Queue Thread 8" [_thread_in_Java, id=160527, stack(0x0000000373404000,0x0000000373607000)]
  0x0000000145269600 JavaThread "WorkerExecutor Queue Thread 10" [_thread_in_Java, id=128683, stack(0x0000000373a10000,0x0000000373c13000)]
  0x000000038e2d5000 JavaThread "WorkerExecutor Queue Thread 11" [_thread_in_Java, id=36523, stack(0x0000000373c1c000,0x0000000373e1f000)]
  0x000000038e13cc00 JavaThread "WorkerExecutor Queue Thread 12" [_thread_in_Java, id=103091, stack(0x0000000373e28000,0x000000037402b000)]
  0x000000038e280800 JavaThread "WorkerExecutor Queue Thread 13" [_thread_blocked, id=81947, stack(0x0000000375804000,0x0000000375a07000)]
  0x0000000133e3c200 JavaThread "WorkerExecutor Queue Thread 14" [_thread_in_Java, id=75555, stack(0x0000000375a10000,0x0000000375c13000)]
  0x0000000169459e00 JavaThread "WorkerExecutor Queue Thread 15" [_thread_blocked, id=91203, stack(0x0000000376dc0000,0x0000000376fc3000)]
  0x000000038e2b5600 JavaThread "Build operations" [_thread_blocked, id=97879, stack(0x0000000377b04000,0x0000000377d07000)]
  0x000000038e104400 JavaThread "Build operations Thread 2" [_thread_blocked, id=108879, stack(0x0000000377fcc000,0x00000003781cf000)]
  0x000000035445b600 JavaThread "Build operations Thread 3" [_thread_blocked, id=168851, stack(0x0000000383798000,0x000000038399b000)]
  0x000000035422e800 JavaThread "Build operations Thread 4" [_thread_blocked, id=69523, stack(0x00000003839a4000,0x0000000383ba7000)]
  0x0000000354498400 JavaThread "Build operations Thread 5" [_thread_blocked, id=53443, stack(0x0000000383bb0000,0x0000000383db3000)]
  0x000000038e031200 JavaThread "Build operations Thread 6" [_thread_blocked, id=87311, stack(0x0000000383dbc000,0x0000000383fbf000)]
  0x0000000145330000 JavaThread "Build operations Thread 7" [_thread_blocked, id=195871, stack(0x0000000383fc8000,0x00000003841cb000)]
  0x0000000145123800 JavaThread "Build operations Thread 8" [_thread_blocked, id=182299, stack(0x0000000384904000,0x0000000384b07000)]
  0x000000036cb24000 JavaThread "Build operations Thread 9" [_thread_blocked, id=165195, stack(0x0000000384b10000,0x0000000384d13000)]
  0x000000036c9e2600 JavaThread "Build operations Thread 10" [_thread_blocked, id=50859, stack(0x0000000385804000,0x0000000385a07000)]
  0x000000036c9d4600 JavaThread "Build operations Thread 11" [_thread_blocked, id=162011, stack(0x0000000385a10000,0x0000000385c13000)]
  0x000000036c9d4c00 JavaThread "Build operations Thread 12" [_thread_blocked, id=56159, stack(0x0000000385c1c000,0x0000000385e1f000)]
  0x000000036ca60400 JavaThread "Build operations Thread 13" [_thread_blocked, id=93039, stack(0x000000038640c000,0x000000038660f000)]
  0x000000036aea9e00 JavaThread "Build operations Thread 14" [_thread_blocked, id=245035, stack(0x0000000389b98000,0x0000000389d9b000)]
  0x000000038aa1c400 JavaThread "Exec process Thread 382" [_thread_blocked, id=90539, stack(0x000000038b004000,0x000000038b207000)]
  0x000000014720da00 JavaThread "Exec process Thread 383" [_thread_blocked, id=92503, stack(0x000000038c004000,0x000000038c207000)]
  0x000000038e030000 JavaThread "Exec process Thread 384" [_thread_blocked, id=165955, stack(0x000000038c210000,0x000000038c413000)]
  0x000000038e0b0800 JavaThread "Exec process Thread 385" [_thread_blocked, id=158503, stack(0x000000038c41c000,0x000000038c61f000)]
  0x000000038a3e8600 JavaThread "process reaper (pid 53967)" daemon [_thread_in_native, id=182971, stack(0x0000000312b5c000,0x0000000312b93000)]
  0x000000036cc3a000 JavaThread "process reaper (pid 53970)" daemon [_thread_in_native, id=257891, stack(0x0000000312b9c000,0x0000000312bd3000)]
  0x0000000168810200 JavaThread "Exec process Thread 386" [_thread_blocked, id=189415, stack(0x00000003904d4000,0x00000003906d7000)]
  0x000000038e0afe00 JavaThread "RMI TCP Connection(233)-127.0.0.1" daemon [_thread_in_native, id=78147, stack(0x000000039104c000,0x000000039124f000)]
  0x0000000388514a00 JavaThread "RMI TCP Connection(234)-127.0.0.1" daemon [_thread_in_native, id=99927, stack(0x0000000391bb8000,0x0000000391dbb000)]
  0x00000003854a8a00 JavaThread "RMI TCP Connection(235)-127.0.0.1" daemon [_thread_in_native, id=67851, stack(0x0000000392594000,0x0000000392797000)]
  0x000000038a8f1400 JavaThread "RMI TCP Connection(236)-127.0.0.1" daemon [_thread_in_native, id=123819, stack(0x0000000393630000,0x0000000393833000)]
  0x0000000145766400 JavaThread "RMI TCP Connection(237)-127.0.0.1" daemon [_thread_in_native, id=141739, stack(0x00000003a3eb4000,0x00000003a40b7000)]
  0x000000038a506800 JavaThread "pool-91-thread-1" [_thread_blocked, id=145043, stack(0x00000003a4a04000,0x00000003a4c07000)]
  0x0000000144db0a00 JavaThread "stderr" [_thread_in_native, id=145407, stack(0x00000003a57bc000,0x00000003a59bf000)]
  0x00000003547fce00 JavaThread "stdout" [_thread_in_native, id=166487, stack(0x00000003a59c8000,0x00000003a5bcb000)]
  0x0000000168936400 JavaThread "stderr" [_thread_in_native, id=54099, stack(0x00000003a5bd4000,0x00000003a5dd7000)]
  0x000000036ab3c200 JavaThread "stdout" [_thread_in_native, id=93339, stack(0x00000003aa004000,0x00000003aa207000)]
  0x000000010a68d800 JavaThread "stderr" [_thread_in_native, id=65907, stack(0x00000003aa210000,0x00000003aa413000)]
  0x0000000144da6400 JavaThread "stderr" [_thread_in_native, id=145875, stack(0x00000003aa41c000,0x00000003aa61f000)]
  0x0000000133f75200 JavaThread "stdout" [_thread_in_native, id=46195, stack(0x00000003aa628000,0x00000003aa82b000)]
  0x000000038e2da600 JavaThread "stderr" [_thread_in_native, id=188943, stack(0x00000003aa834000,0x00000003aaa37000)]
  0x0000000133c12800 JavaThread "stdout" [_thread_in_native, id=47519, stack(0x00000003aaa40000,0x00000003aac43000)]
  0x00000003854a9000 JavaThread "stderr" [_thread_in_native, id=136267, stack(0x00000003aac4c000,0x00000003aae4f000)]
  0x000000038e2ce200 JavaThread "stdout" [_thread_in_native, id=239403, stack(0x00000003aae58000,0x00000003ab05b000)]
  0x00000001464f9e00 JavaThread "stdout" [_thread_in_native, id=74011, stack(0x00000003ab064000,0x00000003ab267000)]
  0x000000038d821a00 JavaThread "stderr" [_thread_in_native, id=164035, stack(0x00000003ab404000,0x00000003ab607000)]
  0x000000038aa7b800 JavaThread "stdout" [_thread_in_native, id=35899, stack(0x00000003abe04000,0x00000003ac007000)]
  0x00000001476b0200 JavaThread "stderr" [_thread_in_native, id=87835, stack(0x00000003ac010000,0x00000003ac213000)]
  0x00000001695d0800 JavaThread "stdout" [_thread_in_native, id=189711, stack(0x00000003ac604000,0x00000003ac807000)]
  0x000000038e7f1200 JavaThread "process reaper" daemon [_thread_blocked, id=194867, stack(0x0000000312bdc000,0x0000000312c13000)]
  0x00000003857d5800 JavaThread "AWT-Shutdown" [_thread_blocked, id=192039, stack(0x00000003b2774000,0x00000003b2977000)]
  0x000000014486c000 JavaThread "AWT-EventQueue-0" [_thread_blocked, id=240411, stack(0x00000003b2980000,0x00000003b2b83000)]
  0x000000014532ec00 JavaThread "process reaper" daemon [_thread_blocked, id=240139, stack(0x0000000312c1c000,0x0000000312c53000)]
  0x0000000388560c00 JavaThread "process reaper" daemon [_thread_blocked, id=241187, stack(0x0000000312c5c000,0x0000000312c93000)]
  0x00000003857d7600 JavaThread "process reaper" daemon [_thread_blocked, id=83103, stack(0x0000000312c9c000,0x0000000312cd3000)]
  0x000000038a9fd400 JavaThread "RMI RenewClean-[127.0.0.1:17110,org.jetbrains.kotlin.daemon.common.LoopbackNetworkInterface$ClientLoopbackSocketFactory@660b6230]" daemon [_thread_blocked, id=159715, stack(0x00000003b2b8c000,0x00000003b2d8f000)]
  0x000000038a2eca00 JavaThread "RMI TCP Connection(238)-127.0.0.1" daemon [_thread_in_native, id=196627, stack(0x00000003b2d98000,0x00000003b2f9b000)]
  0x000000038e546a00 JavaThread "Keep-Alive-Timer" daemon [_thread_blocked, id=79135, stack(0x0000000378304000,0x0000000378507000)]

Other Threads:
  0x0000000102721490 VMThread "VM Thread" [stack: 0x000000016e96c000,0x000000016eb6f000] [id=19971]
  0x0000000134643290 WatcherThread [stack: 0x0000000310210000,0x0000000310413000] [id=28675]
  0x00000001446297e0 GCTaskThread "GC Thread#0" [stack: 0x000000016df30000,0x000000016e133000] [id=14595]
  0x00000001346608f0 GCTaskThread "GC Thread#1" [stack: 0x000000031041c000,0x000000031061f000] [id=24579]
  0x0000000134661150 GCTaskThread "GC Thread#2" [stack: 0x0000000310628000,0x000000031082b000] [id=24835]
  0x000000014585a340 GCTaskThread "GC Thread#3" [stack: 0x0000000310834000,0x0000000310a37000] [id=25091]
  0x000000014585afa0 GCTaskThread "GC Thread#4" [stack: 0x0000000310a40000,0x0000000310c43000] [id=25347]
  0x000000014585bd80 GCTaskThread "GC Thread#5" [stack: 0x0000000310c4c000,0x0000000310e4f000] [id=25859]
  0x000000014585ca40 GCTaskThread "GC Thread#6" [stack: 0x0000000310e58000,0x000000031105b000] [id=26371]
  0x000000014585d700 GCTaskThread "GC Thread#7" [stack: 0x0000000311064000,0x0000000311267000] [id=27139]
  0x000000014585e3c0 GCTaskThread "GC Thread#8" [stack: 0x0000000311270000,0x0000000311473000] [id=26627]
  0x000000014585f080 GCTaskThread "GC Thread#9" [stack: 0x000000031147c000,0x000000031167f000] [id=43267]
  0x000000014585fd40 GCTaskThread "GC Thread#10" [stack: 0x0000000311688000,0x000000031188b000] [id=33283]
  0x00000001458081e0 ConcurrentGCThread "G1 Main Marker" [stack: 0x000000016e13c000,0x000000016e33f000] [id=13059]
  0x0000000145808ec0 ConcurrentGCThread "G1 Conc#0" [stack: 0x000000016e348000,0x000000016e54b000] [id=14339]
  0x00000001446a9ad0 ConcurrentGCThread "G1 Conc#1" [stack: 0x0000000312d0c000,0x0000000312f0f000] [id=37123]
  0x00000001446a9f50 ConcurrentGCThread "G1 Conc#2" [stack: 0x0000000312f18000,0x000000031311b000] [id=41219]
  0x0000000145826e90 ConcurrentGCThread "G1 Refine#0" [stack: 0x000000016e554000,0x000000016e757000] [id=16643]
  0x0000000134008f40 ConcurrentGCThread "G1 Refine#1" [stack: 0x0000000369c7c000,0x0000000369e7f000] [id=171779]
  0x0000000136eb6d70 ConcurrentGCThread "G1 Refine#2" [stack: 0x0000000369e88000,0x000000036a08b000] [id=134659]
  0x0000000144568150 ConcurrentGCThread "G1 Refine#3" [stack: 0x000000036a094000,0x000000036a297000] [id=171011]
  0x0000000109f0d590 ConcurrentGCThread "G1 Refine#4" [stack: 0x000000036c47c000,0x000000036c67f000] [id=138243]
  0x0000000145ff32d0 ConcurrentGCThread "G1 Refine#5" [stack: 0x000000036d004000,0x000000036d207000] [id=167683]
  0x0000000169b0ccd0 ConcurrentGCThread "G1 Refine#6" [stack: 0x000000036d210000,0x000000036d413000] [id=139267]
  0x0000000375fa5580 ConcurrentGCThread "G1 Refine#7" [stack: 0x000000036c270000,0x000000036c473000] [id=159251]
  0x000000036e7cbca0 ConcurrentGCThread "G1 Refine#8" [stack: 0x0000000383380000,0x0000000383583000] [id=155907]
  0x0000000375fa8990 ConcurrentGCThread "G1 Refine#9" [stack: 0x000000038358c000,0x000000038378f000] [id=155651]
  0x000000036c7c3570 ConcurrentGCThread "G1 Refine#10" [stack: 0x000000038e804000,0x000000038ea07000] [id=155139]
  0x0000000145827bc0 ConcurrentGCThread "G1 Service" [stack: 0x000000016e760000,0x000000016e963000] [id=21507]

Threads with active compile tasks:
C2 CompilerThread0  15608592 176395       4       com.intellij.lang.java.parser.BasicPrattExpressionParser::parsePrimaryExpressionStart (700 bytes)
C1 CompilerThread0  15608592 177694 % !   3       org.jetbrains.uast.kotlin.FirKotlinUastResolveProviderService::resolveSyntheticJavaPropertyAccessorCall @ 1958 (2441 bytes)

VM state: not at safepoint (normal execution)

VM Mutex/Monitor currently owned by a thread: None

Heap address: 0x0000000600000000, size: 8192 MB, Compressed Oops mode: Zero based, Oop shift amount: 3

CDS archive(s) not mapped
Compressed class space mapped at: 0x0000000800000000-0x0000000840000000, reserved size: 1073741824
Narrow klass base: 0x0000000800000000, Narrow klass shift: 0, Narrow klass range: 0x40000000

GC Precious Log:
 CPUs: 14 total, 14 available
 Memory: 36864M
 Large Page Support: Disabled
 NUMA Support: Disabled
 Compressed Oops: Enabled (Zero based)
 Heap Region Size: 4M
 Heap Min Capacity: 8M
 Heap Initial Capacity: 576M
 Heap Max Capacity: 8G
 Pre-touch: Disabled
 Parallel Workers: 11
 Concurrent Workers: 3
 Concurrent Refinement Workers: 11
 Periodic GC: Disabled

Heap:
 garbage-first heap   total 5050368K, used 1099722K [0x0000000600000000, 0x0000000800000000)
  region size 4096K, 96 young (393216K), 28 survivors (114688K)
 Metaspace       used 364437K, committed 369088K, reserved 1441792K
  class space    used 47551K, committed 50048K, reserved 1048576K

Heap Regions: E=young(eden), S=young(survivor), O=old, HS=humongous(starts), HC=humongous(continues), CS=collection set, F=free, OA=open archive, CA=closed archive, TAMS=top-at-mark-start (previous, next)
|   0|0x0000000600000000, 0x0000000600400000, 0x0000000600400000|100%|HS|  |TAMS 0x0000000600400000, 0x0000000600400000| Complete 
|   1|0x0000000600400000, 0x00000006007fffb8, 0x0000000600800000| 99%| O|  |TAMS 0x00000006007fffb8, 0x00000006007fffb8| Untracked 
|   2|0x0000000600800000, 0x0000000600c00000, 0x0000000600c00000|100%| O|  |TAMS 0x0000000600c00000, 0x0000000600c00000| Untracked 
|   3|0x0000000600c00000, 0x0000000600fffff8, 0x0000000601000000| 99%| O|  |TAMS 0x0000000600fffff8, 0x0000000600fffff8| Untracked 
|   4|0x0000000601000000, 0x00000006013ffff8, 0x0000000601400000| 99%| O|  |TAMS 0x00000006013ffff8, 0x00000006013ffff8| Untracked 
|   5|0x0000000601400000, 0x00000006017fffb0, 0x0000000601800000| 99%| O|  |TAMS 0x00000006017fffb0, 0x00000006017fffb0| Untracked 
|   6|0x0000000601800000, 0x0000000601bdf250, 0x0000000601c00000| 96%| O|  |TAMS 0x0000000601bdf250, 0x0000000601bdf250| Untracked 
|   7|0x0000000601c00000, 0x0000000602000000, 0x0000000602000000|100%| O|  |TAMS 0x0000000602000000, 0x0000000602000000| Untracked 
|   8|0x0000000602000000, 0x00000006023fffb0, 0x0000000602400000| 99%| O|  |TAMS 0x00000006023fffb0, 0x00000006023fffb0| Untracked 
|   9|0x0000000602400000, 0x0000000602800000, 0x0000000602800000|100%| O|  |TAMS 0x0000000602800000, 0x0000000602800000| Untracked 
|  10|0x0000000602800000, 0x0000000602bfffd8, 0x0000000602c00000| 99%| O|  |TAMS 0x0000000602bfffd8, 0x0000000602bfffd8| Untracked 
|  11|0x0000000602c00000, 0x0000000602fffff0, 0x0000000603000000| 99%| O|  |TAMS 0x0000000602fffff0, 0x0000000602fffff0| Untracked 
|  12|0x0000000603000000, 0x00000006033ffa60, 0x0000000603400000| 99%| O|  |TAMS 0x00000006033ffa60, 0x00000006033ffa60| Untracked 
|  13|0x0000000603400000, 0x00000006035a5810, 0x0000000603800000| 41%| O|  |TAMS 0x00000006035a5810, 0x00000006035a5810| Untracked 
|  14|0x0000000603800000, 0x0000000603bff790, 0x0000000603c00000| 99%| O|  |TAMS 0x0000000603bff790, 0x0000000603bff790| Untracked 
|  15|0x0000000603c00000, 0x0000000603fffff0, 0x0000000604000000| 99%| O|  |TAMS 0x0000000603fffff0, 0x0000000603fffff0| Untracked 
|  16|0x0000000604000000, 0x0000000604400000, 0x0000000604400000|100%| O|  |TAMS 0x0000000604400000, 0x0000000604400000| Untracked 
|  17|0x0000000604400000, 0x00000006047fffd8, 0x0000000604800000| 99%| O|  |TAMS 0x00000006047fffd8, 0x00000006047fffd8| Untracked 
|  18|0x0000000604800000, 0x0000000604bffff8, 0x0000000604c00000| 99%| O|  |TAMS 0x0000000604bffff8, 0x0000000604bffff8| Untracked 
|  19|0x0000000604c00000, 0x0000000604fffff0, 0x0000000605000000| 99%| O|  |TAMS 0x0000000604fffff0, 0x0000000604fffff0| Untracked 
|  20|0x0000000605000000, 0x00000006053ffff8, 0x0000000605400000| 99%| O|  |TAMS 0x00000006053ffff8, 0x00000006053ffff8| Untracked 
|  21|0x0000000605400000, 0x00000006057fffc0, 0x0000000605800000| 99%| O|  |TAMS 0x00000006057fffc0, 0x00000006057fffc0| Untracked 
|  22|0x0000000605800000, 0x0000000605c00000, 0x0000000605c00000|100%| O|  |TAMS 0x0000000605c00000, 0x0000000605c00000| Untracked 
|  23|0x0000000605c00000, 0x0000000605ffffe8, 0x0000000606000000| 99%| O|  |TAMS 0x0000000605ffffe8, 0x0000000605ffffe8| Untracked 
|  24|0x0000000606000000, 0x0000000606400000, 0x0000000606400000|100%| O|  |TAMS 0x0000000606400000, 0x0000000606400000| Untracked 
|  25|0x0000000606400000, 0x0000000606800000, 0x0000000606800000|100%| O|  |TAMS 0x0000000606800000, 0x0000000606800000| Untracked 
|  26|0x0000000606800000, 0x0000000606bfff80, 0x0000000606c00000| 99%| O|  |TAMS 0x0000000606bfff80, 0x0000000606bfff80| Untracked 
|  27|0x0000000606c00000, 0x0000000606fff1d8, 0x0000000607000000| 99%| O|  |TAMS 0x0000000606fff1d8, 0x0000000606fff1d8| Untracked 
|  28|0x0000000607000000, 0x00000006073ecf90, 0x0000000607400000| 98%| O|  |TAMS 0x00000006073ecf90, 0x00000006073ecf90| Untracked 
|  29|0x0000000607400000, 0x00000006077ffff8, 0x0000000607800000| 99%| O|  |TAMS 0x00000006077ffff8, 0x00000006077ffff8| Untracked 
|  30|0x0000000607800000, 0x0000000607be8e18, 0x0000000607c00000| 97%| O|  |TAMS 0x0000000607be8e18, 0x0000000607be8e18| Untracked 
|  31|0x0000000607c00000, 0x0000000608000000, 0x0000000608000000|100%| O|  |TAMS 0x0000000608000000, 0x0000000608000000| Untracked 
|  32|0x0000000608000000, 0x00000006083ffff8, 0x0000000608400000| 99%| O|  |TAMS 0x00000006083ffff8, 0x00000006083ffff8| Untracked 
|  33|0x0000000608400000, 0x00000006087fffb8, 0x0000000608800000| 99%| O|  |TAMS 0x00000006087fffb8, 0x00000006087fffb8| Untracked 
|  34|0x0000000608800000, 0x0000000608bfff10, 0x0000000608c00000| 99%| O|  |TAMS 0x0000000608bfff10, 0x0000000608bfff10| Untracked 
|  35|0x0000000608c00000, 0x0000000608fffff8, 0x0000000609000000| 99%| O|  |TAMS 0x0000000608fffff8, 0x0000000608fffff8| Untracked 
|  36|0x0000000609000000, 0x00000006093fffe0, 0x0000000609400000| 99%| O|  |TAMS 0x00000006093fffe0, 0x00000006093fffe0| Untracked 
|  37|0x0000000609400000, 0x00000006097fffd0, 0x0000000609800000| 99%| O|  |TAMS 0x00000006097fffd0, 0x00000006097fffd0| Untracked 
|  38|0x0000000609800000, 0x0000000609bffff8, 0x0000000609c00000| 99%| O|  |TAMS 0x0000000609bffff8, 0x0000000609bffff8| Untracked 
|  39|0x0000000609c00000, 0x0000000609fffff8, 0x000000060a000000| 99%| O|  |TAMS 0x0000000609fffff8, 0x0000000609fffff8| Untracked 
|  40|0x000000060a000000, 0x000000060a400000, 0x000000060a400000|100%| O|  |TAMS 0x000000060a400000, 0x000000060a400000| Untracked 
|  41|0x000000060a400000, 0x000000060a7ffff8, 0x000000060a800000| 99%| O|  |TAMS 0x000000060a7ffff8, 0x000000060a7ffff8| Untracked 
|  42|0x000000060a800000, 0x000000060aab4680, 0x000000060ac00000| 67%| O|  |TAMS 0x000000060aab4680, 0x000000060aab4680| Untracked 
|  43|0x000000060ac00000, 0x000000060b000000, 0x000000060b000000|100%| O|  |TAMS 0x000000060b000000, 0x000000060b000000| Untracked 
|  44|0x000000060b000000, 0x000000060b3fffe8, 0x000000060b400000| 99%| O|  |TAMS 0x000000060b3fffe8, 0x000000060b3fffe8| Untracked 
|  45|0x000000060b400000, 0x000000060b7fffa8, 0x000000060b800000| 99%| O|  |TAMS 0x000000060b7fffa8, 0x000000060b7fffa8| Untracked 
|  46|0x000000060b800000, 0x000000060bbffff0, 0x000000060bc00000| 99%| O|  |TAMS 0x000000060bbffff0, 0x000000060bbffff0| Untracked 
|  47|0x000000060bc00000, 0x000000060bfffff0, 0x000000060c000000| 99%| O|  |TAMS 0x000000060bfffff0, 0x000000060bfffff0| Untracked 
|  48|0x000000060c000000, 0x000000060c3ffff8, 0x000000060c400000| 99%| O|  |TAMS 0x000000060c3ffff8, 0x000000060c3ffff8| Untracked 
|  49|0x000000060c400000, 0x000000060c7fffd0, 0x000000060c800000| 99%| O|  |TAMS 0x000000060c7fffd0, 0x000000060c7fffd0| Untracked 
|  50|0x000000060c800000, 0x000000060cbe6c58, 0x000000060cc00000| 97%| O|  |TAMS 0x000000060cbe6c58, 0x000000060cbe6c58| Untracked 
|  51|0x000000060cc00000, 0x000000060cefbe88, 0x000000060d000000| 74%| O|  |TAMS 0x000000060cefbe88, 0x000000060cefbe88| Untracked 
|  52|0x000000060d000000, 0x000000060d400000, 0x000000060d400000|100%| O|  |TAMS 0x000000060d400000, 0x000000060d400000| Untracked 
|  53|0x000000060d400000, 0x000000060d800000, 0x000000060d800000|100%| O|  |TAMS 0x000000060d800000, 0x000000060d800000| Untracked 
|  54|0x000000060d800000, 0x000000060dc00000, 0x000000060dc00000|100%| O|  |TAMS 0x000000060dc00000, 0x000000060dc00000| Untracked 
|  55|0x000000060dc00000, 0x000000060dffffe8, 0x000000060e000000| 99%| O|  |TAMS 0x000000060dffffe8, 0x000000060dffffe8| Untracked 
|  56|0x000000060e000000, 0x000000060e400000, 0x000000060e400000|100%| O|  |TAMS 0x000000060e400000, 0x000000060e400000| Untracked 
|  57|0x000000060e400000, 0x000000060e800000, 0x000000060e800000|100%| O|  |TAMS 0x000000060e400000, 0x000000060e800000| Untracked 
|  58|0x000000060e800000, 0x000000060ec00000, 0x000000060ec00000|100%| O|  |TAMS 0x000000060ec00000, 0x000000060ec00000| Untracked 
|  59|0x000000060ec00000, 0x000000060f000000, 0x000000060f000000|100%| O|  |TAMS 0x000000060f000000, 0x000000060f000000| Untracked 
|  60|0x000000060f000000, 0x000000060f400000, 0x000000060f400000|100%| O|  |TAMS 0x000000060f400000, 0x000000060f400000| Untracked 
|  61|0x000000060f400000, 0x000000060f7ffff8, 0x000000060f800000| 99%| O|  |TAMS 0x000000060f7ffff8, 0x000000060f7ffff8| Untracked 
|  62|0x000000060f800000, 0x000000060fc00000, 0x000000060fc00000|100%| O|  |TAMS 0x000000060fc00000, 0x000000060fc00000| Untracked 
|  63|0x000000060fc00000, 0x0000000610000000, 0x0000000610000000|100%| O|  |TAMS 0x0000000610000000, 0x0000000610000000| Untracked 
|  64|0x0000000610000000, 0x0000000610400000, 0x0000000610400000|100%| O|  |TAMS 0x0000000610400000, 0x0000000610400000| Untracked 
|  65|0x0000000610400000, 0x0000000610800000, 0x0000000610800000|100%|HS|  |TAMS 0x0000000610800000, 0x0000000610800000| Complete 
|  66|0x0000000610800000, 0x0000000610c00000, 0x0000000610c00000|100%| O|  |TAMS 0x0000000610c00000, 0x0000000610c00000| Untracked 
|  67|0x0000000610c00000, 0x0000000611000000, 0x0000000611000000|100%| O|  |TAMS 0x0000000611000000, 0x0000000611000000| Untracked 
|  68|0x0000000611000000, 0x0000000611400000, 0x0000000611400000|100%| O|  |TAMS 0x0000000611400000, 0x0000000611400000| Untracked 
|  69|0x0000000611400000, 0x0000000611800000, 0x0000000611800000|100%| O|  |TAMS 0x0000000611800000, 0x0000000611800000| Untracked 
|  70|0x0000000611800000, 0x0000000611c00000, 0x0000000611c00000|100%| O|  |TAMS 0x0000000611800000, 0x0000000611c00000| Untracked 
|  71|0x0000000611c00000, 0x0000000612000000, 0x0000000612000000|100%| O|  |TAMS 0x0000000612000000, 0x0000000612000000| Untracked 
|  72|0x0000000612000000, 0x0000000612400000, 0x0000000612400000|100%| O|  |TAMS 0x0000000612400000, 0x0000000612400000| Untracked 
|  73|0x0000000612400000, 0x0000000612400000, 0x0000000612800000|  0%| F|  |TAMS 0x0000000612400000, 0x0000000612400000| Untracked 
|  74|0x0000000612800000, 0x0000000612c00000, 0x0000000612c00000|100%|HS|  |TAMS 0x0000000612c00000, 0x0000000612c00000| Complete 
|  75|0x0000000612c00000, 0x0000000613000000, 0x0000000613000000|100%|HC|  |TAMS 0x0000000613000000, 0x0000000613000000| Complete 
|  76|0x0000000613000000, 0x0000000613400000, 0x0000000613400000|100%| O|  |TAMS 0x0000000613400000, 0x0000000613400000| Untracked 
|  77|0x0000000613400000, 0x0000000613400000, 0x0000000613800000|  0%| F|  |TAMS 0x0000000613400000, 0x0000000613400000| Untracked 
|  78|0x0000000613800000, 0x0000000613c00000, 0x0000000613c00000|100%| O|  |TAMS 0x0000000613800000, 0x0000000613c00000| Untracked 
|  79|0x0000000613c00000, 0x0000000613c00000, 0x0000000614000000|  0%| F|  |TAMS 0x0000000613c00000, 0x0000000613c00000| Untracked 
|  80|0x0000000614000000, 0x0000000614400000, 0x0000000614400000|100%| O|  |TAMS 0x0000000614400000, 0x0000000614400000| Untracked 
|  81|0x0000000614400000, 0x0000000614400000, 0x0000000614800000|  0%| F|  |TAMS 0x0000000614400000, 0x0000000614400000| Untracked 
|  82|0x0000000614800000, 0x0000000614c00000, 0x0000000614c00000|100%| O|  |TAMS 0x0000000614800000, 0x0000000614c00000| Untracked 
|  83|0x0000000614c00000, 0x0000000615000000, 0x0000000615000000|100%| O|  |TAMS 0x0000000615000000, 0x0000000615000000| Untracked 
|  84|0x0000000615000000, 0x0000000615400000, 0x0000000615400000|100%| O|  |TAMS 0x0000000615400000, 0x0000000615400000| Untracked 
|  85|0x0000000615400000, 0x0000000615800000, 0x0000000615800000|100%| O|  |TAMS 0x0000000615800000, 0x0000000615800000| Untracked 
|  86|0x0000000615800000, 0x0000000615c00000, 0x0000000615c00000|100%| O|  |TAMS 0x0000000615c00000, 0x0000000615c00000| Untracked 
|  87|0x0000000615c00000, 0x0000000616000000, 0x0000000616000000|100%| O|  |TAMS 0x0000000616000000, 0x0000000616000000| Untracked 
|  88|0x0000000616000000, 0x0000000616400000, 0x0000000616400000|100%| O|  |TAMS 0x0000000616400000, 0x0000000616400000| Untracked 
|  89|0x0000000616400000, 0x0000000616800000, 0x0000000616800000|100%| O|  |TAMS 0x0000000616800000, 0x0000000616800000| Untracked 
|  90|0x0000000616800000, 0x0000000616800000, 0x0000000616c00000|  0%| F|  |TAMS 0x0000000616800000, 0x0000000616800000| Untracked 
|  91|0x0000000616c00000, 0x0000000617000000, 0x0000000617000000|100%| O|  |TAMS 0x0000000617000000, 0x0000000617000000| Untracked 
|  92|0x0000000617000000, 0x0000000617400000, 0x0000000617400000|100%| O|  |TAMS 0x0000000617400000, 0x0000000617400000| Untracked 
|  93|0x0000000617400000, 0x0000000617800000, 0x0000000617800000|100%| O|  |TAMS 0x0000000617800000, 0x0000000617800000| Untracked 
|  94|0x0000000617800000, 0x0000000617c00000, 0x0000000617c00000|100%| O|  |TAMS 0x0000000617c00000, 0x0000000617c00000| Untracked 
|  95|0x0000000617c00000, 0x0000000618000000, 0x0000000618000000|100%| O|  |TAMS 0x0000000618000000, 0x0000000618000000| Untracked 
|  96|0x0000000618000000, 0x0000000618400000, 0x0000000618400000|100%| O|  |TAMS 0x0000000618400000, 0x0000000618400000| Untracked 
|  97|0x0000000618400000, 0x0000000618800000, 0x0000000618800000|100%| O|  |TAMS 0x0000000618800000, 0x0000000618800000| Untracked 
|  98|0x0000000618800000, 0x0000000618c00000, 0x0000000618c00000|100%| O|  |TAMS 0x0000000618c00000, 0x0000000618c00000| Untracked 
|  99|0x0000000618c00000, 0x0000000619000000, 0x0000000619000000|100%| O|  |TAMS 0x0000000618c00000, 0x0000000619000000| Untracked 
| 100|0x0000000619000000, 0x0000000619400000, 0x0000000619400000|100%| O|  |TAMS 0x0000000619000000, 0x0000000619400000| Untracked 
| 101|0x0000000619400000, 0x0000000619800000, 0x0000000619800000|100%| O|  |TAMS 0x0000000619800000, 0x0000000619800000| Untracked 
| 102|0x0000000619800000, 0x0000000619c00000, 0x0000000619c00000|100%| O|  |TAMS 0x0000000619c00000, 0x0000000619c00000| Untracked 
| 103|0x0000000619c00000, 0x000000061a000000, 0x000000061a000000|100%| O|  |TAMS 0x000000061a000000, 0x000000061a000000| Untracked 
| 104|0x000000061a000000, 0x000000061a400000, 0x000000061a400000|100%| O|  |TAMS 0x000000061a000000, 0x000000061a400000| Untracked 
| 105|0x000000061a400000, 0x000000061a800000, 0x000000061a800000|100%| O|  |TAMS 0x000000061a400000, 0x000000061a800000| Untracked 
| 106|0x000000061a800000, 0x000000061ac00000, 0x000000061ac00000|100%| O|  |TAMS 0x000000061ac00000, 0x000000061ac00000| Untracked 
| 107|0x000000061ac00000, 0x000000061b000000, 0x000000061b000000|100%| O|  |TAMS 0x000000061b000000, 0x000000061b000000| Untracked 
| 108|0x000000061b000000, 0x000000061b400000, 0x000000061b400000|100%| O|  |TAMS 0x000000061b000000, 0x000000061b400000| Untracked 
| 109|0x000000061b400000, 0x000000061b800000, 0x000000061b800000|100%| O|  |TAMS 0x000000061b800000, 0x000000061b800000| Untracked 
| 110|0x000000061b800000, 0x000000061bc00000, 0x000000061bc00000|100%| O|  |TAMS 0x000000061bc00000, 0x000000061bc00000| Untracked 
| 111|0x000000061bc00000, 0x000000061c000000, 0x000000061c000000|100%| O|  |TAMS 0x000000061c000000, 0x000000061c000000| Untracked 
| 112|0x000000061c000000, 0x000000061c400000, 0x000000061c400000|100%| O|  |TAMS 0x000000061c400000, 0x000000061c400000| Untracked 
| 113|0x000000061c400000, 0x000000061c800000, 0x000000061c800000|100%|HS|  |TAMS 0x000000061c800000, 0x000000061c800000| Complete 
| 114|0x000000061c800000, 0x000000061cc00000, 0x000000061cc00000|100%|HC|  |TAMS 0x000000061cc00000, 0x000000061cc00000| Complete 
| 115|0x000000061cc00000, 0x000000061d000000, 0x000000061d000000|100%|HC|  |TAMS 0x000000061d000000, 0x000000061d000000| Complete 
| 116|0x000000061d000000, 0x000000061d400000, 0x000000061d400000|100%|HS|  |TAMS 0x000000061d000000, 0x000000061d400000| Complete 
| 117|0x000000061d400000, 0x000000061d800000, 0x000000061d800000|100%|HC|  |TAMS 0x000000061d400000, 0x000000061d800000| Complete 
| 118|0x000000061d800000, 0x000000061dc00000, 0x000000061dc00000|100%|HC|  |TAMS 0x000000061d800000, 0x000000061dc00000| Complete 
| 119|0x000000061dc00000, 0x000000061e000000, 0x000000061e000000|100%| O|  |TAMS 0x000000061e000000, 0x000000061e000000| Untracked 
| 120|0x000000061e000000, 0x000000061e400000, 0x000000061e400000|100%| O|  |TAMS 0x000000061e000000, 0x000000061e400000| Untracked 
| 121|0x000000061e400000, 0x000000061e800000, 0x000000061e800000|100%| O|  |TAMS 0x000000061e400000, 0x000000061e800000| Untracked 
| 122|0x000000061e800000, 0x000000061ec00000, 0x000000061ec00000|100%| O|  |TAMS 0x000000061e800000, 0x000000061ec00000| Untracked 
| 123|0x000000061ec00000, 0x000000061f000000, 0x000000061f000000|100%| O|  |TAMS 0x000000061f000000, 0x000000061f000000| Untracked 
| 124|0x000000061f000000, 0x000000061f400000, 0x000000061f400000|100%| O|  |TAMS 0x000000061f000000, 0x000000061f400000| Untracked 
| 125|0x000000061f400000, 0x000000061f800000, 0x000000061f800000|100%| O|  |TAMS 0x000000061f800000, 0x000000061f800000| Untracked 
| 126|0x000000061f800000, 0x000000061fc00000, 0x000000061fc00000|100%| O|  |TAMS 0x000000061fc00000, 0x000000061fc00000| Untracked 
| 127|0x000000061fc00000, 0x0000000620000000, 0x0000000620000000|100%| O|  |TAMS 0x0000000620000000, 0x0000000620000000| Untracked 
| 128|0x0000000620000000, 0x0000000620400000, 0x0000000620400000|100%| O|  |TAMS 0x0000000620400000, 0x0000000620400000| Untracked 
| 129|0x0000000620400000, 0x0000000620800000, 0x0000000620800000|100%| O|  |TAMS 0x0000000620800000, 0x0000000620800000| Untracked 
| 130|0x0000000620800000, 0x0000000620c00000, 0x0000000620c00000|100%| O|  |TAMS 0x0000000620c00000, 0x0000000620c00000| Untracked 
| 131|0x0000000620c00000, 0x0000000621000000, 0x0000000621000000|100%| O|  |TAMS 0x0000000621000000, 0x0000000621000000| Untracked 
| 132|0x0000000621000000, 0x0000000621400000, 0x0000000621400000|100%| O|  |TAMS 0x0000000621400000, 0x0000000621400000| Untracked 
| 133|0x0000000621400000, 0x00000006217fffc8, 0x0000000621800000| 99%| O|  |TAMS 0x00000006217fffc8, 0x00000006217fffc8| Untracked 
| 134|0x0000000621800000, 0x0000000621c00000, 0x0000000621c00000|100%| O|  |TAMS 0x0000000621c00000, 0x0000000621c00000| Untracked 
| 135|0x0000000621c00000, 0x0000000622000000, 0x0000000622000000|100%| O|  |TAMS 0x0000000622000000, 0x0000000622000000| Untracked 
| 136|0x0000000622000000, 0x0000000622400000, 0x0000000622400000|100%| O|  |TAMS 0x0000000622400000, 0x0000000622400000| Untracked 
| 137|0x0000000622400000, 0x0000000622800000, 0x0000000622800000|100%| O|  |TAMS 0x0000000622800000, 0x0000000622800000| Untracked 
| 138|0x0000000622800000, 0x0000000622c00000, 0x0000000622c00000|100%| O|  |TAMS 0x0000000622c00000, 0x0000000622c00000| Untracked 
| 139|0x0000000622c00000, 0x0000000623000000, 0x0000000623000000|100%| O|  |TAMS 0x0000000623000000, 0x0000000623000000| Untracked 
| 140|0x0000000623000000, 0x0000000623400000, 0x0000000623400000|100%| O|  |TAMS 0x00000006232a8400, 0x0000000623400000| Untracked 
| 141|0x0000000623400000, 0x0000000623800000, 0x0000000623800000|100%| O|  |TAMS 0x0000000623400000, 0x0000000623800000| Untracked 
| 142|0x0000000623800000, 0x0000000623c00000, 0x0000000623c00000|100%| O|  |TAMS 0x0000000623800000, 0x0000000623c00000| Untracked 
| 143|0x0000000623c00000, 0x0000000624000000, 0x0000000624000000|100%| O|  |TAMS 0x0000000623c00000, 0x0000000624000000| Untracked 
| 144|0x0000000624000000, 0x0000000624400000, 0x0000000624400000|100%| O|  |TAMS 0x0000000624000000, 0x0000000624400000| Untracked 
| 145|0x0000000624400000, 0x0000000624800000, 0x0000000624800000|100%| O|  |TAMS 0x0000000624400000, 0x0000000624800000| Untracked 
| 146|0x0000000624800000, 0x0000000624c00000, 0x0000000624c00000|100%| O|  |TAMS 0x0000000624800000, 0x0000000624c00000| Untracked 
| 147|0x0000000624c00000, 0x0000000625000000, 0x0000000625000000|100%| O|  |TAMS 0x0000000624c00000, 0x0000000625000000| Untracked 
| 148|0x0000000625000000, 0x0000000625400000, 0x0000000625400000|100%| O|  |TAMS 0x0000000625000000, 0x0000000625400000| Untracked 
| 149|0x0000000625400000, 0x0000000625800000, 0x0000000625800000|100%| O|  |TAMS 0x0000000625400000, 0x0000000625800000| Untracked 
| 150|0x0000000625800000, 0x0000000625b61600, 0x0000000625c00000| 84%| O|  |TAMS 0x0000000625b61600, 0x0000000625b61600| Untracked 
| 151|0x0000000625c00000, 0x0000000626000000, 0x0000000626000000|100%| O|  |TAMS 0x0000000625c00000, 0x0000000626000000| Untracked 
| 152|0x0000000626000000, 0x0000000626400000, 0x0000000626400000|100%|HS|  |TAMS 0x0000000626400000, 0x0000000626400000| Complete 
| 153|0x0000000626400000, 0x0000000626800000, 0x0000000626800000|100%|HS|  |TAMS 0x0000000626800000, 0x0000000626800000| Complete 
| 154|0x0000000626800000, 0x0000000626c00000, 0x0000000626c00000|100%| O|  |TAMS 0x0000000626800000, 0x0000000626c00000| Untracked 
| 155|0x0000000626c00000, 0x0000000627000000, 0x0000000627000000|100%| O|  |TAMS 0x0000000626c00000, 0x0000000627000000| Untracked 
| 156|0x0000000627000000, 0x0000000627400000, 0x0000000627400000|100%| O|  |TAMS 0x0000000627000000, 0x0000000627400000| Untracked 
| 157|0x0000000627400000, 0x0000000627800000, 0x0000000627800000|100%| O|  |TAMS 0x0000000627400000, 0x0000000627800000| Untracked 
| 158|0x0000000627800000, 0x0000000627c00000, 0x0000000627c00000|100%| O|  |TAMS 0x0000000627800000, 0x0000000627c00000| Untracked 
| 159|0x0000000627c00000, 0x0000000628000000, 0x0000000628000000|100%| O|  |TAMS 0x0000000627c00000, 0x0000000628000000| Untracked 
| 160|0x0000000628000000, 0x0000000628400000, 0x0000000628400000|100%| O|  |TAMS 0x0000000628000000, 0x0000000628400000| Untracked 
| 161|0x0000000628400000, 0x0000000628800000, 0x0000000628800000|100%| O|  |TAMS 0x0000000628400000, 0x0000000628800000| Untracked 
| 162|0x0000000628800000, 0x0000000628c00000, 0x0000000628c00000|100%| O|  |TAMS 0x0000000628800000, 0x0000000628c00000| Untracked 
| 163|0x0000000628c00000, 0x0000000629000000, 0x0000000629000000|100%| O|  |TAMS 0x0000000628c00000, 0x0000000629000000| Untracked 
| 164|0x0000000629000000, 0x0000000629400000, 0x0000000629400000|100%| O|  |TAMS 0x0000000629000000, 0x0000000629400000| Untracked 
| 165|0x0000000629400000, 0x0000000629800000, 0x0000000629800000|100%| O|  |TAMS 0x0000000629400000, 0x0000000629800000| Untracked 
| 166|0x0000000629800000, 0x0000000629c00000, 0x0000000629c00000|100%| O|  |TAMS 0x0000000629800000, 0x0000000629c00000| Untracked 
| 167|0x0000000629c00000, 0x000000062a000000, 0x000000062a000000|100%| O|  |TAMS 0x0000000629c00000, 0x000000062a000000| Untracked 
| 168|0x000000062a000000, 0x000000062a400000, 0x000000062a400000|100%| O|  |TAMS 0x000000062a000000, 0x000000062a400000| Untracked 
| 169|0x000000062a400000, 0x000000062a800000, 0x000000062a800000|100%| O|  |TAMS 0x000000062a400000, 0x000000062a800000| Untracked 
| 170|0x000000062a800000, 0x000000062ac00000, 0x000000062ac00000|100%| O|  |TAMS 0x000000062a800000, 0x000000062ac00000| Untracked 
| 171|0x000000062ac00000, 0x000000062b000000, 0x000000062b000000|100%| O|  |TAMS 0x000000062ac00000, 0x000000062b000000| Untracked 
| 172|0x000000062b000000, 0x000000062b400000, 0x000000062b400000|100%| O|  |TAMS 0x000000062b000000, 0x000000062b400000| Untracked 
| 173|0x000000062b400000, 0x000000062b503800, 0x000000062b800000| 25%| O|  |TAMS 0x000000062b400000, 0x000000062b503800| Untracked 
| 174|0x000000062b800000, 0x000000062bc00000, 0x000000062bc00000|100%| O|  |TAMS 0x000000062bc00000, 0x000000062bc00000| Untracked 
| 175|0x000000062bc00000, 0x000000062bc00000, 0x000000062c000000|  0%| F|  |TAMS 0x000000062bc00000, 0x000000062bc00000| Untracked 
| 176|0x000000062c000000, 0x000000062c000000, 0x000000062c400000|  0%| F|  |TAMS 0x000000062c000000, 0x000000062c000000| Untracked 
| 177|0x000000062c400000, 0x000000062c400000, 0x000000062c800000|  0%| F|  |TAMS 0x000000062c400000, 0x000000062c400000| Untracked 
| 178|0x000000062c800000, 0x000000062c800000, 0x000000062cc00000|  0%| F|  |TAMS 0x000000062c800000, 0x000000062c800000| Untracked 
| 179|0x000000062cc00000, 0x000000062cc00000, 0x000000062d000000|  0%| F|  |TAMS 0x000000062cc00000, 0x000000062cc00000| Untracked 
| 180|0x000000062d000000, 0x000000062d000000, 0x000000062d400000|  0%| F|  |TAMS 0x000000062d000000, 0x000000062d000000| Untracked 
| 181|0x000000062d400000, 0x000000062d400000, 0x000000062d800000|  0%| F|  |TAMS 0x000000062d400000, 0x000000062d400000| Untracked 
| 182|0x000000062d800000, 0x000000062d800000, 0x000000062dc00000|  0%| F|  |TAMS 0x000000062d800000, 0x000000062d800000| Untracked 
| 183|0x000000062dc00000, 0x000000062dc00000, 0x000000062e000000|  0%| F|  |TAMS 0x000000062dc00000, 0x000000062dc00000| Untracked 
| 184|0x000000062e000000, 0x000000062e000000, 0x000000062e400000|  0%| F|  |TAMS 0x000000062e000000, 0x000000062e000000| Untracked 
| 185|0x000000062e400000, 0x000000062e400000, 0x000000062e800000|  0%| F|  |TAMS 0x000000062e400000, 0x000000062e400000| Untracked 
| 186|0x000000062e800000, 0x000000062e800000, 0x000000062ec00000|  0%| F|  |TAMS 0x000000062e800000, 0x000000062e800000| Untracked 
| 187|0x000000062ec00000, 0x000000062ec00000, 0x000000062f000000|  0%| F|  |TAMS 0x000000062ec00000, 0x000000062ec00000| Untracked 
| 188|0x000000062f000000, 0x000000062f000000, 0x000000062f400000|  0%| F|  |TAMS 0x000000062f000000, 0x000000062f000000| Untracked 
| 189|0x000000062f400000, 0x000000062f800000, 0x000000062f800000|100%| O|  |TAMS 0x000000062f800000, 0x000000062f800000| Untracked 
| 190|0x000000062f800000, 0x000000062f800000, 0x000000062fc00000|  0%| F|  |TAMS 0x000000062f800000, 0x000000062f800000| Untracked 
| 191|0x000000062fc00000, 0x000000062fc00000, 0x0000000630000000|  0%| F|  |TAMS 0x000000062fc00000, 0x000000062fc00000| Untracked 
| 192|0x0000000630000000, 0x0000000630000000, 0x0000000630400000|  0%| F|  |TAMS 0x0000000630000000, 0x0000000630000000| Untracked 
| 193|0x0000000630400000, 0x0000000630400000, 0x0000000630800000|  0%| F|  |TAMS 0x0000000630400000, 0x0000000630400000| Untracked 
| 194|0x0000000630800000, 0x0000000630c00000, 0x0000000630c00000|100%| O|  |TAMS 0x0000000630c00000, 0x0000000630c00000| Untracked 
| 195|0x0000000630c00000, 0x0000000630c00000, 0x0000000631000000|  0%| F|  |TAMS 0x0000000630c00000, 0x0000000630c00000| Untracked 
| 196|0x0000000631000000, 0x0000000631000000, 0x0000000631400000|  0%| F|  |TAMS 0x0000000631000000, 0x0000000631000000| Untracked 
| 197|0x0000000631400000, 0x0000000631400000, 0x0000000631800000|  0%| F|  |TAMS 0x0000000631400000, 0x0000000631400000| Untracked 
| 198|0x0000000631800000, 0x0000000631800000, 0x0000000631c00000|  0%| F|  |TAMS 0x0000000631800000, 0x0000000631800000| Untracked 
| 199|0x0000000631c00000, 0x0000000631c00000, 0x0000000632000000|  0%| F|  |TAMS 0x0000000631c00000, 0x0000000631c00000| Untracked 
| 200|0x0000000632000000, 0x0000000632000000, 0x0000000632400000|  0%| F|  |TAMS 0x0000000632000000, 0x0000000632000000| Untracked 
| 201|0x0000000632400000, 0x0000000632400000, 0x0000000632800000|  0%| F|  |TAMS 0x0000000632400000, 0x0000000632400000| Untracked 
| 202|0x0000000632800000, 0x0000000632800000, 0x0000000632c00000|  0%| F|  |TAMS 0x0000000632800000, 0x0000000632800000| Untracked 
| 203|0x0000000632c00000, 0x0000000632c00000, 0x0000000633000000|  0%| F|  |TAMS 0x0000000632c00000, 0x0000000632c00000| Untracked 
| 204|0x0000000633000000, 0x0000000633000000, 0x0000000633400000|  0%| F|  |TAMS 0x0000000633000000, 0x0000000633000000| Untracked 
| 205|0x0000000633400000, 0x0000000633400000, 0x0000000633800000|  0%| F|  |TAMS 0x0000000633400000, 0x0000000633400000| Untracked 
| 206|0x0000000633800000, 0x0000000633800000, 0x0000000633c00000|  0%| F|  |TAMS 0x0000000633800000, 0x0000000633800000| Untracked 
| 207|0x0000000633c00000, 0x0000000633c00000, 0x0000000634000000|  0%| F|  |TAMS 0x0000000633c00000, 0x0000000633c00000| Untracked 
| 208|0x0000000634000000, 0x0000000634000000, 0x0000000634400000|  0%| F|  |TAMS 0x0000000634000000, 0x0000000634000000| Untracked 
| 209|0x0000000634400000, 0x0000000634400000, 0x0000000634800000|  0%| F|  |TAMS 0x0000000634400000, 0x0000000634400000| Untracked 
| 210|0x0000000634800000, 0x0000000634800000, 0x0000000634c00000|  0%| F|  |TAMS 0x0000000634800000, 0x0000000634800000| Untracked 
| 211|0x0000000634c00000, 0x0000000634c00000, 0x0000000635000000|  0%| F|  |TAMS 0x0000000634c00000, 0x0000000634c00000| Untracked 
| 212|0x0000000635000000, 0x0000000635000000, 0x0000000635400000|  0%| F|  |TAMS 0x0000000635000000, 0x0000000635000000| Untracked 
| 213|0x0000000635400000, 0x0000000635400000, 0x0000000635800000|  0%| F|  |TAMS 0x0000000635400000, 0x0000000635400000| Untracked 
| 214|0x0000000635800000, 0x0000000635800000, 0x0000000635c00000|  0%| F|  |TAMS 0x0000000635800000, 0x0000000635800000| Untracked 
| 215|0x0000000635c00000, 0x0000000635c00000, 0x0000000636000000|  0%| F|  |TAMS 0x0000000635c00000, 0x0000000635c00000| Untracked 
| 216|0x0000000636000000, 0x0000000636000000, 0x0000000636400000|  0%| F|  |TAMS 0x0000000636000000, 0x0000000636000000| Untracked 
| 217|0x0000000636400000, 0x0000000636400000, 0x0000000636800000|  0%| F|  |TAMS 0x0000000636400000, 0x0000000636400000| Untracked 
| 218|0x0000000636800000, 0x0000000636800000, 0x0000000636c00000|  0%| F|  |TAMS 0x0000000636800000, 0x0000000636800000| Untracked 
| 219|0x0000000636c00000, 0x0000000636c00000, 0x0000000637000000|  0%| F|  |TAMS 0x0000000636c00000, 0x0000000636c00000| Untracked 
| 220|0x0000000637000000, 0x0000000637000000, 0x0000000637400000|  0%| F|  |TAMS 0x0000000637000000, 0x0000000637000000| Untracked 
| 221|0x0000000637400000, 0x0000000637400000, 0x0000000637800000|  0%| F|  |TAMS 0x0000000637400000, 0x0000000637400000| Untracked 
| 222|0x0000000637800000, 0x0000000637800000, 0x0000000637c00000|  0%| F|  |TAMS 0x0000000637800000, 0x0000000637800000| Untracked 
| 223|0x0000000637c00000, 0x0000000637c00000, 0x0000000638000000|  0%| F|  |TAMS 0x0000000637c00000, 0x0000000637c00000| Untracked 
| 224|0x0000000638000000, 0x0000000638000000, 0x0000000638400000|  0%| F|  |TAMS 0x0000000638000000, 0x0000000638000000| Untracked 
| 225|0x0000000638400000, 0x0000000638400000, 0x0000000638800000|  0%| F|  |TAMS 0x0000000638400000, 0x0000000638400000| Untracked 
| 226|0x0000000638800000, 0x0000000638800000, 0x0000000638c00000|  0%| F|  |TAMS 0x0000000638800000, 0x0000000638800000| Untracked 
| 227|0x0000000638c00000, 0x0000000638c00000, 0x0000000639000000|  0%| F|  |TAMS 0x0000000638c00000, 0x0000000638c00000| Untracked 
| 228|0x0000000639000000, 0x0000000639000000, 0x0000000639400000|  0%| F|  |TAMS 0x0000000639000000, 0x0000000639000000| Untracked 
| 229|0x0000000639400000, 0x0000000639400000, 0x0000000639800000|  0%| F|  |TAMS 0x0000000639400000, 0x0000000639400000| Untracked 
| 230|0x0000000639800000, 0x0000000639bfff70, 0x0000000639c00000| 99%| O|  |TAMS 0x0000000639bfff70, 0x0000000639bfff70| Untracked 
| 231|0x0000000639c00000, 0x0000000639c00000, 0x000000063a000000|  0%| F|  |TAMS 0x0000000639c00000, 0x0000000639c00000| Untracked 
| 232|0x000000063a000000, 0x000000063a000000, 0x000000063a400000|  0%| F|  |TAMS 0x000000063a000000, 0x000000063a000000| Untracked 
| 233|0x000000063a400000, 0x000000063a400000, 0x000000063a800000|  0%| F|  |TAMS 0x000000063a400000, 0x000000063a400000| Untracked 
| 234|0x000000063a800000, 0x000000063a800000, 0x000000063ac00000|  0%| F|  |TAMS 0x000000063a800000, 0x000000063a800000| Untracked 
| 235|0x000000063ac00000, 0x000000063ac00000, 0x000000063b000000|  0%| F|  |TAMS 0x000000063ac00000, 0x000000063ac00000| Untracked 
| 236|0x000000063b000000, 0x000000063b000000, 0x000000063b400000|  0%| F|  |TAMS 0x000000063b000000, 0x000000063b000000| Untracked 
| 237|0x000000063b400000, 0x000000063b400000, 0x000000063b800000|  0%| F|  |TAMS 0x000000063b400000, 0x000000063b400000| Untracked 
| 238|0x000000063b800000, 0x000000063b800000, 0x000000063bc00000|  0%| F|  |TAMS 0x000000063b800000, 0x000000063b800000| Untracked 
| 239|0x000000063bc00000, 0x000000063bc00000, 0x000000063c000000|  0%| F|  |TAMS 0x000000063bc00000, 0x000000063bc00000| Untracked 
| 240|0x000000063c000000, 0x000000063c000000, 0x000000063c400000|  0%| F|  |TAMS 0x000000063c000000, 0x000000063c000000| Untracked 
| 241|0x000000063c400000, 0x000000063c400000, 0x000000063c800000|  0%| F|  |TAMS 0x000000063c400000, 0x000000063c400000| Untracked 
| 242|0x000000063c800000, 0x000000063c800000, 0x000000063cc00000|  0%| F|  |TAMS 0x000000063c800000, 0x000000063c800000| Untracked 
| 243|0x000000063cc00000, 0x000000063cc00000, 0x000000063d000000|  0%| F|  |TAMS 0x000000063cc00000, 0x000000063cc00000| Untracked 
| 244|0x000000063d000000, 0x000000063d000000, 0x000000063d400000|  0%| F|  |TAMS 0x000000063d000000, 0x000000063d000000| Untracked 
| 245|0x000000063d400000, 0x000000063d400000, 0x000000063d800000|  0%| F|  |TAMS 0x000000063d400000, 0x000000063d400000| Untracked 
| 246|0x000000063d800000, 0x000000063d800000, 0x000000063dc00000|  0%| F|  |TAMS 0x000000063d800000, 0x000000063d800000| Untracked 
| 247|0x000000063dc00000, 0x000000063dc00000, 0x000000063e000000|  0%| F|  |TAMS 0x000000063dc00000, 0x000000063dc00000| Untracked 
| 248|0x000000063e000000, 0x000000063e000000, 0x000000063e400000|  0%| F|  |TAMS 0x000000063e000000, 0x000000063e000000| Untracked 
| 249|0x000000063e400000, 0x000000063e400000, 0x000000063e800000|  0%| F|  |TAMS 0x000000063e400000, 0x000000063e400000| Untracked 
| 250|0x000000063e800000, 0x000000063e800000, 0x000000063ec00000|  0%| F|  |TAMS 0x000000063e800000, 0x000000063e800000| Untracked 
| 251|0x000000063ec00000, 0x000000063ec00000, 0x000000063f000000|  0%| F|  |TAMS 0x000000063ec00000, 0x000000063ec00000| Untracked 
| 252|0x000000063f000000, 0x000000063f000000, 0x000000063f400000|  0%| F|  |TAMS 0x000000063f000000, 0x000000063f000000| Untracked 
| 253|0x000000063f400000, 0x000000063f400000, 0x000000063f800000|  0%| F|  |TAMS 0x000000063f400000, 0x000000063f400000| Untracked 
| 254|0x000000063f800000, 0x000000063f800000, 0x000000063fc00000|  0%| F|  |TAMS 0x000000063f800000, 0x000000063f800000| Untracked 
| 255|0x000000063fc00000, 0x000000063fc00000, 0x0000000640000000|  0%| F|  |TAMS 0x000000063fc00000, 0x000000063fc00000| Untracked 
| 256|0x0000000640000000, 0x0000000640000000, 0x0000000640400000|  0%| F|  |TAMS 0x0000000640000000, 0x0000000640000000| Untracked 
| 257|0x0000000640400000, 0x0000000640400000, 0x0000000640800000|  0%| F|  |TAMS 0x0000000640400000, 0x0000000640400000| Untracked 
| 258|0x0000000640800000, 0x0000000640800000, 0x0000000640c00000|  0%| F|  |TAMS 0x0000000640800000, 0x0000000640800000| Untracked 
| 259|0x0000000640c00000, 0x0000000640c00000, 0x0000000641000000|  0%| F|  |TAMS 0x0000000640c00000, 0x0000000640c00000| Untracked 
| 260|0x0000000641000000, 0x0000000641000000, 0x0000000641400000|  0%| F|  |TAMS 0x0000000641000000, 0x0000000641000000| Untracked 
| 261|0x0000000641400000, 0x0000000641400000, 0x0000000641800000|  0%| F|  |TAMS 0x0000000641400000, 0x0000000641400000| Untracked 
| 262|0x0000000641800000, 0x0000000641800000, 0x0000000641c00000|  0%| F|  |TAMS 0x0000000641800000, 0x0000000641800000| Untracked 
| 263|0x0000000641c00000, 0x0000000641c00000, 0x0000000642000000|  0%| F|  |TAMS 0x0000000641c00000, 0x0000000641c00000| Untracked 
| 264|0x0000000642000000, 0x0000000642000000, 0x0000000642400000|  0%| F|  |TAMS 0x0000000642000000, 0x0000000642000000| Untracked 
| 265|0x0000000642400000, 0x0000000642400000, 0x0000000642800000|  0%| F|  |TAMS 0x0000000642400000, 0x0000000642400000| Untracked 
| 266|0x0000000642800000, 0x0000000642800000, 0x0000000642c00000|  0%| F|  |TAMS 0x0000000642800000, 0x0000000642800000| Untracked 
| 267|0x0000000642c00000, 0x0000000642c00000, 0x0000000643000000|  0%| F|  |TAMS 0x0000000642c00000, 0x0000000642c00000| Untracked 
| 268|0x0000000643000000, 0x0000000643000000, 0x0000000643400000|  0%| F|  |TAMS 0x0000000643000000, 0x0000000643000000| Untracked 
| 269|0x0000000643400000, 0x0000000643400000, 0x0000000643800000|  0%| F|  |TAMS 0x0000000643400000, 0x0000000643400000| Untracked 
| 270|0x0000000643800000, 0x0000000643800000, 0x0000000643c00000|  0%| F|  |TAMS 0x0000000643800000, 0x0000000643800000| Untracked 
| 271|0x0000000643c00000, 0x0000000643c00000, 0x0000000644000000|  0%| F|  |TAMS 0x0000000643c00000, 0x0000000643c00000| Untracked 
| 272|0x0000000644000000, 0x0000000644000000, 0x0000000644400000|  0%| F|  |TAMS 0x0000000644000000, 0x0000000644000000| Untracked 
| 273|0x0000000644400000, 0x0000000644400000, 0x0000000644800000|  0%| F|  |TAMS 0x0000000644400000, 0x0000000644400000| Untracked 
| 274|0x0000000644800000, 0x0000000644800000, 0x0000000644c00000|  0%| F|  |TAMS 0x0000000644800000, 0x0000000644800000| Untracked 
| 275|0x0000000644c00000, 0x0000000644c00000, 0x0000000645000000|  0%| F|  |TAMS 0x0000000644c00000, 0x0000000644c00000| Untracked 
| 276|0x0000000645000000, 0x0000000645000000, 0x0000000645400000|  0%| F|  |TAMS 0x0000000645000000, 0x0000000645000000| Untracked 
| 277|0x0000000645400000, 0x0000000645400000, 0x0000000645800000|  0%| F|  |TAMS 0x0000000645400000, 0x0000000645400000| Untracked 
| 278|0x0000000645800000, 0x0000000645800000, 0x0000000645c00000|  0%| F|  |TAMS 0x0000000645800000, 0x0000000645800000| Untracked 
| 279|0x0000000645c00000, 0x0000000645c00000, 0x0000000646000000|  0%| F|  |TAMS 0x0000000645c00000, 0x0000000645c00000| Untracked 
| 280|0x0000000646000000, 0x0000000646000000, 0x0000000646400000|  0%| F|  |TAMS 0x0000000646000000, 0x0000000646000000| Untracked 
| 281|0x0000000646400000, 0x0000000646400000, 0x0000000646800000|  0%| F|  |TAMS 0x0000000646400000, 0x0000000646400000| Untracked 
| 282|0x0000000646800000, 0x0000000646800000, 0x0000000646c00000|  0%| F|  |TAMS 0x0000000646800000, 0x0000000646800000| Untracked 
| 283|0x0000000646c00000, 0x0000000646c00000, 0x0000000647000000|  0%| F|  |TAMS 0x0000000646c00000, 0x0000000646c00000| Untracked 
| 284|0x0000000647000000, 0x0000000647000000, 0x0000000647400000|  0%| F|  |TAMS 0x0000000647000000, 0x0000000647000000| Untracked 
| 285|0x0000000647400000, 0x0000000647400000, 0x0000000647800000|  0%| F|  |TAMS 0x0000000647400000, 0x0000000647400000| Untracked 
| 286|0x0000000647800000, 0x0000000647800000, 0x0000000647c00000|  0%| F|  |TAMS 0x0000000647800000, 0x0000000647800000| Untracked 
| 287|0x0000000647c00000, 0x0000000647c00000, 0x0000000648000000|  0%| F|  |TAMS 0x0000000647c00000, 0x0000000647c00000| Untracked 
| 288|0x0000000648000000, 0x0000000648000000, 0x0000000648400000|  0%| F|  |TAMS 0x0000000648000000, 0x0000000648000000| Untracked 
| 289|0x0000000648400000, 0x0000000648400000, 0x0000000648800000|  0%| F|  |TAMS 0x0000000648400000, 0x0000000648400000| Untracked 
| 290|0x0000000648800000, 0x0000000648800000, 0x0000000648c00000|  0%| F|  |TAMS 0x0000000648800000, 0x0000000648800000| Untracked 
| 291|0x0000000648c00000, 0x0000000648c00000, 0x0000000649000000|  0%| F|  |TAMS 0x0000000648c00000, 0x0000000648c00000| Untracked 
| 292|0x0000000649000000, 0x0000000649000000, 0x0000000649400000|  0%| F|  |TAMS 0x0000000649000000, 0x0000000649000000| Untracked 
| 293|0x0000000649400000, 0x0000000649400000, 0x0000000649800000|  0%| F|  |TAMS 0x0000000649400000, 0x0000000649400000| Untracked 
| 294|0x0000000649800000, 0x0000000649800000, 0x0000000649c00000|  0%| F|  |TAMS 0x0000000649800000, 0x0000000649800000| Untracked 
| 295|0x0000000649c00000, 0x0000000649c00000, 0x000000064a000000|  0%| F|  |TAMS 0x0000000649c00000, 0x0000000649c00000| Untracked 
| 296|0x000000064a000000, 0x000000064a000000, 0x000000064a400000|  0%| F|  |TAMS 0x000000064a000000, 0x000000064a000000| Untracked 
| 297|0x000000064a400000, 0x000000064a400000, 0x000000064a800000|  0%| F|  |TAMS 0x000000064a400000, 0x000000064a400000| Untracked 
| 298|0x000000064a800000, 0x000000064a800000, 0x000000064ac00000|  0%| F|  |TAMS 0x000000064a800000, 0x000000064a800000| Untracked 
| 299|0x000000064ac00000, 0x000000064ac00000, 0x000000064b000000|  0%| F|  |TAMS 0x000000064ac00000, 0x000000064ac00000| Untracked 
| 300|0x000000064b000000, 0x000000064b000000, 0x000000064b400000|  0%| F|  |TAMS 0x000000064b000000, 0x000000064b000000| Untracked 
| 301|0x000000064b400000, 0x000000064b400000, 0x000000064b800000|  0%| F|  |TAMS 0x000000064b400000, 0x000000064b400000| Untracked 
| 302|0x000000064b800000, 0x000000064b800000, 0x000000064bc00000|  0%| F|  |TAMS 0x000000064b800000, 0x000000064b800000| Untracked 
| 303|0x000000064bc00000, 0x000000064bc00000, 0x000000064c000000|  0%| F|  |TAMS 0x000000064bc00000, 0x000000064bc00000| Untracked 
| 304|0x000000064c000000, 0x000000064c000000, 0x000000064c400000|  0%| F|  |TAMS 0x000000064c000000, 0x000000064c000000| Untracked 
| 305|0x000000064c400000, 0x000000064c400000, 0x000000064c800000|  0%| F|  |TAMS 0x000000064c400000, 0x000000064c400000| Untracked 
| 306|0x000000064c800000, 0x000000064c800000, 0x000000064cc00000|  0%| F|  |TAMS 0x000000064c800000, 0x000000064c800000| Untracked 
| 307|0x000000064cc00000, 0x000000064d000000, 0x000000064d000000|100%| S|CS|TAMS 0x000000064cc00000, 0x000000064cc00000| Complete 
| 308|0x000000064d000000, 0x000000064d400000, 0x000000064d400000|100%| S|CS|TAMS 0x000000064d000000, 0x000000064d000000| Complete 
| 309|0x000000064d400000, 0x000000064d800000, 0x000000064d800000|100%| S|CS|TAMS 0x000000064d400000, 0x000000064d400000| Complete 
| 310|0x000000064d800000, 0x000000064dc00000, 0x000000064dc00000|100%| S|CS|TAMS 0x000000064d800000, 0x000000064d800000| Complete 
| 311|0x000000064dc00000, 0x000000064e000000, 0x000000064e000000|100%| S|CS|TAMS 0x000000064dc00000, 0x000000064dc00000| Complete 
| 312|0x000000064e000000, 0x000000064e400000, 0x000000064e400000|100%| S|CS|TAMS 0x000000064e000000, 0x000000064e000000| Complete 
| 313|0x000000064e400000, 0x000000064e800000, 0x000000064e800000|100%| S|CS|TAMS 0x000000064e400000, 0x000000064e400000| Complete 
| 314|0x000000064e800000, 0x000000064ec00000, 0x000000064ec00000|100%| S|CS|TAMS 0x000000064e800000, 0x000000064e800000| Complete 
| 315|0x000000064ec00000, 0x000000064f000000, 0x000000064f000000|100%| S|CS|TAMS 0x000000064ec00000, 0x000000064ec00000| Complete 
| 316|0x000000064f000000, 0x000000064f400000, 0x000000064f400000|100%| S|CS|TAMS 0x000000064f000000, 0x000000064f000000| Complete 
| 317|0x000000064f400000, 0x000000064f800000, 0x000000064f800000|100%| S|CS|TAMS 0x000000064f400000, 0x000000064f400000| Complete 
| 318|0x000000064f800000, 0x000000064fc00000, 0x000000064fc00000|100%| S|CS|TAMS 0x000000064f800000, 0x000000064f800000| Complete 
| 319|0x000000064fc00000, 0x0000000650000000, 0x0000000650000000|100%| S|CS|TAMS 0x000000064fc00000, 0x000000064fc00000| Complete 
| 320|0x0000000650000000, 0x0000000650400000, 0x0000000650400000|100%| S|CS|TAMS 0x0000000650000000, 0x0000000650000000| Complete 
| 321|0x0000000650400000, 0x0000000650800000, 0x0000000650800000|100%| S|CS|TAMS 0x0000000650400000, 0x0000000650400000| Complete 
| 322|0x0000000650800000, 0x0000000650c00000, 0x0000000650c00000|100%| S|CS|TAMS 0x0000000650800000, 0x0000000650800000| Complete 
| 323|0x0000000650c00000, 0x0000000651000000, 0x0000000651000000|100%| S|CS|TAMS 0x0000000650c00000, 0x0000000650c00000| Complete 
| 324|0x0000000651000000, 0x0000000651400000, 0x0000000651400000|100%| S|CS|TAMS 0x0000000651000000, 0x0000000651000000| Complete 
| 325|0x0000000651400000, 0x0000000651800000, 0x0000000651800000|100%| S|CS|TAMS 0x0000000651400000, 0x0000000651400000| Complete 
| 326|0x0000000651800000, 0x0000000651c00000, 0x0000000651c00000|100%| S|CS|TAMS 0x0000000651800000, 0x0000000651800000| Complete 
| 327|0x0000000651c00000, 0x0000000652000000, 0x0000000652000000|100%| O|  |TAMS 0x0000000652000000, 0x0000000652000000| Untracked 
| 328|0x0000000652000000, 0x0000000652400000, 0x0000000652400000|100%| S|CS|TAMS 0x0000000652000000, 0x0000000652000000| Complete 
| 329|0x0000000652400000, 0x0000000652800000, 0x0000000652800000|100%| S|CS|TAMS 0x0000000652400000, 0x0000000652400000| Complete 
| 330|0x0000000652800000, 0x0000000652c00000, 0x0000000652c00000|100%| S|CS|TAMS 0x0000000652800000, 0x0000000652800000| Complete 
| 331|0x0000000652c00000, 0x0000000653000000, 0x0000000653000000|100%| S|CS|TAMS 0x0000000652c00000, 0x0000000652c00000| Complete 
| 332|0x0000000653000000, 0x0000000653400000, 0x0000000653400000|100%| S|CS|TAMS 0x0000000653000000, 0x0000000653000000| Complete 
| 333|0x0000000653400000, 0x0000000653800000, 0x0000000653800000|100%| S|CS|TAMS 0x0000000653400000, 0x0000000653400000| Complete 
| 334|0x0000000653800000, 0x0000000653c00000, 0x0000000653c00000|100%| S|CS|TAMS 0x0000000653800000, 0x0000000653800000| Complete 
| 335|0x0000000653c00000, 0x0000000654000000, 0x0000000654000000|100%| S|CS|TAMS 0x0000000653c00000, 0x0000000653c00000| Complete 
| 336|0x0000000654000000, 0x0000000654000000, 0x0000000654400000|  0%| F|  |TAMS 0x0000000654000000, 0x0000000654000000| Untracked 
| 337|0x0000000654400000, 0x0000000654400000, 0x0000000654800000|  0%| F|  |TAMS 0x0000000654400000, 0x0000000654400000| Untracked 
| 338|0x0000000654800000, 0x0000000654800000, 0x0000000654c00000|  0%| F|  |TAMS 0x0000000654800000, 0x0000000654800000| Untracked 
| 339|0x0000000654c00000, 0x0000000654c00000, 0x0000000655000000|  0%| F|  |TAMS 0x0000000654c00000, 0x0000000654c00000| Untracked 
| 340|0x0000000655000000, 0x0000000655000000, 0x0000000655400000|  0%| F|  |TAMS 0x0000000655000000, 0x0000000655000000| Untracked 
| 341|0x0000000655400000, 0x0000000655400000, 0x0000000655800000|  0%| F|  |TAMS 0x0000000655400000, 0x0000000655400000| Untracked 
| 342|0x0000000655800000, 0x0000000655800000, 0x0000000655c00000|  0%| F|  |TAMS 0x0000000655800000, 0x0000000655800000| Untracked 
| 343|0x0000000655c00000, 0x0000000655c00000, 0x0000000656000000|  0%| F|  |TAMS 0x0000000655c00000, 0x0000000655c00000| Untracked 
| 344|0x0000000656000000, 0x0000000656000000, 0x0000000656400000|  0%| F|  |TAMS 0x0000000656000000, 0x0000000656000000| Untracked 
| 345|0x0000000656400000, 0x0000000656400000, 0x0000000656800000|  0%| F|  |TAMS 0x0000000656400000, 0x0000000656400000| Untracked 
| 346|0x0000000656800000, 0x0000000656800000, 0x0000000656c00000|  0%| F|  |TAMS 0x0000000656800000, 0x0000000656800000| Untracked 
| 347|0x0000000656c00000, 0x0000000656c00000, 0x0000000657000000|  0%| F|  |TAMS 0x0000000656c00000, 0x0000000656c00000| Untracked 
| 348|0x0000000657000000, 0x0000000657000000, 0x0000000657400000|  0%| F|  |TAMS 0x0000000657000000, 0x0000000657000000| Untracked 
| 349|0x0000000657400000, 0x0000000657800000, 0x0000000657800000|100%| O|  |TAMS 0x0000000657800000, 0x0000000657800000| Untracked 
| 350|0x0000000657800000, 0x0000000657800000, 0x0000000657c00000|  0%| F|  |TAMS 0x0000000657800000, 0x0000000657800000| Untracked 
| 351|0x0000000657c00000, 0x0000000657c00000, 0x0000000658000000|  0%| F|  |TAMS 0x0000000657c00000, 0x0000000657c00000| Untracked 
| 352|0x0000000658000000, 0x0000000658000000, 0x0000000658400000|  0%| F|  |TAMS 0x0000000658000000, 0x0000000658000000| Untracked 
| 353|0x0000000658400000, 0x0000000658400000, 0x0000000658800000|  0%| F|  |TAMS 0x0000000658400000, 0x0000000658400000| Untracked 
| 354|0x0000000658800000, 0x0000000658800000, 0x0000000658c00000|  0%| F|  |TAMS 0x0000000658800000, 0x0000000658800000| Untracked 
| 355|0x0000000658c00000, 0x0000000658c00000, 0x0000000659000000|  0%| F|  |TAMS 0x0000000658c00000, 0x0000000658c00000| Untracked 
| 356|0x0000000659000000, 0x0000000659000000, 0x0000000659400000|  0%| F|  |TAMS 0x0000000659000000, 0x0000000659000000| Untracked 
| 357|0x0000000659400000, 0x0000000659400000, 0x0000000659800000|  0%| F|  |TAMS 0x0000000659400000, 0x0000000659400000| Untracked 
| 358|0x0000000659800000, 0x0000000659800000, 0x0000000659c00000|  0%| F|  |TAMS 0x0000000659800000, 0x0000000659800000| Untracked 
| 359|0x0000000659c00000, 0x0000000659c00000, 0x000000065a000000|  0%| F|  |TAMS 0x0000000659c00000, 0x0000000659c00000| Untracked 
| 360|0x000000065a000000, 0x000000065a000000, 0x000000065a400000|  0%| F|  |TAMS 0x000000065a000000, 0x000000065a000000| Untracked 
| 361|0x000000065a400000, 0x000000065a400000, 0x000000065a800000|  0%| F|  |TAMS 0x000000065a400000, 0x000000065a400000| Untracked 
| 362|0x000000065a800000, 0x000000065a800000, 0x000000065ac00000|  0%| F|  |TAMS 0x000000065a800000, 0x000000065a800000| Untracked 
| 363|0x000000065ac00000, 0x000000065ac00000, 0x000000065b000000|  0%| F|  |TAMS 0x000000065ac00000, 0x000000065ac00000| Untracked 
| 364|0x000000065b000000, 0x000000065b000000, 0x000000065b400000|  0%| F|  |TAMS 0x000000065b000000, 0x000000065b000000| Untracked 
| 365|0x000000065b400000, 0x000000065b400000, 0x000000065b800000|  0%| F|  |TAMS 0x000000065b400000, 0x000000065b400000| Untracked 
| 366|0x000000065b800000, 0x000000065b800000, 0x000000065bc00000|  0%| F|  |TAMS 0x000000065b800000, 0x000000065b800000| Untracked 
| 367|0x000000065bc00000, 0x000000065bc00000, 0x000000065c000000|  0%| F|  |TAMS 0x000000065bc00000, 0x000000065bc00000| Untracked 
| 368|0x000000065c000000, 0x000000065c000000, 0x000000065c400000|  0%| F|  |TAMS 0x000000065c000000, 0x000000065c000000| Untracked 
| 369|0x000000065c400000, 0x000000065c400000, 0x000000065c800000|  0%| F|  |TAMS 0x000000065c400000, 0x000000065c400000| Untracked 
| 370|0x000000065c800000, 0x000000065c800000, 0x000000065cc00000|  0%| F|  |TAMS 0x000000065c800000, 0x000000065c800000| Untracked 
| 371|0x000000065cc00000, 0x000000065cc00000, 0x000000065d000000|  0%| F|  |TAMS 0x000000065cc00000, 0x000000065cc00000| Untracked 
| 372|0x000000065d000000, 0x000000065d000000, 0x000000065d400000|  0%| F|  |TAMS 0x000000065d000000, 0x000000065d000000| Untracked 
| 373|0x000000065d400000, 0x000000065d400000, 0x000000065d800000|  0%| F|  |TAMS 0x000000065d400000, 0x000000065d400000| Untracked 
| 374|0x000000065d800000, 0x000000065d800000, 0x000000065dc00000|  0%| F|  |TAMS 0x000000065d800000, 0x000000065d800000| Untracked 
| 375|0x000000065dc00000, 0x000000065dc00000, 0x000000065e000000|  0%| F|  |TAMS 0x000000065dc00000, 0x000000065dc00000| Untracked 
| 376|0x000000065e000000, 0x000000065e000000, 0x000000065e400000|  0%| F|  |TAMS 0x000000065e000000, 0x000000065e000000| Untracked 
| 377|0x000000065e400000, 0x000000065e400000, 0x000000065e800000|  0%| F|  |TAMS 0x000000065e400000, 0x000000065e400000| Untracked 
| 378|0x000000065e800000, 0x000000065e800000, 0x000000065ec00000|  0%| F|  |TAMS 0x000000065e800000, 0x000000065e800000| Untracked 
| 379|0x000000065ec00000, 0x000000065ec00000, 0x000000065f000000|  0%| F|  |TAMS 0x000000065ec00000, 0x000000065ec00000| Untracked 
| 380|0x000000065f000000, 0x000000065f000000, 0x000000065f400000|  0%| F|  |TAMS 0x000000065f000000, 0x000000065f000000| Untracked 
| 381|0x000000065f400000, 0x000000065f400000, 0x000000065f800000|  0%| F|  |TAMS 0x000000065f400000, 0x000000065f400000| Untracked 
| 382|0x000000065f800000, 0x000000065f800000, 0x000000065fc00000|  0%| F|  |TAMS 0x000000065f800000, 0x000000065f800000| Untracked 
| 383|0x000000065fc00000, 0x000000065fc00000, 0x0000000660000000|  0%| F|  |TAMS 0x000000065fc00000, 0x000000065fc00000| Untracked 
| 384|0x0000000660000000, 0x0000000660000000, 0x0000000660400000|  0%| F|  |TAMS 0x0000000660000000, 0x0000000660000000| Untracked 
| 385|0x0000000660400000, 0x0000000660400000, 0x0000000660800000|  0%| F|  |TAMS 0x0000000660400000, 0x0000000660400000| Untracked 
| 386|0x0000000660800000, 0x0000000660800000, 0x0000000660c00000|  0%| F|  |TAMS 0x0000000660800000, 0x0000000660800000| Untracked 
| 387|0x0000000660c00000, 0x0000000660c00000, 0x0000000661000000|  0%| F|  |TAMS 0x0000000660c00000, 0x0000000660c00000| Untracked 
| 388|0x0000000661000000, 0x0000000661000000, 0x0000000661400000|  0%| F|  |TAMS 0x0000000661000000, 0x0000000661000000| Untracked 
| 389|0x0000000661400000, 0x0000000661400000, 0x0000000661800000|  0%| F|  |TAMS 0x0000000661400000, 0x0000000661400000| Untracked 
| 390|0x0000000661800000, 0x0000000661800000, 0x0000000661c00000|  0%| F|  |TAMS 0x0000000661800000, 0x0000000661800000| Untracked 
| 391|0x0000000661c00000, 0x0000000661c00000, 0x0000000662000000|  0%| F|  |TAMS 0x0000000661c00000, 0x0000000661c00000| Untracked 
| 392|0x0000000662000000, 0x0000000662000000, 0x0000000662400000|  0%| F|  |TAMS 0x0000000662000000, 0x0000000662000000| Untracked 
| 393|0x0000000662400000, 0x0000000662400000, 0x0000000662800000|  0%| F|  |TAMS 0x0000000662400000, 0x0000000662400000| Untracked 
| 394|0x0000000662800000, 0x0000000662800000, 0x0000000662c00000|  0%| F|  |TAMS 0x0000000662800000, 0x0000000662800000| Untracked 
| 395|0x0000000662c00000, 0x0000000662c00000, 0x0000000663000000|  0%| F|  |TAMS 0x0000000662c00000, 0x0000000662c00000| Untracked 
| 396|0x0000000663000000, 0x0000000663000000, 0x0000000663400000|  0%| F|  |TAMS 0x0000000663000000, 0x0000000663000000| Untracked 
| 397|0x0000000663400000, 0x0000000663400000, 0x0000000663800000|  0%| F|  |TAMS 0x0000000663400000, 0x0000000663400000| Untracked 
| 398|0x0000000663800000, 0x0000000663800000, 0x0000000663c00000|  0%| F|  |TAMS 0x0000000663800000, 0x0000000663800000| Untracked 
| 399|0x0000000663c00000, 0x0000000663c00000, 0x0000000664000000|  0%| F|  |TAMS 0x0000000663c00000, 0x0000000663c00000| Untracked 
| 400|0x0000000664000000, 0x0000000664000000, 0x0000000664400000|  0%| F|  |TAMS 0x0000000664000000, 0x0000000664000000| Untracked 
| 401|0x0000000664400000, 0x0000000664400000, 0x0000000664800000|  0%| F|  |TAMS 0x0000000664400000, 0x0000000664400000| Untracked 
| 402|0x0000000664800000, 0x0000000664800000, 0x0000000664c00000|  0%| F|  |TAMS 0x0000000664800000, 0x0000000664800000| Untracked 
| 403|0x0000000664c00000, 0x0000000664c00000, 0x0000000665000000|  0%| F|  |TAMS 0x0000000664c00000, 0x0000000664c00000| Untracked 
| 404|0x0000000665000000, 0x0000000665000000, 0x0000000665400000|  0%| F|  |TAMS 0x0000000665000000, 0x0000000665000000| Untracked 
| 405|0x0000000665400000, 0x0000000665400000, 0x0000000665800000|  0%| F|  |TAMS 0x0000000665400000, 0x0000000665400000| Untracked 
| 406|0x0000000665800000, 0x0000000665800000, 0x0000000665c00000|  0%| F|  |TAMS 0x0000000665800000, 0x0000000665800000| Untracked 
| 407|0x0000000665c00000, 0x0000000665c00000, 0x0000000666000000|  0%| F|  |TAMS 0x0000000665c00000, 0x0000000665c00000| Untracked 
| 408|0x0000000666000000, 0x0000000666000000, 0x0000000666400000|  0%| F|  |TAMS 0x0000000666000000, 0x0000000666000000| Untracked 
| 409|0x0000000666400000, 0x0000000666400000, 0x0000000666800000|  0%| F|  |TAMS 0x0000000666400000, 0x0000000666400000| Untracked 
| 410|0x0000000666800000, 0x0000000666800000, 0x0000000666c00000|  0%| F|  |TAMS 0x0000000666800000, 0x0000000666800000| Untracked 
| 411|0x0000000666c00000, 0x0000000666c00000, 0x0000000667000000|  0%| F|  |TAMS 0x0000000666c00000, 0x0000000666c00000| Untracked 
| 412|0x0000000667000000, 0x0000000667000000, 0x0000000667400000|  0%| F|  |TAMS 0x0000000667000000, 0x0000000667000000| Untracked 
| 413|0x0000000667400000, 0x0000000667400000, 0x0000000667800000|  0%| F|  |TAMS 0x0000000667400000, 0x0000000667400000| Untracked 
| 414|0x0000000667800000, 0x0000000667800000, 0x0000000667c00000|  0%| F|  |TAMS 0x0000000667800000, 0x0000000667800000| Untracked 
| 415|0x0000000667c00000, 0x0000000667c00000, 0x0000000668000000|  0%| F|  |TAMS 0x0000000667c00000, 0x0000000667c00000| Untracked 
| 416|0x0000000668000000, 0x0000000668000000, 0x0000000668400000|  0%| F|  |TAMS 0x0000000668000000, 0x0000000668000000| Untracked 
| 417|0x0000000668400000, 0x0000000668400000, 0x0000000668800000|  0%| F|  |TAMS 0x0000000668400000, 0x0000000668400000| Untracked 
| 418|0x0000000668800000, 0x0000000668800000, 0x0000000668c00000|  0%| F|  |TAMS 0x0000000668800000, 0x0000000668800000| Untracked 
| 419|0x0000000668c00000, 0x0000000668c00000, 0x0000000669000000|  0%| F|  |TAMS 0x0000000668c00000, 0x0000000668c00000| Untracked 
| 420|0x0000000669000000, 0x0000000669000000, 0x0000000669400000|  0%| F|  |TAMS 0x0000000669000000, 0x0000000669000000| Untracked 
| 421|0x0000000669400000, 0x0000000669400000, 0x0000000669800000|  0%| F|  |TAMS 0x0000000669400000, 0x0000000669400000| Untracked 
| 422|0x0000000669800000, 0x0000000669800000, 0x0000000669c00000|  0%| F|  |TAMS 0x0000000669800000, 0x0000000669800000| Untracked 
| 423|0x0000000669c00000, 0x0000000669e9e328, 0x000000066a000000| 65%| O|  |TAMS 0x0000000669e9e328, 0x0000000669e9e328| Untracked 
| 424|0x000000066a000000, 0x000000066a000000, 0x000000066a400000|  0%| F|  |TAMS 0x000000066a000000, 0x000000066a000000| Untracked 
| 425|0x000000066a400000, 0x000000066a400000, 0x000000066a800000|  0%| F|  |TAMS 0x000000066a400000, 0x000000066a400000| Untracked 
| 426|0x000000066a800000, 0x000000066a800000, 0x000000066ac00000|  0%| F|  |TAMS 0x000000066a800000, 0x000000066a800000| Untracked 
| 427|0x000000066ac00000, 0x000000066ac00000, 0x000000066b000000|  0%| F|  |TAMS 0x000000066ac00000, 0x000000066ac00000| Untracked 
| 428|0x000000066b000000, 0x000000066b000000, 0x000000066b400000|  0%| F|  |TAMS 0x000000066b000000, 0x000000066b000000| Untracked 
| 429|0x000000066b400000, 0x000000066b400000, 0x000000066b800000|  0%| F|  |TAMS 0x000000066b400000, 0x000000066b400000| Untracked 
| 430|0x000000066b800000, 0x000000066b800000, 0x000000066bc00000|  0%| F|  |TAMS 0x000000066b800000, 0x000000066b800000| Untracked 
| 431|0x000000066bc00000, 0x000000066bc00000, 0x000000066c000000|  0%| F|  |TAMS 0x000000066bc00000, 0x000000066bc00000| Untracked 
| 432|0x000000066c000000, 0x000000066c000000, 0x000000066c400000|  0%| F|  |TAMS 0x000000066c000000, 0x000000066c000000| Untracked 
| 433|0x000000066c400000, 0x000000066c400000, 0x000000066c800000|  0%| F|  |TAMS 0x000000066c400000, 0x000000066c400000| Untracked 
| 434|0x000000066c800000, 0x000000066c800000, 0x000000066cc00000|  0%| F|  |TAMS 0x000000066c800000, 0x000000066c800000| Untracked 
| 435|0x000000066cc00000, 0x000000066cc00000, 0x000000066d000000|  0%| F|  |TAMS 0x000000066cc00000, 0x000000066cc00000| Untracked 
| 436|0x000000066d000000, 0x000000066d000000, 0x000000066d400000|  0%| F|  |TAMS 0x000000066d000000, 0x000000066d000000| Untracked 
| 437|0x000000066d400000, 0x000000066d400000, 0x000000066d800000|  0%| F|  |TAMS 0x000000066d400000, 0x000000066d400000| Untracked 
| 438|0x000000066d800000, 0x000000066d800000, 0x000000066dc00000|  0%| F|  |TAMS 0x000000066d800000, 0x000000066d800000| Untracked 
| 439|0x000000066dc00000, 0x000000066dc00000, 0x000000066e000000|  0%| F|  |TAMS 0x000000066dc00000, 0x000000066dc00000| Untracked 
| 440|0x000000066e000000, 0x000000066e000000, 0x000000066e400000|  0%| F|  |TAMS 0x000000066e000000, 0x000000066e000000| Untracked 
| 441|0x000000066e400000, 0x000000066e400000, 0x000000066e800000|  0%| F|  |TAMS 0x000000066e400000, 0x000000066e400000| Untracked 
| 442|0x000000066e800000, 0x000000066e800000, 0x000000066ec00000|  0%| F|  |TAMS 0x000000066e800000, 0x000000066e800000| Untracked 
| 443|0x000000066ec00000, 0x000000066ec00000, 0x000000066f000000|  0%| F|  |TAMS 0x000000066ec00000, 0x000000066ec00000| Untracked 
| 444|0x000000066f000000, 0x000000066f000000, 0x000000066f400000|  0%| F|  |TAMS 0x000000066f000000, 0x000000066f000000| Untracked 
| 445|0x000000066f400000, 0x000000066f400000, 0x000000066f800000|  0%| F|  |TAMS 0x000000066f400000, 0x000000066f400000| Untracked 
| 446|0x000000066f800000, 0x000000066f800000, 0x000000066fc00000|  0%| F|  |TAMS 0x000000066f800000, 0x000000066f800000| Untracked 
| 447|0x000000066fc00000, 0x000000066fc00000, 0x0000000670000000|  0%| F|  |TAMS 0x000000066fc00000, 0x000000066fc00000| Untracked 
| 448|0x0000000670000000, 0x0000000670000000, 0x0000000670400000|  0%| F|  |TAMS 0x0000000670000000, 0x0000000670000000| Untracked 
| 449|0x0000000670400000, 0x0000000670400000, 0x0000000670800000|  0%| F|  |TAMS 0x0000000670400000, 0x0000000670400000| Untracked 
| 450|0x0000000670800000, 0x0000000670800000, 0x0000000670c00000|  0%| F|  |TAMS 0x0000000670800000, 0x0000000670800000| Untracked 
| 451|0x0000000670c00000, 0x0000000670c00000, 0x0000000671000000|  0%| F|  |TAMS 0x0000000670c00000, 0x0000000670c00000| Untracked 
| 452|0x0000000671000000, 0x0000000671000000, 0x0000000671400000|  0%| F|  |TAMS 0x0000000671000000, 0x0000000671000000| Untracked 
| 453|0x0000000671400000, 0x0000000671400000, 0x0000000671800000|  0%| F|  |TAMS 0x0000000671400000, 0x0000000671400000| Untracked 
| 454|0x0000000671800000, 0x0000000671800000, 0x0000000671c00000|  0%| F|  |TAMS 0x0000000671800000, 0x0000000671800000| Untracked 
| 455|0x0000000671c00000, 0x0000000671c00000, 0x0000000672000000|  0%| F|  |TAMS 0x0000000671c00000, 0x0000000671c00000| Untracked 
| 456|0x0000000672000000, 0x0000000672000000, 0x0000000672400000|  0%| F|  |TAMS 0x0000000672000000, 0x0000000672000000| Untracked 
| 457|0x0000000672400000, 0x0000000672400000, 0x0000000672800000|  0%| F|  |TAMS 0x0000000672400000, 0x0000000672400000| Untracked 
| 458|0x0000000672800000, 0x0000000672800000, 0x0000000672c00000|  0%| F|  |TAMS 0x0000000672800000, 0x0000000672800000| Untracked 
| 459|0x0000000672c00000, 0x0000000672c00000, 0x0000000673000000|  0%| F|  |TAMS 0x0000000672c00000, 0x0000000672c00000| Untracked 
| 460|0x0000000673000000, 0x0000000673000000, 0x0000000673400000|  0%| F|  |TAMS 0x0000000673000000, 0x0000000673000000| Untracked 
| 461|0x0000000673400000, 0x0000000673400000, 0x0000000673800000|  0%| F|  |TAMS 0x0000000673400000, 0x0000000673400000| Untracked 
| 462|0x0000000673800000, 0x0000000673800000, 0x0000000673c00000|  0%| F|  |TAMS 0x0000000673800000, 0x0000000673800000| Untracked 
| 463|0x0000000673c00000, 0x0000000673c00000, 0x0000000674000000|  0%| F|  |TAMS 0x0000000673c00000, 0x0000000673c00000| Untracked 
| 464|0x0000000674000000, 0x0000000674000000, 0x0000000674400000|  0%| F|  |TAMS 0x0000000674000000, 0x0000000674000000| Untracked 
| 465|0x0000000674400000, 0x0000000674400000, 0x0000000674800000|  0%| F|  |TAMS 0x0000000674400000, 0x0000000674400000| Untracked 
| 466|0x0000000674800000, 0x0000000674800000, 0x0000000674c00000|  0%| F|  |TAMS 0x0000000674800000, 0x0000000674800000| Untracked 
| 467|0x0000000674c00000, 0x0000000674c00000, 0x0000000675000000|  0%| F|  |TAMS 0x0000000674c00000, 0x0000000674c00000| Untracked 
| 468|0x0000000675000000, 0x0000000675000000, 0x0000000675400000|  0%| F|  |TAMS 0x0000000675000000, 0x0000000675000000| Untracked 
| 469|0x0000000675400000, 0x0000000675400000, 0x0000000675800000|  0%| F|  |TAMS 0x0000000675400000, 0x0000000675400000| Untracked 
| 470|0x0000000675800000, 0x0000000675800000, 0x0000000675c00000|  0%| F|  |TAMS 0x0000000675800000, 0x0000000675800000| Untracked 
| 471|0x0000000675c00000, 0x0000000675c00000, 0x0000000676000000|  0%| F|  |TAMS 0x0000000675c00000, 0x0000000675c00000| Untracked 
| 472|0x0000000676000000, 0x0000000676000000, 0x0000000676400000|  0%| F|  |TAMS 0x0000000676000000, 0x0000000676000000| Untracked 
| 473|0x0000000676400000, 0x0000000676400000, 0x0000000676800000|  0%| F|  |TAMS 0x0000000676400000, 0x0000000676400000| Untracked 
| 474|0x0000000676800000, 0x0000000676800000, 0x0000000676c00000|  0%| F|  |TAMS 0x0000000676800000, 0x0000000676800000| Untracked 
| 475|0x0000000676c00000, 0x0000000676c00000, 0x0000000677000000|  0%| F|  |TAMS 0x0000000676c00000, 0x0000000676c00000| Untracked 
| 476|0x0000000677000000, 0x0000000677000000, 0x0000000677400000|  0%| F|  |TAMS 0x0000000677000000, 0x0000000677000000| Untracked 
| 477|0x0000000677400000, 0x0000000677400000, 0x0000000677800000|  0%| F|  |TAMS 0x0000000677400000, 0x0000000677400000| Untracked 
| 478|0x0000000677800000, 0x0000000677800000, 0x0000000677c00000|  0%| F|  |TAMS 0x0000000677800000, 0x0000000677800000| Untracked 
| 479|0x0000000677c00000, 0x0000000677c00000, 0x0000000678000000|  0%| F|  |TAMS 0x0000000677c00000, 0x0000000677c00000| Untracked 
| 480|0x0000000678000000, 0x0000000678000000, 0x0000000678400000|  0%| F|  |TAMS 0x0000000678000000, 0x0000000678000000| Untracked 
| 481|0x0000000678400000, 0x0000000678400000, 0x0000000678800000|  0%| F|  |TAMS 0x0000000678400000, 0x0000000678400000| Untracked 
| 482|0x0000000678800000, 0x0000000678800000, 0x0000000678c00000|  0%| F|  |TAMS 0x0000000678800000, 0x0000000678800000| Untracked 
| 483|0x0000000678c00000, 0x0000000678c00000, 0x0000000679000000|  0%| F|  |TAMS 0x0000000678c00000, 0x0000000678c00000| Untracked 
| 484|0x0000000679000000, 0x0000000679000000, 0x0000000679400000|  0%| F|  |TAMS 0x0000000679000000, 0x0000000679000000| Untracked 
| 485|0x0000000679400000, 0x0000000679400000, 0x0000000679800000|  0%| F|  |TAMS 0x0000000679400000, 0x0000000679400000| Untracked 
| 486|0x0000000679800000, 0x0000000679800000, 0x0000000679c00000|  0%| F|  |TAMS 0x0000000679800000, 0x0000000679800000| Untracked 
| 487|0x0000000679c00000, 0x0000000679c00000, 0x000000067a000000|  0%| F|  |TAMS 0x0000000679c00000, 0x0000000679c00000| Untracked 
| 488|0x000000067a000000, 0x000000067a000000, 0x000000067a400000|  0%| F|  |TAMS 0x000000067a000000, 0x000000067a000000| Untracked 
| 489|0x000000067a400000, 0x000000067a400000, 0x000000067a800000|  0%| F|  |TAMS 0x000000067a400000, 0x000000067a400000| Untracked 
| 490|0x000000067a800000, 0x000000067a800000, 0x000000067ac00000|  0%| F|  |TAMS 0x000000067a800000, 0x000000067a800000| Untracked 
| 491|0x000000067ac00000, 0x000000067ac00000, 0x000000067b000000|  0%| F|  |TAMS 0x000000067ac00000, 0x000000067ac00000| Untracked 
| 492|0x000000067b000000, 0x000000067b000000, 0x000000067b400000|  0%| F|  |TAMS 0x000000067b000000, 0x000000067b000000| Untracked 
| 493|0x000000067b400000, 0x000000067b400000, 0x000000067b800000|  0%| F|  |TAMS 0x000000067b400000, 0x000000067b400000| Untracked 
| 494|0x000000067b800000, 0x000000067b800000, 0x000000067bc00000|  0%| F|  |TAMS 0x000000067b800000, 0x000000067b800000| Untracked 
| 495|0x000000067bc00000, 0x000000067bc00000, 0x000000067c000000|  0%| F|  |TAMS 0x000000067bc00000, 0x000000067bc00000| Untracked 
| 496|0x000000067c000000, 0x000000067c000000, 0x000000067c400000|  0%| F|  |TAMS 0x000000067c000000, 0x000000067c000000| Untracked 
| 497|0x000000067c400000, 0x000000067c400000, 0x000000067c800000|  0%| F|  |TAMS 0x000000067c400000, 0x000000067c400000| Untracked 
| 498|0x000000067c800000, 0x000000067c800000, 0x000000067cc00000|  0%| F|  |TAMS 0x000000067c800000, 0x000000067c800000| Untracked 
| 499|0x000000067cc00000, 0x000000067cc00000, 0x000000067d000000|  0%| F|  |TAMS 0x000000067cc00000, 0x000000067cc00000| Untracked 
| 500|0x000000067d000000, 0x000000067d000000, 0x000000067d400000|  0%| F|  |TAMS 0x000000067d000000, 0x000000067d000000| Untracked 
| 501|0x000000067d400000, 0x000000067d400000, 0x000000067d800000|  0%| F|  |TAMS 0x000000067d400000, 0x000000067d400000| Untracked 
| 502|0x000000067d800000, 0x000000067d800000, 0x000000067dc00000|  0%| F|  |TAMS 0x000000067d800000, 0x000000067d800000| Untracked 
| 503|0x000000067dc00000, 0x000000067dc00000, 0x000000067e000000|  0%| F|  |TAMS 0x000000067dc00000, 0x000000067dc00000| Untracked 
| 504|0x000000067e000000, 0x000000067e000000, 0x000000067e400000|  0%| F|  |TAMS 0x000000067e000000, 0x000000067e000000| Untracked 
| 505|0x000000067e400000, 0x000000067e400000, 0x000000067e800000|  0%| F|  |TAMS 0x000000067e400000, 0x000000067e400000| Untracked 
| 506|0x000000067e800000, 0x000000067e800000, 0x000000067ec00000|  0%| F|  |TAMS 0x000000067e800000, 0x000000067e800000| Untracked 
| 507|0x000000067ec00000, 0x000000067ec00000, 0x000000067f000000|  0%| F|  |TAMS 0x000000067ec00000, 0x000000067ec00000| Untracked 
| 508|0x000000067f000000, 0x000000067f000000, 0x000000067f400000|  0%| F|  |TAMS 0x000000067f000000, 0x000000067f000000| Untracked 
| 509|0x000000067f400000, 0x000000067f400000, 0x000000067f800000|  0%| F|  |TAMS 0x000000067f400000, 0x000000067f400000| Untracked 
| 510|0x000000067f800000, 0x000000067f800000, 0x000000067fc00000|  0%| F|  |TAMS 0x000000067f800000, 0x000000067f800000| Untracked 
| 511|0x000000067fc00000, 0x000000067fc00000, 0x0000000680000000|  0%| F|  |TAMS 0x000000067fc00000, 0x000000067fc00000| Untracked 
| 512|0x0000000680000000, 0x0000000680000000, 0x0000000680400000|  0%| F|  |TAMS 0x0000000680000000, 0x0000000680000000| Untracked 
| 513|0x0000000680400000, 0x0000000680400000, 0x0000000680800000|  0%| F|  |TAMS 0x0000000680400000, 0x0000000680400000| Untracked 
| 514|0x0000000680800000, 0x0000000680800000, 0x0000000680c00000|  0%| F|  |TAMS 0x0000000680800000, 0x0000000680800000| Untracked 
| 515|0x0000000680c00000, 0x0000000680c00000, 0x0000000681000000|  0%| F|  |TAMS 0x0000000680c00000, 0x0000000680c00000| Untracked 
| 516|0x0000000681000000, 0x0000000681000000, 0x0000000681400000|  0%| F|  |TAMS 0x0000000681000000, 0x0000000681000000| Untracked 
| 517|0x0000000681400000, 0x0000000681400000, 0x0000000681800000|  0%| F|  |TAMS 0x0000000681400000, 0x0000000681400000| Untracked 
| 518|0x0000000681800000, 0x0000000681800000, 0x0000000681c00000|  0%| F|  |TAMS 0x0000000681800000, 0x0000000681800000| Untracked 
| 519|0x0000000681c00000, 0x0000000681c00000, 0x0000000682000000|  0%| F|  |TAMS 0x0000000681c00000, 0x0000000681c00000| Untracked 
| 520|0x0000000682000000, 0x0000000682000000, 0x0000000682400000|  0%| F|  |TAMS 0x0000000682000000, 0x0000000682000000| Untracked 
| 521|0x0000000682400000, 0x0000000682400000, 0x0000000682800000|  0%| F|  |TAMS 0x0000000682400000, 0x0000000682400000| Untracked 
| 522|0x0000000682800000, 0x0000000682800000, 0x0000000682c00000|  0%| F|  |TAMS 0x0000000682800000, 0x0000000682800000| Untracked 
| 523|0x0000000682c00000, 0x0000000682c00000, 0x0000000683000000|  0%| F|  |TAMS 0x0000000682c00000, 0x0000000682c00000| Untracked 
| 524|0x0000000683000000, 0x0000000683000000, 0x0000000683400000|  0%| F|  |TAMS 0x0000000683000000, 0x0000000683000000| Untracked 
| 525|0x0000000683400000, 0x0000000683400000, 0x0000000683800000|  0%| F|  |TAMS 0x0000000683400000, 0x0000000683400000| Untracked 
| 526|0x0000000683800000, 0x0000000683800000, 0x0000000683c00000|  0%| F|  |TAMS 0x0000000683800000, 0x0000000683800000| Untracked 
| 527|0x0000000683c00000, 0x0000000683c00000, 0x0000000684000000|  0%| F|  |TAMS 0x0000000683c00000, 0x0000000683c00000| Untracked 
| 528|0x0000000684000000, 0x0000000684000000, 0x0000000684400000|  0%| F|  |TAMS 0x0000000684000000, 0x0000000684000000| Untracked 
| 529|0x0000000684400000, 0x0000000684400000, 0x0000000684800000|  0%| F|  |TAMS 0x0000000684400000, 0x0000000684400000| Untracked 
| 530|0x0000000684800000, 0x0000000684800000, 0x0000000684c00000|  0%| F|  |TAMS 0x0000000684800000, 0x0000000684800000| Untracked 
| 531|0x0000000684c00000, 0x0000000684c00000, 0x0000000685000000|  0%| F|  |TAMS 0x0000000684c00000, 0x0000000684c00000| Untracked 
| 532|0x0000000685000000, 0x0000000685000000, 0x0000000685400000|  0%| F|  |TAMS 0x0000000685000000, 0x0000000685000000| Untracked 
| 533|0x0000000685400000, 0x0000000685400000, 0x0000000685800000|  0%| F|  |TAMS 0x0000000685400000, 0x0000000685400000| Untracked 
| 534|0x0000000685800000, 0x0000000685800000, 0x0000000685c00000|  0%| F|  |TAMS 0x0000000685800000, 0x0000000685800000| Untracked 
| 535|0x0000000685c00000, 0x0000000685c00000, 0x0000000686000000|  0%| F|  |TAMS 0x0000000685c00000, 0x0000000685c00000| Untracked 
| 536|0x0000000686000000, 0x0000000686000000, 0x0000000686400000|  0%| F|  |TAMS 0x0000000686000000, 0x0000000686000000| Untracked 
| 537|0x0000000686400000, 0x0000000686400000, 0x0000000686800000|  0%| F|  |TAMS 0x0000000686400000, 0x0000000686400000| Untracked 
| 538|0x0000000686800000, 0x0000000686800000, 0x0000000686c00000|  0%| F|  |TAMS 0x0000000686800000, 0x0000000686800000| Untracked 
| 539|0x0000000686c00000, 0x0000000686c00000, 0x0000000687000000|  0%| F|  |TAMS 0x0000000686c00000, 0x0000000686c00000| Untracked 
| 540|0x0000000687000000, 0x0000000687000000, 0x0000000687400000|  0%| F|  |TAMS 0x0000000687000000, 0x0000000687000000| Untracked 
| 541|0x0000000687400000, 0x0000000687400000, 0x0000000687800000|  0%| F|  |TAMS 0x0000000687400000, 0x0000000687400000| Untracked 
| 542|0x0000000687800000, 0x0000000687800000, 0x0000000687c00000|  0%| F|  |TAMS 0x0000000687800000, 0x0000000687800000| Untracked 
| 543|0x0000000687c00000, 0x0000000687c00000, 0x0000000688000000|  0%| F|  |TAMS 0x0000000687c00000, 0x0000000687c00000| Untracked 
| 544|0x0000000688000000, 0x0000000688000000, 0x0000000688400000|  0%| F|  |TAMS 0x0000000688000000, 0x0000000688000000| Untracked 
| 545|0x0000000688400000, 0x0000000688400000, 0x0000000688800000|  0%| F|  |TAMS 0x0000000688400000, 0x0000000688400000| Untracked 
| 546|0x0000000688800000, 0x0000000688800000, 0x0000000688c00000|  0%| F|  |TAMS 0x0000000688800000, 0x0000000688800000| Untracked 
| 547|0x0000000688c00000, 0x0000000688c00000, 0x0000000689000000|  0%| F|  |TAMS 0x0000000688c00000, 0x0000000688c00000| Untracked 
| 548|0x0000000689000000, 0x0000000689000000, 0x0000000689400000|  0%| F|  |TAMS 0x0000000689000000, 0x0000000689000000| Untracked 
| 549|0x0000000689400000, 0x0000000689400000, 0x0000000689800000|  0%| F|  |TAMS 0x0000000689400000, 0x0000000689400000| Untracked 
| 550|0x0000000689800000, 0x0000000689800000, 0x0000000689c00000|  0%| F|  |TAMS 0x0000000689800000, 0x0000000689800000| Untracked 
| 551|0x0000000689c00000, 0x0000000689c00000, 0x000000068a000000|  0%| F|  |TAMS 0x0000000689c00000, 0x0000000689c00000| Untracked 
| 552|0x000000068a000000, 0x000000068a000000, 0x000000068a400000|  0%| F|  |TAMS 0x000000068a000000, 0x000000068a000000| Untracked 
| 553|0x000000068a400000, 0x000000068a400000, 0x000000068a800000|  0%| F|  |TAMS 0x000000068a400000, 0x000000068a400000| Untracked 
| 554|0x000000068a800000, 0x000000068a800000, 0x000000068ac00000|  0%| F|  |TAMS 0x000000068a800000, 0x000000068a800000| Untracked 
| 555|0x000000068ac00000, 0x000000068ac00000, 0x000000068b000000|  0%| F|  |TAMS 0x000000068ac00000, 0x000000068ac00000| Untracked 
| 556|0x000000068b000000, 0x000000068b000000, 0x000000068b400000|  0%| F|  |TAMS 0x000000068b000000, 0x000000068b000000| Untracked 
| 557|0x000000068b400000, 0x000000068b400000, 0x000000068b800000|  0%| F|  |TAMS 0x000000068b400000, 0x000000068b400000| Untracked 
| 558|0x000000068b800000, 0x000000068b800000, 0x000000068bc00000|  0%| F|  |TAMS 0x000000068b800000, 0x000000068b800000| Untracked 
| 559|0x000000068bc00000, 0x000000068bc00000, 0x000000068c000000|  0%| F|  |TAMS 0x000000068bc00000, 0x000000068bc00000| Untracked 
| 560|0x000000068c000000, 0x000000068c000000, 0x000000068c400000|  0%| F|  |TAMS 0x000000068c000000, 0x000000068c000000| Untracked 
| 561|0x000000068c400000, 0x000000068c400000, 0x000000068c800000|  0%| F|  |TAMS 0x000000068c400000, 0x000000068c400000| Untracked 
| 562|0x000000068c800000, 0x000000068c800000, 0x000000068cc00000|  0%| F|  |TAMS 0x000000068c800000, 0x000000068c800000| Untracked 
| 563|0x000000068cc00000, 0x000000068cc00000, 0x000000068d000000|  0%| F|  |TAMS 0x000000068cc00000, 0x000000068cc00000| Untracked 
| 564|0x000000068d000000, 0x000000068d000000, 0x000000068d400000|  0%| F|  |TAMS 0x000000068d000000, 0x000000068d000000| Untracked 
| 565|0x000000068d400000, 0x000000068d400000, 0x000000068d800000|  0%| F|  |TAMS 0x000000068d400000, 0x000000068d400000| Untracked 
| 566|0x000000068d800000, 0x000000068d800000, 0x000000068dc00000|  0%| F|  |TAMS 0x000000068d800000, 0x000000068d800000| Untracked 
| 567|0x000000068dc00000, 0x000000068dc00000, 0x000000068e000000|  0%| F|  |TAMS 0x000000068dc00000, 0x000000068dc00000| Untracked 
| 568|0x000000068e000000, 0x000000068e000000, 0x000000068e400000|  0%| F|  |TAMS 0x000000068e000000, 0x000000068e000000| Untracked 
| 569|0x000000068e400000, 0x000000068e400000, 0x000000068e800000|  0%| F|  |TAMS 0x000000068e400000, 0x000000068e400000| Untracked 
| 570|0x000000068e800000, 0x000000068e800000, 0x000000068ec00000|  0%| F|  |TAMS 0x000000068e800000, 0x000000068e800000| Untracked 
| 571|0x000000068ec00000, 0x000000068ec00000, 0x000000068f000000|  0%| F|  |TAMS 0x000000068ec00000, 0x000000068ec00000| Untracked 
| 572|0x000000068f000000, 0x000000068f000000, 0x000000068f400000|  0%| F|  |TAMS 0x000000068f000000, 0x000000068f000000| Untracked 
| 573|0x000000068f400000, 0x000000068f400000, 0x000000068f800000|  0%| F|  |TAMS 0x000000068f400000, 0x000000068f400000| Untracked 
| 574|0x000000068f800000, 0x000000068f800000, 0x000000068fc00000|  0%| F|  |TAMS 0x000000068f800000, 0x000000068f800000| Untracked 
| 575|0x000000068fc00000, 0x000000068fc00000, 0x0000000690000000|  0%| F|  |TAMS 0x000000068fc00000, 0x000000068fc00000| Untracked 
| 576|0x0000000690000000, 0x0000000690000000, 0x0000000690400000|  0%| F|  |TAMS 0x0000000690000000, 0x0000000690000000| Untracked 
| 577|0x0000000690400000, 0x0000000690400000, 0x0000000690800000|  0%| F|  |TAMS 0x0000000690400000, 0x0000000690400000| Untracked 
| 578|0x0000000690800000, 0x0000000690800000, 0x0000000690c00000|  0%| F|  |TAMS 0x0000000690800000, 0x0000000690800000| Untracked 
| 579|0x0000000690c00000, 0x0000000690c00000, 0x0000000691000000|  0%| F|  |TAMS 0x0000000690c00000, 0x0000000690c00000| Untracked 
| 580|0x0000000691000000, 0x0000000691000000, 0x0000000691400000|  0%| F|  |TAMS 0x0000000691000000, 0x0000000691000000| Untracked 
| 581|0x0000000691400000, 0x0000000691400000, 0x0000000691800000|  0%| F|  |TAMS 0x0000000691400000, 0x0000000691400000| Untracked 
| 582|0x0000000691800000, 0x0000000691800000, 0x0000000691c00000|  0%| F|  |TAMS 0x0000000691800000, 0x0000000691800000| Untracked 
| 583|0x0000000691c00000, 0x0000000691c00000, 0x0000000692000000|  0%| F|  |TAMS 0x0000000691c00000, 0x0000000691c00000| Untracked 
| 584|0x0000000692000000, 0x0000000692000000, 0x0000000692400000|  0%| F|  |TAMS 0x0000000692000000, 0x0000000692000000| Untracked 
| 585|0x0000000692400000, 0x0000000692400000, 0x0000000692800000|  0%| F|  |TAMS 0x0000000692400000, 0x0000000692400000| Untracked 
| 586|0x0000000692800000, 0x0000000692800000, 0x0000000692c00000|  0%| F|  |TAMS 0x0000000692800000, 0x0000000692800000| Untracked 
| 587|0x0000000692c00000, 0x0000000692c00000, 0x0000000693000000|  0%| F|  |TAMS 0x0000000692c00000, 0x0000000692c00000| Untracked 
| 588|0x0000000693000000, 0x0000000693000000, 0x0000000693400000|  0%| F|  |TAMS 0x0000000693000000, 0x0000000693000000| Untracked 
| 589|0x0000000693400000, 0x0000000693400000, 0x0000000693800000|  0%| F|  |TAMS 0x0000000693400000, 0x0000000693400000| Untracked 
| 590|0x0000000693800000, 0x0000000693800000, 0x0000000693c00000|  0%| F|  |TAMS 0x0000000693800000, 0x0000000693800000| Untracked 
| 591|0x0000000693c00000, 0x0000000693c00000, 0x0000000694000000|  0%| F|  |TAMS 0x0000000693c00000, 0x0000000693c00000| Untracked 
| 592|0x0000000694000000, 0x0000000694000000, 0x0000000694400000|  0%| F|  |TAMS 0x0000000694000000, 0x0000000694000000| Untracked 
| 593|0x0000000694400000, 0x0000000694400000, 0x0000000694800000|  0%| F|  |TAMS 0x0000000694400000, 0x0000000694400000| Untracked 
| 594|0x0000000694800000, 0x0000000694800000, 0x0000000694c00000|  0%| F|  |TAMS 0x0000000694800000, 0x0000000694800000| Untracked 
| 595|0x0000000694c00000, 0x0000000694c00000, 0x0000000695000000|  0%| F|  |TAMS 0x0000000694c00000, 0x0000000694c00000| Untracked 
| 596|0x0000000695000000, 0x0000000695000000, 0x0000000695400000|  0%| F|  |TAMS 0x0000000695000000, 0x0000000695000000| Untracked 
| 597|0x0000000695400000, 0x0000000695400000, 0x0000000695800000|  0%| F|  |TAMS 0x0000000695400000, 0x0000000695400000| Untracked 
| 598|0x0000000695800000, 0x0000000695800000, 0x0000000695c00000|  0%| F|  |TAMS 0x0000000695800000, 0x0000000695800000| Untracked 
| 599|0x0000000695c00000, 0x0000000695c00000, 0x0000000696000000|  0%| F|  |TAMS 0x0000000695c00000, 0x0000000695c00000| Untracked 
| 600|0x0000000696000000, 0x0000000696000000, 0x0000000696400000|  0%| F|  |TAMS 0x0000000696000000, 0x0000000696000000| Untracked 
| 601|0x0000000696400000, 0x0000000696400000, 0x0000000696800000|  0%| F|  |TAMS 0x0000000696400000, 0x0000000696400000| Untracked 
| 602|0x0000000696800000, 0x0000000696800000, 0x0000000696c00000|  0%| F|  |TAMS 0x0000000696800000, 0x0000000696800000| Untracked 
| 603|0x0000000696c00000, 0x0000000696c00000, 0x0000000697000000|  0%| F|  |TAMS 0x0000000696c00000, 0x0000000696c00000| Untracked 
| 604|0x0000000697000000, 0x0000000697000000, 0x0000000697400000|  0%| F|  |TAMS 0x0000000697000000, 0x0000000697000000| Untracked 
| 605|0x0000000697400000, 0x0000000697400000, 0x0000000697800000|  0%| F|  |TAMS 0x0000000697400000, 0x0000000697400000| Untracked 
| 606|0x0000000697800000, 0x0000000697800000, 0x0000000697c00000|  0%| F|  |TAMS 0x0000000697800000, 0x0000000697800000| Untracked 
| 607|0x0000000697c00000, 0x0000000697c00000, 0x0000000698000000|  0%| F|  |TAMS 0x0000000697c00000, 0x0000000697c00000| Untracked 
| 608|0x0000000698000000, 0x0000000698000000, 0x0000000698400000|  0%| F|  |TAMS 0x0000000698000000, 0x0000000698000000| Untracked 
| 609|0x0000000698400000, 0x0000000698400000, 0x0000000698800000|  0%| F|  |TAMS 0x0000000698400000, 0x0000000698400000| Untracked 
| 610|0x0000000698800000, 0x0000000698800000, 0x0000000698c00000|  0%| F|  |TAMS 0x0000000698800000, 0x0000000698800000| Untracked 
| 611|0x0000000698c00000, 0x0000000698c00000, 0x0000000699000000|  0%| F|  |TAMS 0x0000000698c00000, 0x0000000698c00000| Untracked 
| 612|0x0000000699000000, 0x0000000699000000, 0x0000000699400000|  0%| F|  |TAMS 0x0000000699000000, 0x0000000699000000| Untracked 
| 613|0x0000000699400000, 0x0000000699400000, 0x0000000699800000|  0%| F|  |TAMS 0x0000000699400000, 0x0000000699400000| Untracked 
| 614|0x0000000699800000, 0x0000000699800000, 0x0000000699c00000|  0%| F|  |TAMS 0x0000000699800000, 0x0000000699800000| Untracked 
| 615|0x0000000699c00000, 0x0000000699c00000, 0x000000069a000000|  0%| F|  |TAMS 0x0000000699c00000, 0x0000000699c00000| Untracked 
| 616|0x000000069a000000, 0x000000069a000000, 0x000000069a400000|  0%| F|  |TAMS 0x000000069a000000, 0x000000069a000000| Untracked 
| 617|0x000000069a400000, 0x000000069a400000, 0x000000069a800000|  0%| F|  |TAMS 0x000000069a400000, 0x000000069a400000| Untracked 
| 618|0x000000069a800000, 0x000000069a800000, 0x000000069ac00000|  0%| F|  |TAMS 0x000000069a800000, 0x000000069a800000| Untracked 
| 619|0x000000069ac00000, 0x000000069ac00000, 0x000000069b000000|  0%| F|  |TAMS 0x000000069ac00000, 0x000000069ac00000| Untracked 
| 620|0x000000069b000000, 0x000000069b000000, 0x000000069b400000|  0%| F|  |TAMS 0x000000069b000000, 0x000000069b000000| Untracked 
| 621|0x000000069b400000, 0x000000069b400000, 0x000000069b800000|  0%| F|  |TAMS 0x000000069b400000, 0x000000069b400000| Untracked 
| 622|0x000000069b800000, 0x000000069b800000, 0x000000069bc00000|  0%| F|  |TAMS 0x000000069b800000, 0x000000069b800000| Untracked 
| 623|0x000000069bc00000, 0x000000069bc00000, 0x000000069c000000|  0%| F|  |TAMS 0x000000069bc00000, 0x000000069bc00000| Untracked 
| 624|0x000000069c000000, 0x000000069c000000, 0x000000069c400000|  0%| F|  |TAMS 0x000000069c000000, 0x000000069c000000| Untracked 
| 625|0x000000069c400000, 0x000000069c400000, 0x000000069c800000|  0%| F|  |TAMS 0x000000069c400000, 0x000000069c400000| Untracked 
| 626|0x000000069c800000, 0x000000069c800000, 0x000000069cc00000|  0%| F|  |TAMS 0x000000069c800000, 0x000000069c800000| Untracked 
| 627|0x000000069cc00000, 0x000000069cc00000, 0x000000069d000000|  0%| F|  |TAMS 0x000000069cc00000, 0x000000069cc00000| Untracked 
| 628|0x000000069d000000, 0x000000069d000000, 0x000000069d400000|  0%| F|  |TAMS 0x000000069d000000, 0x000000069d000000| Untracked 
| 629|0x000000069d400000, 0x000000069d400000, 0x000000069d800000|  0%| F|  |TAMS 0x000000069d400000, 0x000000069d400000| Untracked 
| 630|0x000000069d800000, 0x000000069d800000, 0x000000069dc00000|  0%| F|  |TAMS 0x000000069d800000, 0x000000069d800000| Untracked 
| 631|0x000000069dc00000, 0x000000069dc00000, 0x000000069e000000|  0%| F|  |TAMS 0x000000069dc00000, 0x000000069dc00000| Untracked 
| 632|0x000000069e000000, 0x000000069e000000, 0x000000069e400000|  0%| F|  |TAMS 0x000000069e000000, 0x000000069e000000| Untracked 
| 633|0x000000069e400000, 0x000000069e400000, 0x000000069e800000|  0%| F|  |TAMS 0x000000069e400000, 0x000000069e400000| Untracked 
| 634|0x000000069e800000, 0x000000069e800000, 0x000000069ec00000|  0%| F|  |TAMS 0x000000069e800000, 0x000000069e800000| Untracked 
| 635|0x000000069ec00000, 0x000000069ec00000, 0x000000069f000000|  0%| F|  |TAMS 0x000000069ec00000, 0x000000069ec00000| Untracked 
| 636|0x000000069f000000, 0x000000069f000000, 0x000000069f400000|  0%| F|  |TAMS 0x000000069f000000, 0x000000069f000000| Untracked 
| 637|0x000000069f400000, 0x000000069f400000, 0x000000069f800000|  0%| F|  |TAMS 0x000000069f400000, 0x000000069f400000| Untracked 
| 638|0x000000069f800000, 0x000000069f800000, 0x000000069fc00000|  0%| F|  |TAMS 0x000000069f800000, 0x000000069f800000| Untracked 
| 639|0x000000069fc00000, 0x000000069fc00000, 0x00000006a0000000|  0%| F|  |TAMS 0x000000069fc00000, 0x000000069fc00000| Untracked 
| 640|0x00000006a0000000, 0x00000006a0000000, 0x00000006a0400000|  0%| F|  |TAMS 0x00000006a0000000, 0x00000006a0000000| Untracked 
| 641|0x00000006a0400000, 0x00000006a0400000, 0x00000006a0800000|  0%| F|  |TAMS 0x00000006a0400000, 0x00000006a0400000| Untracked 
| 642|0x00000006a0800000, 0x00000006a0800000, 0x00000006a0c00000|  0%| F|  |TAMS 0x00000006a0800000, 0x00000006a0800000| Untracked 
| 643|0x00000006a0c00000, 0x00000006a0c00000, 0x00000006a1000000|  0%| F|  |TAMS 0x00000006a0c00000, 0x00000006a0c00000| Untracked 
| 644|0x00000006a1000000, 0x00000006a1000000, 0x00000006a1400000|  0%| F|  |TAMS 0x00000006a1000000, 0x00000006a1000000| Untracked 
| 645|0x00000006a1400000, 0x00000006a1400000, 0x00000006a1800000|  0%| F|  |TAMS 0x00000006a1400000, 0x00000006a1400000| Untracked 
| 646|0x00000006a1800000, 0x00000006a1800000, 0x00000006a1c00000|  0%| F|  |TAMS 0x00000006a1800000, 0x00000006a1800000| Untracked 
| 647|0x00000006a1c00000, 0x00000006a1c00000, 0x00000006a2000000|  0%| F|  |TAMS 0x00000006a1c00000, 0x00000006a1c00000| Untracked 
| 648|0x00000006a2000000, 0x00000006a2000000, 0x00000006a2400000|  0%| F|  |TAMS 0x00000006a2000000, 0x00000006a2000000| Untracked 
| 649|0x00000006a2400000, 0x00000006a2400000, 0x00000006a2800000|  0%| F|  |TAMS 0x00000006a2400000, 0x00000006a2400000| Untracked 
| 650|0x00000006a2800000, 0x00000006a2800000, 0x00000006a2c00000|  0%| F|  |TAMS 0x00000006a2800000, 0x00000006a2800000| Untracked 
| 651|0x00000006a2c00000, 0x00000006a2c00000, 0x00000006a3000000|  0%| F|  |TAMS 0x00000006a2c00000, 0x00000006a2c00000| Untracked 
| 652|0x00000006a3000000, 0x00000006a3000000, 0x00000006a3400000|  0%| F|  |TAMS 0x00000006a3000000, 0x00000006a3000000| Untracked 
| 653|0x00000006a3400000, 0x00000006a3400000, 0x00000006a3800000|  0%| F|  |TAMS 0x00000006a3400000, 0x00000006a3400000| Untracked 
| 654|0x00000006a3800000, 0x00000006a3800000, 0x00000006a3c00000|  0%| F|  |TAMS 0x00000006a3800000, 0x00000006a3800000| Untracked 
| 655|0x00000006a3c00000, 0x00000006a3c00000, 0x00000006a4000000|  0%| F|  |TAMS 0x00000006a3c00000, 0x00000006a3c00000| Untracked 
| 656|0x00000006a4000000, 0x00000006a4000000, 0x00000006a4400000|  0%| F|  |TAMS 0x00000006a4000000, 0x00000006a4000000| Untracked 
| 657|0x00000006a4400000, 0x00000006a4400000, 0x00000006a4800000|  0%| F|  |TAMS 0x00000006a4400000, 0x00000006a4400000| Untracked 
| 658|0x00000006a4800000, 0x00000006a4800000, 0x00000006a4c00000|  0%| F|  |TAMS 0x00000006a4800000, 0x00000006a4800000| Untracked 
| 659|0x00000006a4c00000, 0x00000006a4c00000, 0x00000006a5000000|  0%| F|  |TAMS 0x00000006a4c00000, 0x00000006a4c00000| Untracked 
| 660|0x00000006a5000000, 0x00000006a5000000, 0x00000006a5400000|  0%| F|  |TAMS 0x00000006a5000000, 0x00000006a5000000| Untracked 
| 661|0x00000006a5400000, 0x00000006a5400000, 0x00000006a5800000|  0%| F|  |TAMS 0x00000006a5400000, 0x00000006a5400000| Untracked 
| 662|0x00000006a5800000, 0x00000006a5800000, 0x00000006a5c00000|  0%| F|  |TAMS 0x00000006a5800000, 0x00000006a5800000| Untracked 
| 663|0x00000006a5c00000, 0x00000006a5c00000, 0x00000006a6000000|  0%| F|  |TAMS 0x00000006a5c00000, 0x00000006a5c00000| Untracked 
| 664|0x00000006a6000000, 0x00000006a6000000, 0x00000006a6400000|  0%| F|  |TAMS 0x00000006a6000000, 0x00000006a6000000| Untracked 
| 665|0x00000006a6400000, 0x00000006a6400000, 0x00000006a6800000|  0%| F|  |TAMS 0x00000006a6400000, 0x00000006a6400000| Untracked 
| 666|0x00000006a6800000, 0x00000006a6800000, 0x00000006a6c00000|  0%| F|  |TAMS 0x00000006a6800000, 0x00000006a6800000| Untracked 
| 667|0x00000006a6c00000, 0x00000006a6c00000, 0x00000006a7000000|  0%| F|  |TAMS 0x00000006a6c00000, 0x00000006a6c00000| Untracked 
| 668|0x00000006a7000000, 0x00000006a7000000, 0x00000006a7400000|  0%| F|  |TAMS 0x00000006a7000000, 0x00000006a7000000| Untracked 
| 669|0x00000006a7400000, 0x00000006a7400000, 0x00000006a7800000|  0%| F|  |TAMS 0x00000006a7400000, 0x00000006a7400000| Untracked 
| 670|0x00000006a7800000, 0x00000006a7800000, 0x00000006a7c00000|  0%| F|  |TAMS 0x00000006a7800000, 0x00000006a7800000| Untracked 
| 671|0x00000006a7c00000, 0x00000006a7c00000, 0x00000006a8000000|  0%| F|  |TAMS 0x00000006a7c00000, 0x00000006a7c00000| Untracked 
| 672|0x00000006a8000000, 0x00000006a8000000, 0x00000006a8400000|  0%| F|  |TAMS 0x00000006a8000000, 0x00000006a8000000| Untracked 
| 673|0x00000006a8400000, 0x00000006a8400000, 0x00000006a8800000|  0%| F|  |TAMS 0x00000006a8400000, 0x00000006a8400000| Untracked 
| 674|0x00000006a8800000, 0x00000006a8800000, 0x00000006a8c00000|  0%| F|  |TAMS 0x00000006a8800000, 0x00000006a8800000| Untracked 
| 675|0x00000006a8c00000, 0x00000006a8c00000, 0x00000006a9000000|  0%| F|  |TAMS 0x00000006a8c00000, 0x00000006a8c00000| Untracked 
| 676|0x00000006a9000000, 0x00000006a9000000, 0x00000006a9400000|  0%| F|  |TAMS 0x00000006a9000000, 0x00000006a9000000| Untracked 
| 677|0x00000006a9400000, 0x00000006a9400000, 0x00000006a9800000|  0%| F|  |TAMS 0x00000006a9400000, 0x00000006a9400000| Untracked 
| 678|0x00000006a9800000, 0x00000006a9800000, 0x00000006a9c00000|  0%| F|  |TAMS 0x00000006a9800000, 0x00000006a9800000| Untracked 
| 679|0x00000006a9c00000, 0x00000006a9c00000, 0x00000006aa000000|  0%| F|  |TAMS 0x00000006a9c00000, 0x00000006a9c00000| Untracked 
| 680|0x00000006aa000000, 0x00000006aa000000, 0x00000006aa400000|  0%| F|  |TAMS 0x00000006aa000000, 0x00000006aa000000| Untracked 
| 681|0x00000006aa400000, 0x00000006aa400000, 0x00000006aa800000|  0%| F|  |TAMS 0x00000006aa400000, 0x00000006aa400000| Untracked 
| 682|0x00000006aa800000, 0x00000006aa800000, 0x00000006aac00000|  0%| F|  |TAMS 0x00000006aa800000, 0x00000006aa800000| Untracked 
| 683|0x00000006aac00000, 0x00000006aac00000, 0x00000006ab000000|  0%| F|  |TAMS 0x00000006aac00000, 0x00000006aac00000| Untracked 
| 684|0x00000006ab000000, 0x00000006ab000000, 0x00000006ab400000|  0%| F|  |TAMS 0x00000006ab000000, 0x00000006ab000000| Untracked 
| 685|0x00000006ab400000, 0x00000006ab400000, 0x00000006ab800000|  0%| F|  |TAMS 0x00000006ab400000, 0x00000006ab400000| Untracked 
| 686|0x00000006ab800000, 0x00000006ab800000, 0x00000006abc00000|  0%| F|  |TAMS 0x00000006ab800000, 0x00000006ab800000| Untracked 
| 687|0x00000006abc00000, 0x00000006abc00000, 0x00000006ac000000|  0%| F|  |TAMS 0x00000006abc00000, 0x00000006abc00000| Untracked 
| 688|0x00000006ac000000, 0x00000006ac000000, 0x00000006ac400000|  0%| F|  |TAMS 0x00000006ac000000, 0x00000006ac000000| Untracked 
| 689|0x00000006ac400000, 0x00000006ac400000, 0x00000006ac800000|  0%| F|  |TAMS 0x00000006ac400000, 0x00000006ac400000| Untracked 
| 690|0x00000006ac800000, 0x00000006ac800000, 0x00000006acc00000|  0%| F|  |TAMS 0x00000006ac800000, 0x00000006ac800000| Untracked 
| 691|0x00000006acc00000, 0x00000006acc00000, 0x00000006ad000000|  0%| F|  |TAMS 0x00000006acc00000, 0x00000006acc00000| Untracked 
| 692|0x00000006ad000000, 0x00000006ad000000, 0x00000006ad400000|  0%| F|  |TAMS 0x00000006ad000000, 0x00000006ad000000| Untracked 
| 693|0x00000006ad400000, 0x00000006ad400000, 0x00000006ad800000|  0%| F|  |TAMS 0x00000006ad400000, 0x00000006ad400000| Untracked 
| 694|0x00000006ad800000, 0x00000006ad800000, 0x00000006adc00000|  0%| F|  |TAMS 0x00000006ad800000, 0x00000006ad800000| Untracked 
| 695|0x00000006adc00000, 0x00000006adc00000, 0x00000006ae000000|  0%| F|  |TAMS 0x00000006adc00000, 0x00000006adc00000| Untracked 
| 696|0x00000006ae000000, 0x00000006ae000000, 0x00000006ae400000|  0%| F|  |TAMS 0x00000006ae000000, 0x00000006ae000000| Untracked 
| 697|0x00000006ae400000, 0x00000006ae400000, 0x00000006ae800000|  0%| F|  |TAMS 0x00000006ae400000, 0x00000006ae400000| Untracked 
| 698|0x00000006ae800000, 0x00000006ae800000, 0x00000006aec00000|  0%| F|  |TAMS 0x00000006ae800000, 0x00000006ae800000| Untracked 
| 699|0x00000006aec00000, 0x00000006aec00000, 0x00000006af000000|  0%| F|  |TAMS 0x00000006aec00000, 0x00000006aec00000| Untracked 
| 700|0x00000006af000000, 0x00000006af000000, 0x00000006af400000|  0%| F|  |TAMS 0x00000006af000000, 0x00000006af000000| Untracked 
| 701|0x00000006af400000, 0x00000006af400000, 0x00000006af800000|  0%| F|  |TAMS 0x00000006af400000, 0x00000006af400000| Untracked 
| 702|0x00000006af800000, 0x00000006af800000, 0x00000006afc00000|  0%| F|  |TAMS 0x00000006af800000, 0x00000006af800000| Untracked 
| 703|0x00000006afc00000, 0x00000006afc00000, 0x00000006b0000000|  0%| F|  |TAMS 0x00000006afc00000, 0x00000006afc00000| Untracked 
| 704|0x00000006b0000000, 0x00000006b0000000, 0x00000006b0400000|  0%| F|  |TAMS 0x00000006b0000000, 0x00000006b0000000| Untracked 
| 705|0x00000006b0400000, 0x00000006b0400000, 0x00000006b0800000|  0%| F|  |TAMS 0x00000006b0400000, 0x00000006b0400000| Untracked 
| 706|0x00000006b0800000, 0x00000006b0800000, 0x00000006b0c00000|  0%| F|  |TAMS 0x00000006b0800000, 0x00000006b0800000| Untracked 
| 707|0x00000006b0c00000, 0x00000006b0c00000, 0x00000006b1000000|  0%| F|  |TAMS 0x00000006b0c00000, 0x00000006b0c00000| Untracked 
| 708|0x00000006b1000000, 0x00000006b1000000, 0x00000006b1400000|  0%| F|  |TAMS 0x00000006b1000000, 0x00000006b1000000| Untracked 
| 709|0x00000006b1400000, 0x00000006b1400000, 0x00000006b1800000|  0%| F|  |TAMS 0x00000006b1400000, 0x00000006b1400000| Untracked 
| 710|0x00000006b1800000, 0x00000006b1800000, 0x00000006b1c00000|  0%| F|  |TAMS 0x00000006b1800000, 0x00000006b1800000| Untracked 
| 711|0x00000006b1c00000, 0x00000006b1c00000, 0x00000006b2000000|  0%| F|  |TAMS 0x00000006b1c00000, 0x00000006b1c00000| Untracked 
| 712|0x00000006b2000000, 0x00000006b2000000, 0x00000006b2400000|  0%| F|  |TAMS 0x00000006b2000000, 0x00000006b2000000| Untracked 
| 713|0x00000006b2400000, 0x00000006b2400000, 0x00000006b2800000|  0%| F|  |TAMS 0x00000006b2400000, 0x00000006b2400000| Untracked 
| 714|0x00000006b2800000, 0x00000006b2800000, 0x00000006b2c00000|  0%| F|  |TAMS 0x00000006b2800000, 0x00000006b2800000| Untracked 
| 715|0x00000006b2c00000, 0x00000006b2c00000, 0x00000006b3000000|  0%| F|  |TAMS 0x00000006b2c00000, 0x00000006b2c00000| Untracked 
| 716|0x00000006b3000000, 0x00000006b3000000, 0x00000006b3400000|  0%| F|  |TAMS 0x00000006b3000000, 0x00000006b3000000| Untracked 
| 717|0x00000006b3400000, 0x00000006b3400000, 0x00000006b3800000|  0%| F|  |TAMS 0x00000006b3400000, 0x00000006b3400000| Untracked 
| 718|0x00000006b3800000, 0x00000006b3800000, 0x00000006b3c00000|  0%| F|  |TAMS 0x00000006b3800000, 0x00000006b3800000| Untracked 
| 719|0x00000006b3c00000, 0x00000006b3c00000, 0x00000006b4000000|  0%| F|  |TAMS 0x00000006b3c00000, 0x00000006b3c00000| Untracked 
| 720|0x00000006b4000000, 0x00000006b4000000, 0x00000006b4400000|  0%| F|  |TAMS 0x00000006b4000000, 0x00000006b4000000| Untracked 
| 721|0x00000006b4400000, 0x00000006b4400000, 0x00000006b4800000|  0%| F|  |TAMS 0x00000006b4400000, 0x00000006b4400000| Untracked 
| 722|0x00000006b4800000, 0x00000006b4800000, 0x00000006b4c00000|  0%| F|  |TAMS 0x00000006b4800000, 0x00000006b4800000| Untracked 
| 723|0x00000006b4c00000, 0x00000006b4c00000, 0x00000006b5000000|  0%| F|  |TAMS 0x00000006b4c00000, 0x00000006b4c00000| Untracked 
| 724|0x00000006b5000000, 0x00000006b5000000, 0x00000006b5400000|  0%| F|  |TAMS 0x00000006b5000000, 0x00000006b5000000| Untracked 
| 725|0x00000006b5400000, 0x00000006b5400000, 0x00000006b5800000|  0%| F|  |TAMS 0x00000006b5400000, 0x00000006b5400000| Untracked 
| 726|0x00000006b5800000, 0x00000006b5800000, 0x00000006b5c00000|  0%| F|  |TAMS 0x00000006b5800000, 0x00000006b5800000| Untracked 
| 727|0x00000006b5c00000, 0x00000006b5c00000, 0x00000006b6000000|  0%| F|  |TAMS 0x00000006b5c00000, 0x00000006b5c00000| Untracked 
| 728|0x00000006b6000000, 0x00000006b6000000, 0x00000006b6400000|  0%| F|  |TAMS 0x00000006b6000000, 0x00000006b6000000| Untracked 
| 729|0x00000006b6400000, 0x00000006b6400000, 0x00000006b6800000|  0%| F|  |TAMS 0x00000006b6400000, 0x00000006b6400000| Untracked 
| 730|0x00000006b6800000, 0x00000006b6800000, 0x00000006b6c00000|  0%| F|  |TAMS 0x00000006b6800000, 0x00000006b6800000| Untracked 
| 731|0x00000006b6c00000, 0x00000006b6c00000, 0x00000006b7000000|  0%| F|  |TAMS 0x00000006b6c00000, 0x00000006b6c00000| Untracked 
| 732|0x00000006b7000000, 0x00000006b7000000, 0x00000006b7400000|  0%| F|  |TAMS 0x00000006b7000000, 0x00000006b7000000| Untracked 
| 733|0x00000006b7400000, 0x00000006b7400000, 0x00000006b7800000|  0%| F|  |TAMS 0x00000006b7400000, 0x00000006b7400000| Untracked 
| 734|0x00000006b7800000, 0x00000006b7800000, 0x00000006b7c00000|  0%| F|  |TAMS 0x00000006b7800000, 0x00000006b7800000| Untracked 
| 735|0x00000006b7c00000, 0x00000006b7c00000, 0x00000006b8000000|  0%| F|  |TAMS 0x00000006b7c00000, 0x00000006b7c00000| Untracked 
| 736|0x00000006b8000000, 0x00000006b8000000, 0x00000006b8400000|  0%| F|  |TAMS 0x00000006b8000000, 0x00000006b8000000| Untracked 
| 737|0x00000006b8400000, 0x00000006b8400000, 0x00000006b8800000|  0%| F|  |TAMS 0x00000006b8400000, 0x00000006b8400000| Untracked 
| 738|0x00000006b8800000, 0x00000006b8800000, 0x00000006b8c00000|  0%| F|  |TAMS 0x00000006b8800000, 0x00000006b8800000| Untracked 
| 739|0x00000006b8c00000, 0x00000006b8c00000, 0x00000006b9000000|  0%| F|  |TAMS 0x00000006b8c00000, 0x00000006b8c00000| Untracked 
| 740|0x00000006b9000000, 0x00000006b9000000, 0x00000006b9400000|  0%| F|  |TAMS 0x00000006b9000000, 0x00000006b9000000| Untracked 
| 741|0x00000006b9400000, 0x00000006b9400000, 0x00000006b9800000|  0%| F|  |TAMS 0x00000006b9400000, 0x00000006b9400000| Untracked 
| 742|0x00000006b9800000, 0x00000006b9800000, 0x00000006b9c00000|  0%| F|  |TAMS 0x00000006b9800000, 0x00000006b9800000| Untracked 
| 743|0x00000006b9c00000, 0x00000006b9c00000, 0x00000006ba000000|  0%| F|  |TAMS 0x00000006b9c00000, 0x00000006b9c00000| Untracked 
| 744|0x00000006ba000000, 0x00000006ba000000, 0x00000006ba400000|  0%| F|  |TAMS 0x00000006ba000000, 0x00000006ba000000| Untracked 
| 745|0x00000006ba400000, 0x00000006ba400000, 0x00000006ba800000|  0%| F|  |TAMS 0x00000006ba400000, 0x00000006ba400000| Untracked 
| 746|0x00000006ba800000, 0x00000006ba800000, 0x00000006bac00000|  0%| F|  |TAMS 0x00000006ba800000, 0x00000006ba800000| Untracked 
| 747|0x00000006bac00000, 0x00000006bac00000, 0x00000006bb000000|  0%| F|  |TAMS 0x00000006bac00000, 0x00000006bac00000| Untracked 
| 748|0x00000006bb000000, 0x00000006bb000000, 0x00000006bb400000|  0%| F|  |TAMS 0x00000006bb000000, 0x00000006bb000000| Untracked 
| 749|0x00000006bb400000, 0x00000006bb400000, 0x00000006bb800000|  0%| F|  |TAMS 0x00000006bb400000, 0x00000006bb400000| Untracked 
| 750|0x00000006bb800000, 0x00000006bb800000, 0x00000006bbc00000|  0%| F|  |TAMS 0x00000006bb800000, 0x00000006bb800000| Untracked 
| 751|0x00000006bbc00000, 0x00000006bbc00000, 0x00000006bc000000|  0%| F|  |TAMS 0x00000006bbc00000, 0x00000006bbc00000| Untracked 
| 752|0x00000006bc000000, 0x00000006bc000000, 0x00000006bc400000|  0%| F|  |TAMS 0x00000006bc000000, 0x00000006bc000000| Untracked 
| 753|0x00000006bc400000, 0x00000006bc400000, 0x00000006bc800000|  0%| F|  |TAMS 0x00000006bc400000, 0x00000006bc400000| Untracked 
| 754|0x00000006bc800000, 0x00000006bc800000, 0x00000006bcc00000|  0%| F|  |TAMS 0x00000006bc800000, 0x00000006bc800000| Untracked 
| 755|0x00000006bcc00000, 0x00000006bcc00000, 0x00000006bd000000|  0%| F|  |TAMS 0x00000006bcc00000, 0x00000006bcc00000| Untracked 
| 756|0x00000006bd000000, 0x00000006bd000000, 0x00000006bd400000|  0%| F|  |TAMS 0x00000006bd000000, 0x00000006bd000000| Untracked 
| 757|0x00000006bd400000, 0x00000006bd400000, 0x00000006bd800000|  0%| F|  |TAMS 0x00000006bd400000, 0x00000006bd400000| Untracked 
| 758|0x00000006bd800000, 0x00000006bd800000, 0x00000006bdc00000|  0%| F|  |TAMS 0x00000006bd800000, 0x00000006bd800000| Untracked 
| 759|0x00000006bdc00000, 0x00000006bdc00000, 0x00000006be000000|  0%| F|  |TAMS 0x00000006bdc00000, 0x00000006bdc00000| Untracked 
| 760|0x00000006be000000, 0x00000006be000000, 0x00000006be400000|  0%| F|  |TAMS 0x00000006be000000, 0x00000006be000000| Untracked 
| 761|0x00000006be400000, 0x00000006be400000, 0x00000006be800000|  0%| F|  |TAMS 0x00000006be400000, 0x00000006be400000| Untracked 
| 762|0x00000006be800000, 0x00000006be800000, 0x00000006bec00000|  0%| F|  |TAMS 0x00000006be800000, 0x00000006be800000| Untracked 
| 763|0x00000006bec00000, 0x00000006bec00000, 0x00000006bf000000|  0%| F|  |TAMS 0x00000006bec00000, 0x00000006bec00000| Untracked 
| 764|0x00000006bf000000, 0x00000006bf000000, 0x00000006bf400000|  0%| F|  |TAMS 0x00000006bf000000, 0x00000006bf000000| Untracked 
| 765|0x00000006bf400000, 0x00000006bf400000, 0x00000006bf800000|  0%| F|  |TAMS 0x00000006bf400000, 0x00000006bf400000| Untracked 
| 766|0x00000006bf800000, 0x00000006bf800000, 0x00000006bfc00000|  0%| F|  |TAMS 0x00000006bf800000, 0x00000006bf800000| Untracked 
| 767|0x00000006bfc00000, 0x00000006bfc00000, 0x00000006c0000000|  0%| F|  |TAMS 0x00000006bfc00000, 0x00000006bfc00000| Untracked 
| 768|0x00000006c0000000, 0x00000006c0000000, 0x00000006c0400000|  0%| F|  |TAMS 0x00000006c0000000, 0x00000006c0000000| Untracked 
| 769|0x00000006c0400000, 0x00000006c0400000, 0x00000006c0800000|  0%| F|  |TAMS 0x00000006c0400000, 0x00000006c0400000| Untracked 
| 770|0x00000006c0800000, 0x00000006c0800000, 0x00000006c0c00000|  0%| F|  |TAMS 0x00000006c0800000, 0x00000006c0800000| Untracked 
| 771|0x00000006c0c00000, 0x00000006c0c00000, 0x00000006c1000000|  0%| F|  |TAMS 0x00000006c0c00000, 0x00000006c0c00000| Untracked 
| 772|0x00000006c1000000, 0x00000006c1000000, 0x00000006c1400000|  0%| F|  |TAMS 0x00000006c1000000, 0x00000006c1000000| Untracked 
| 773|0x00000006c1400000, 0x00000006c1400000, 0x00000006c1800000|  0%| F|  |TAMS 0x00000006c1400000, 0x00000006c1400000| Untracked 
| 774|0x00000006c1800000, 0x00000006c1800000, 0x00000006c1c00000|  0%| F|  |TAMS 0x00000006c1800000, 0x00000006c1800000| Untracked 
| 775|0x00000006c1c00000, 0x00000006c1c00000, 0x00000006c2000000|  0%| F|  |TAMS 0x00000006c1c00000, 0x00000006c1c00000| Untracked 
| 776|0x00000006c2000000, 0x00000006c2000000, 0x00000006c2400000|  0%| F|  |TAMS 0x00000006c2000000, 0x00000006c2000000| Untracked 
| 777|0x00000006c2400000, 0x00000006c2400000, 0x00000006c2800000|  0%| F|  |TAMS 0x00000006c2400000, 0x00000006c2400000| Untracked 
| 778|0x00000006c2800000, 0x00000006c2800000, 0x00000006c2c00000|  0%| F|  |TAMS 0x00000006c2800000, 0x00000006c2800000| Untracked 
| 779|0x00000006c2c00000, 0x00000006c2c00000, 0x00000006c3000000|  0%| F|  |TAMS 0x00000006c2c00000, 0x00000006c2c00000| Untracked 
| 780|0x00000006c3000000, 0x00000006c3000000, 0x00000006c3400000|  0%| F|  |TAMS 0x00000006c3000000, 0x00000006c3000000| Untracked 
| 781|0x00000006c3400000, 0x00000006c3400000, 0x00000006c3800000|  0%| F|  |TAMS 0x00000006c3400000, 0x00000006c3400000| Untracked 
| 782|0x00000006c3800000, 0x00000006c3800000, 0x00000006c3c00000|  0%| F|  |TAMS 0x00000006c3800000, 0x00000006c3800000| Untracked 
| 783|0x00000006c3c00000, 0x00000006c3c00000, 0x00000006c4000000|  0%| F|  |TAMS 0x00000006c3c00000, 0x00000006c3c00000| Untracked 
| 784|0x00000006c4000000, 0x00000006c4000000, 0x00000006c4400000|  0%| F|  |TAMS 0x00000006c4000000, 0x00000006c4000000| Untracked 
| 785|0x00000006c4400000, 0x00000006c4400000, 0x00000006c4800000|  0%| F|  |TAMS 0x00000006c4400000, 0x00000006c4400000| Untracked 
| 786|0x00000006c4800000, 0x00000006c4800000, 0x00000006c4c00000|  0%| F|  |TAMS 0x00000006c4800000, 0x00000006c4800000| Untracked 
| 787|0x00000006c4c00000, 0x00000006c4c00000, 0x00000006c5000000|  0%| F|  |TAMS 0x00000006c4c00000, 0x00000006c4c00000| Untracked 
| 788|0x00000006c5000000, 0x00000006c5000000, 0x00000006c5400000|  0%| F|  |TAMS 0x00000006c5000000, 0x00000006c5000000| Untracked 
| 789|0x00000006c5400000, 0x00000006c5400000, 0x00000006c5800000|  0%| F|  |TAMS 0x00000006c5400000, 0x00000006c5400000| Untracked 
| 790|0x00000006c5800000, 0x00000006c5800000, 0x00000006c5c00000|  0%| F|  |TAMS 0x00000006c5800000, 0x00000006c5800000| Untracked 
| 791|0x00000006c5c00000, 0x00000006c5c00000, 0x00000006c6000000|  0%| F|  |TAMS 0x00000006c5c00000, 0x00000006c5c00000| Untracked 
| 792|0x00000006c6000000, 0x00000006c6000000, 0x00000006c6400000|  0%| F|  |TAMS 0x00000006c6000000, 0x00000006c6000000| Untracked 
| 793|0x00000006c6400000, 0x00000006c6400000, 0x00000006c6800000|  0%| F|  |TAMS 0x00000006c6400000, 0x00000006c6400000| Untracked 
| 794|0x00000006c6800000, 0x00000006c6800000, 0x00000006c6c00000|  0%| F|  |TAMS 0x00000006c6800000, 0x00000006c6800000| Untracked 
| 795|0x00000006c6c00000, 0x00000006c6c00000, 0x00000006c7000000|  0%| F|  |TAMS 0x00000006c6c00000, 0x00000006c6c00000| Untracked 
| 796|0x00000006c7000000, 0x00000006c7000000, 0x00000006c7400000|  0%| F|  |TAMS 0x00000006c7000000, 0x00000006c7000000| Untracked 
| 797|0x00000006c7400000, 0x00000006c7400000, 0x00000006c7800000|  0%| F|  |TAMS 0x00000006c7400000, 0x00000006c7400000| Untracked 
| 798|0x00000006c7800000, 0x00000006c7800000, 0x00000006c7c00000|  0%| F|  |TAMS 0x00000006c7800000, 0x00000006c7800000| Untracked 
| 799|0x00000006c7c00000, 0x00000006c7c00000, 0x00000006c8000000|  0%| F|  |TAMS 0x00000006c7c00000, 0x00000006c7c00000| Untracked 
| 800|0x00000006c8000000, 0x00000006c8000000, 0x00000006c8400000|  0%| F|  |TAMS 0x00000006c8000000, 0x00000006c8000000| Untracked 
| 801|0x00000006c8400000, 0x00000006c8400000, 0x00000006c8800000|  0%| F|  |TAMS 0x00000006c8400000, 0x00000006c8400000| Untracked 
| 802|0x00000006c8800000, 0x00000006c8800000, 0x00000006c8c00000|  0%| F|  |TAMS 0x00000006c8800000, 0x00000006c8800000| Untracked 
| 803|0x00000006c8c00000, 0x00000006c8c00000, 0x00000006c9000000|  0%| F|  |TAMS 0x00000006c8c00000, 0x00000006c8c00000| Untracked 
| 804|0x00000006c9000000, 0x00000006c9000000, 0x00000006c9400000|  0%| F|  |TAMS 0x00000006c9000000, 0x00000006c9000000| Untracked 
| 805|0x00000006c9400000, 0x00000006c9400000, 0x00000006c9800000|  0%| F|  |TAMS 0x00000006c9400000, 0x00000006c9400000| Untracked 
| 806|0x00000006c9800000, 0x00000006c9800000, 0x00000006c9c00000|  0%| F|  |TAMS 0x00000006c9800000, 0x00000006c9800000| Untracked 
| 807|0x00000006c9c00000, 0x00000006c9c00000, 0x00000006ca000000|  0%| F|  |TAMS 0x00000006c9c00000, 0x00000006c9c00000| Untracked 
| 808|0x00000006ca000000, 0x00000006ca000000, 0x00000006ca400000|  0%| F|  |TAMS 0x00000006ca000000, 0x00000006ca000000| Untracked 
| 809|0x00000006ca400000, 0x00000006ca400000, 0x00000006ca800000|  0%| F|  |TAMS 0x00000006ca400000, 0x00000006ca400000| Untracked 
| 810|0x00000006ca800000, 0x00000006ca800000, 0x00000006cac00000|  0%| F|  |TAMS 0x00000006ca800000, 0x00000006ca800000| Untracked 
| 811|0x00000006cac00000, 0x00000006cac00000, 0x00000006cb000000|  0%| F|  |TAMS 0x00000006cac00000, 0x00000006cac00000| Untracked 
| 812|0x00000006cb000000, 0x00000006cb000000, 0x00000006cb400000|  0%| F|  |TAMS 0x00000006cb000000, 0x00000006cb000000| Untracked 
| 813|0x00000006cb400000, 0x00000006cb400000, 0x00000006cb800000|  0%| F|  |TAMS 0x00000006cb400000, 0x00000006cb400000| Untracked 
| 814|0x00000006cb800000, 0x00000006cb800000, 0x00000006cbc00000|  0%| F|  |TAMS 0x00000006cb800000, 0x00000006cb800000| Untracked 
| 815|0x00000006cbc00000, 0x00000006cbc00000, 0x00000006cc000000|  0%| F|  |TAMS 0x00000006cbc00000, 0x00000006cbc00000| Untracked 
| 816|0x00000006cc000000, 0x00000006cc000000, 0x00000006cc400000|  0%| F|  |TAMS 0x00000006cc000000, 0x00000006cc000000| Untracked 
| 817|0x00000006cc400000, 0x00000006cc400000, 0x00000006cc800000|  0%| F|  |TAMS 0x00000006cc400000, 0x00000006cc400000| Untracked 
| 818|0x00000006cc800000, 0x00000006cc800000, 0x00000006ccc00000|  0%| F|  |TAMS 0x00000006cc800000, 0x00000006cc800000| Untracked 
| 819|0x00000006ccc00000, 0x00000006ccc00000, 0x00000006cd000000|  0%| F|  |TAMS 0x00000006ccc00000, 0x00000006ccc00000| Untracked 
| 820|0x00000006cd000000, 0x00000006cd000000, 0x00000006cd400000|  0%| F|  |TAMS 0x00000006cd000000, 0x00000006cd000000| Untracked 
| 821|0x00000006cd400000, 0x00000006cd400000, 0x00000006cd800000|  0%| F|  |TAMS 0x00000006cd400000, 0x00000006cd400000| Untracked 
| 822|0x00000006cd800000, 0x00000006cd800000, 0x00000006cdc00000|  0%| F|  |TAMS 0x00000006cd800000, 0x00000006cd800000| Untracked 
| 823|0x00000006cdc00000, 0x00000006cdc00000, 0x00000006ce000000|  0%| F|  |TAMS 0x00000006cdc00000, 0x00000006cdc00000| Untracked 
| 824|0x00000006ce000000, 0x00000006ce000000, 0x00000006ce400000|  0%| F|  |TAMS 0x00000006ce000000, 0x00000006ce000000| Untracked 
| 825|0x00000006ce400000, 0x00000006ce400000, 0x00000006ce800000|  0%| F|  |TAMS 0x00000006ce400000, 0x00000006ce400000| Untracked 
| 826|0x00000006ce800000, 0x00000006ce800000, 0x00000006cec00000|  0%| F|  |TAMS 0x00000006ce800000, 0x00000006ce800000| Untracked 
| 827|0x00000006cec00000, 0x00000006cec00000, 0x00000006cf000000|  0%| F|  |TAMS 0x00000006cec00000, 0x00000006cec00000| Untracked 
| 828|0x00000006cf000000, 0x00000006cf000000, 0x00000006cf400000|  0%| F|  |TAMS 0x00000006cf000000, 0x00000006cf000000| Untracked 
| 829|0x00000006cf400000, 0x00000006cf400000, 0x00000006cf800000|  0%| F|  |TAMS 0x00000006cf400000, 0x00000006cf400000| Untracked 
| 830|0x00000006cf800000, 0x00000006cf800000, 0x00000006cfc00000|  0%| F|  |TAMS 0x00000006cf800000, 0x00000006cf800000| Untracked 
| 831|0x00000006cfc00000, 0x00000006cfc00000, 0x00000006d0000000|  0%| F|  |TAMS 0x00000006cfc00000, 0x00000006cfc00000| Untracked 
| 832|0x00000006d0000000, 0x00000006d0000000, 0x00000006d0400000|  0%| F|  |TAMS 0x00000006d0000000, 0x00000006d0000000| Untracked 
| 833|0x00000006d0400000, 0x00000006d0400000, 0x00000006d0800000|  0%| F|  |TAMS 0x00000006d0400000, 0x00000006d0400000| Untracked 
| 834|0x00000006d0800000, 0x00000006d0800000, 0x00000006d0c00000|  0%| F|  |TAMS 0x00000006d0800000, 0x00000006d0800000| Untracked 
| 835|0x00000006d0c00000, 0x00000006d0c00000, 0x00000006d1000000|  0%| F|  |TAMS 0x00000006d0c00000, 0x00000006d0c00000| Untracked 
| 836|0x00000006d1000000, 0x00000006d1000000, 0x00000006d1400000|  0%| F|  |TAMS 0x00000006d1000000, 0x00000006d1000000| Untracked 
| 837|0x00000006d1400000, 0x00000006d1400000, 0x00000006d1800000|  0%| F|  |TAMS 0x00000006d1400000, 0x00000006d1400000| Untracked 
| 838|0x00000006d1800000, 0x00000006d1800000, 0x00000006d1c00000|  0%| F|  |TAMS 0x00000006d1800000, 0x00000006d1800000| Untracked 
| 839|0x00000006d1c00000, 0x00000006d1c00000, 0x00000006d2000000|  0%| F|  |TAMS 0x00000006d1c00000, 0x00000006d1c00000| Untracked 
| 840|0x00000006d2000000, 0x00000006d2000000, 0x00000006d2400000|  0%| F|  |TAMS 0x00000006d2000000, 0x00000006d2000000| Untracked 
| 841|0x00000006d2400000, 0x00000006d2400000, 0x00000006d2800000|  0%| F|  |TAMS 0x00000006d2400000, 0x00000006d2400000| Untracked 
| 842|0x00000006d2800000, 0x00000006d2800000, 0x00000006d2c00000|  0%| F|  |TAMS 0x00000006d2800000, 0x00000006d2800000| Untracked 
| 843|0x00000006d2c00000, 0x00000006d2c00000, 0x00000006d3000000|  0%| F|  |TAMS 0x00000006d2c00000, 0x00000006d2c00000| Untracked 
| 844|0x00000006d3000000, 0x00000006d3000000, 0x00000006d3400000|  0%| F|  |TAMS 0x00000006d3000000, 0x00000006d3000000| Untracked 
| 845|0x00000006d3400000, 0x00000006d3400000, 0x00000006d3800000|  0%| F|  |TAMS 0x00000006d3400000, 0x00000006d3400000| Untracked 
| 846|0x00000006d3800000, 0x00000006d3800000, 0x00000006d3c00000|  0%| F|  |TAMS 0x00000006d3800000, 0x00000006d3800000| Untracked 
| 847|0x00000006d3c00000, 0x00000006d3c00000, 0x00000006d4000000|  0%| F|  |TAMS 0x00000006d3c00000, 0x00000006d3c00000| Untracked 
| 848|0x00000006d4000000, 0x00000006d4000000, 0x00000006d4400000|  0%| F|  |TAMS 0x00000006d4000000, 0x00000006d4000000| Untracked 
| 849|0x00000006d4400000, 0x00000006d4400000, 0x00000006d4800000|  0%| F|  |TAMS 0x00000006d4400000, 0x00000006d4400000| Untracked 
| 850|0x00000006d4800000, 0x00000006d4800000, 0x00000006d4c00000|  0%| F|  |TAMS 0x00000006d4800000, 0x00000006d4800000| Untracked 
| 851|0x00000006d4c00000, 0x00000006d4c00000, 0x00000006d5000000|  0%| F|  |TAMS 0x00000006d4c00000, 0x00000006d4c00000| Untracked 
| 852|0x00000006d5000000, 0x00000006d5000000, 0x00000006d5400000|  0%| F|  |TAMS 0x00000006d5000000, 0x00000006d5000000| Untracked 
| 853|0x00000006d5400000, 0x00000006d5400000, 0x00000006d5800000|  0%| F|  |TAMS 0x00000006d5400000, 0x00000006d5400000| Untracked 
| 854|0x00000006d5800000, 0x00000006d5800000, 0x00000006d5c00000|  0%| F|  |TAMS 0x00000006d5800000, 0x00000006d5800000| Untracked 
| 855|0x00000006d5c00000, 0x00000006d5c00000, 0x00000006d6000000|  0%| F|  |TAMS 0x00000006d5c00000, 0x00000006d5c00000| Untracked 
| 856|0x00000006d6000000, 0x00000006d6000000, 0x00000006d6400000|  0%| F|  |TAMS 0x00000006d6000000, 0x00000006d6000000| Untracked 
| 857|0x00000006d6400000, 0x00000006d6400000, 0x00000006d6800000|  0%| F|  |TAMS 0x00000006d6400000, 0x00000006d6400000| Untracked 
| 858|0x00000006d6800000, 0x00000006d6800000, 0x00000006d6c00000|  0%| F|  |TAMS 0x00000006d6800000, 0x00000006d6800000| Untracked 
| 859|0x00000006d6c00000, 0x00000006d6c00000, 0x00000006d7000000|  0%| F|  |TAMS 0x00000006d6c00000, 0x00000006d6c00000| Untracked 
| 860|0x00000006d7000000, 0x00000006d7000000, 0x00000006d7400000|  0%| F|  |TAMS 0x00000006d7000000, 0x00000006d7000000| Untracked 
| 861|0x00000006d7400000, 0x00000006d7400000, 0x00000006d7800000|  0%| F|  |TAMS 0x00000006d7400000, 0x00000006d7400000| Untracked 
| 862|0x00000006d7800000, 0x00000006d7800000, 0x00000006d7c00000|  0%| F|  |TAMS 0x00000006d7800000, 0x00000006d7800000| Untracked 
| 863|0x00000006d7c00000, 0x00000006d7c00000, 0x00000006d8000000|  0%| F|  |TAMS 0x00000006d7c00000, 0x00000006d7c00000| Untracked 
| 864|0x00000006d8000000, 0x00000006d8000000, 0x00000006d8400000|  0%| F|  |TAMS 0x00000006d8000000, 0x00000006d8000000| Untracked 
| 865|0x00000006d8400000, 0x00000006d8400000, 0x00000006d8800000|  0%| F|  |TAMS 0x00000006d8400000, 0x00000006d8400000| Untracked 
| 866|0x00000006d8800000, 0x00000006d8800000, 0x00000006d8c00000|  0%| F|  |TAMS 0x00000006d8800000, 0x00000006d8800000| Untracked 
| 867|0x00000006d8c00000, 0x00000006d8c00000, 0x00000006d9000000|  0%| F|  |TAMS 0x00000006d8c00000, 0x00000006d8c00000| Untracked 
| 868|0x00000006d9000000, 0x00000006d9000000, 0x00000006d9400000|  0%| F|  |TAMS 0x00000006d9000000, 0x00000006d9000000| Untracked 
| 869|0x00000006d9400000, 0x00000006d9400000, 0x00000006d9800000|  0%| F|  |TAMS 0x00000006d9400000, 0x00000006d9400000| Untracked 
| 870|0x00000006d9800000, 0x00000006d9800000, 0x00000006d9c00000|  0%| F|  |TAMS 0x00000006d9800000, 0x00000006d9800000| Untracked 
| 871|0x00000006d9c00000, 0x00000006d9c00000, 0x00000006da000000|  0%| F|  |TAMS 0x00000006d9c00000, 0x00000006d9c00000| Untracked 
| 872|0x00000006da000000, 0x00000006da000000, 0x00000006da400000|  0%| F|  |TAMS 0x00000006da000000, 0x00000006da000000| Untracked 
| 873|0x00000006da400000, 0x00000006da400000, 0x00000006da800000|  0%| F|  |TAMS 0x00000006da400000, 0x00000006da400000| Untracked 
| 874|0x00000006da800000, 0x00000006da800000, 0x00000006dac00000|  0%| F|  |TAMS 0x00000006da800000, 0x00000006da800000| Untracked 
| 875|0x00000006dac00000, 0x00000006dac00000, 0x00000006db000000|  0%| F|  |TAMS 0x00000006dac00000, 0x00000006dac00000| Untracked 
| 876|0x00000006db000000, 0x00000006db000000, 0x00000006db400000|  0%| F|  |TAMS 0x00000006db000000, 0x00000006db000000| Untracked 
| 877|0x00000006db400000, 0x00000006db400000, 0x00000006db800000|  0%| F|  |TAMS 0x00000006db400000, 0x00000006db400000| Untracked 
| 878|0x00000006db800000, 0x00000006db800000, 0x00000006dbc00000|  0%| F|  |TAMS 0x00000006db800000, 0x00000006db800000| Untracked 
| 879|0x00000006dbc00000, 0x00000006dbc00000, 0x00000006dc000000|  0%| F|  |TAMS 0x00000006dbc00000, 0x00000006dbc00000| Untracked 
| 880|0x00000006dc000000, 0x00000006dc000000, 0x00000006dc400000|  0%| F|  |TAMS 0x00000006dc000000, 0x00000006dc000000| Untracked 
| 881|0x00000006dc400000, 0x00000006dc400000, 0x00000006dc800000|  0%| F|  |TAMS 0x00000006dc400000, 0x00000006dc400000| Untracked 
| 882|0x00000006dc800000, 0x00000006dc800000, 0x00000006dcc00000|  0%| F|  |TAMS 0x00000006dc800000, 0x00000006dc800000| Untracked 
| 883|0x00000006dcc00000, 0x00000006dcc00000, 0x00000006dd000000|  0%| F|  |TAMS 0x00000006dcc00000, 0x00000006dcc00000| Untracked 
| 884|0x00000006dd000000, 0x00000006dd000000, 0x00000006dd400000|  0%| F|  |TAMS 0x00000006dd000000, 0x00000006dd000000| Untracked 
| 885|0x00000006dd400000, 0x00000006dd400000, 0x00000006dd800000|  0%| F|  |TAMS 0x00000006dd400000, 0x00000006dd400000| Untracked 
| 886|0x00000006dd800000, 0x00000006dd800000, 0x00000006ddc00000|  0%| F|  |TAMS 0x00000006dd800000, 0x00000006dd800000| Untracked 
| 887|0x00000006ddc00000, 0x00000006ddc00000, 0x00000006de000000|  0%| F|  |TAMS 0x00000006ddc00000, 0x00000006ddc00000| Untracked 
| 888|0x00000006de000000, 0x00000006de000000, 0x00000006de400000|  0%| F|  |TAMS 0x00000006de000000, 0x00000006de000000| Untracked 
| 889|0x00000006de400000, 0x00000006de400000, 0x00000006de800000|  0%| F|  |TAMS 0x00000006de400000, 0x00000006de400000| Untracked 
| 890|0x00000006de800000, 0x00000006de800000, 0x00000006dec00000|  0%| F|  |TAMS 0x00000006de800000, 0x00000006de800000| Untracked 
| 891|0x00000006dec00000, 0x00000006dec00000, 0x00000006df000000|  0%| F|  |TAMS 0x00000006dec00000, 0x00000006dec00000| Untracked 
| 892|0x00000006df000000, 0x00000006df000000, 0x00000006df400000|  0%| F|  |TAMS 0x00000006df000000, 0x00000006df000000| Untracked 
| 893|0x00000006df400000, 0x00000006df400000, 0x00000006df800000|  0%| F|  |TAMS 0x00000006df400000, 0x00000006df400000| Untracked 
| 894|0x00000006df800000, 0x00000006df800000, 0x00000006dfc00000|  0%| F|  |TAMS 0x00000006df800000, 0x00000006df800000| Untracked 
| 895|0x00000006dfc00000, 0x00000006dfc00000, 0x00000006e0000000|  0%| F|  |TAMS 0x00000006dfc00000, 0x00000006dfc00000| Untracked 
| 896|0x00000006e0000000, 0x00000006e0000000, 0x00000006e0400000|  0%| F|  |TAMS 0x00000006e0000000, 0x00000006e0000000| Untracked 
| 897|0x00000006e0400000, 0x00000006e0400000, 0x00000006e0800000|  0%| F|  |TAMS 0x00000006e0400000, 0x00000006e0400000| Untracked 
| 898|0x00000006e0800000, 0x00000006e0800000, 0x00000006e0c00000|  0%| F|  |TAMS 0x00000006e0800000, 0x00000006e0800000| Untracked 
| 899|0x00000006e0c00000, 0x00000006e0c00000, 0x00000006e1000000|  0%| F|  |TAMS 0x00000006e0c00000, 0x00000006e0c00000| Untracked 
| 900|0x00000006e1000000, 0x00000006e1000000, 0x00000006e1400000|  0%| F|  |TAMS 0x00000006e1000000, 0x00000006e1000000| Untracked 
| 901|0x00000006e1400000, 0x00000006e1400000, 0x00000006e1800000|  0%| F|  |TAMS 0x00000006e1400000, 0x00000006e1400000| Untracked 
| 902|0x00000006e1800000, 0x00000006e1800000, 0x00000006e1c00000|  0%| F|  |TAMS 0x00000006e1800000, 0x00000006e1800000| Untracked 
| 903|0x00000006e1c00000, 0x00000006e1c00000, 0x00000006e2000000|  0%| F|  |TAMS 0x00000006e1c00000, 0x00000006e1c00000| Untracked 
| 904|0x00000006e2000000, 0x00000006e2000000, 0x00000006e2400000|  0%| F|  |TAMS 0x00000006e2000000, 0x00000006e2000000| Untracked 
| 905|0x00000006e2400000, 0x00000006e2400000, 0x00000006e2800000|  0%| F|  |TAMS 0x00000006e2400000, 0x00000006e2400000| Untracked 
| 906|0x00000006e2800000, 0x00000006e2800000, 0x00000006e2c00000|  0%| F|  |TAMS 0x00000006e2800000, 0x00000006e2800000| Untracked 
| 907|0x00000006e2c00000, 0x00000006e2c00000, 0x00000006e3000000|  0%| F|  |TAMS 0x00000006e2c00000, 0x00000006e2c00000| Untracked 
| 908|0x00000006e3000000, 0x00000006e3000000, 0x00000006e3400000|  0%| F|  |TAMS 0x00000006e3000000, 0x00000006e3000000| Untracked 
| 909|0x00000006e3400000, 0x00000006e3400000, 0x00000006e3800000|  0%| F|  |TAMS 0x00000006e3400000, 0x00000006e3400000| Untracked 
| 910|0x00000006e3800000, 0x00000006e3800000, 0x00000006e3c00000|  0%| F|  |TAMS 0x00000006e3800000, 0x00000006e3800000| Untracked 
| 911|0x00000006e3c00000, 0x00000006e3c00000, 0x00000006e4000000|  0%| F|  |TAMS 0x00000006e3c00000, 0x00000006e3c00000| Untracked 
| 912|0x00000006e4000000, 0x00000006e4000000, 0x00000006e4400000|  0%| F|  |TAMS 0x00000006e4000000, 0x00000006e4000000| Untracked 
| 913|0x00000006e4400000, 0x00000006e4400000, 0x00000006e4800000|  0%| F|  |TAMS 0x00000006e4400000, 0x00000006e4400000| Untracked 
| 914|0x00000006e4800000, 0x00000006e4800000, 0x00000006e4c00000|  0%| F|  |TAMS 0x00000006e4800000, 0x00000006e4800000| Untracked 
| 915|0x00000006e4c00000, 0x00000006e4c00000, 0x00000006e5000000|  0%| F|  |TAMS 0x00000006e4c00000, 0x00000006e4c00000| Untracked 
| 916|0x00000006e5000000, 0x00000006e5000000, 0x00000006e5400000|  0%| F|  |TAMS 0x00000006e5000000, 0x00000006e5000000| Untracked 
| 917|0x00000006e5400000, 0x00000006e5400000, 0x00000006e5800000|  0%| F|  |TAMS 0x00000006e5400000, 0x00000006e5400000| Untracked 
| 918|0x00000006e5800000, 0x00000006e5800000, 0x00000006e5c00000|  0%| F|  |TAMS 0x00000006e5800000, 0x00000006e5800000| Untracked 
| 919|0x00000006e5c00000, 0x00000006e5c00000, 0x00000006e6000000|  0%| F|  |TAMS 0x00000006e5c00000, 0x00000006e5c00000| Untracked 
| 920|0x00000006e6000000, 0x00000006e6000000, 0x00000006e6400000|  0%| F|  |TAMS 0x00000006e6000000, 0x00000006e6000000| Untracked 
| 921|0x00000006e6400000, 0x00000006e6400000, 0x00000006e6800000|  0%| F|  |TAMS 0x00000006e6400000, 0x00000006e6400000| Untracked 
| 922|0x00000006e6800000, 0x00000006e6800000, 0x00000006e6c00000|  0%| F|  |TAMS 0x00000006e6800000, 0x00000006e6800000| Untracked 
| 923|0x00000006e6c00000, 0x00000006e6c00000, 0x00000006e7000000|  0%| F|  |TAMS 0x00000006e6c00000, 0x00000006e6c00000| Untracked 
| 924|0x00000006e7000000, 0x00000006e7000000, 0x00000006e7400000|  0%| F|  |TAMS 0x00000006e7000000, 0x00000006e7000000| Untracked 
| 925|0x00000006e7400000, 0x00000006e7400000, 0x00000006e7800000|  0%| F|  |TAMS 0x00000006e7400000, 0x00000006e7400000| Untracked 
| 926|0x00000006e7800000, 0x00000006e7800000, 0x00000006e7c00000|  0%| F|  |TAMS 0x00000006e7800000, 0x00000006e7800000| Untracked 
| 927|0x00000006e7c00000, 0x00000006e7c00000, 0x00000006e8000000|  0%| F|  |TAMS 0x00000006e7c00000, 0x00000006e7c00000| Untracked 
| 928|0x00000006e8000000, 0x00000006e8000000, 0x00000006e8400000|  0%| F|  |TAMS 0x00000006e8000000, 0x00000006e8000000| Untracked 
| 929|0x00000006e8400000, 0x00000006e8400000, 0x00000006e8800000|  0%| F|  |TAMS 0x00000006e8400000, 0x00000006e8400000| Untracked 
| 930|0x00000006e8800000, 0x00000006e8800000, 0x00000006e8c00000|  0%| F|  |TAMS 0x00000006e8800000, 0x00000006e8800000| Untracked 
| 931|0x00000006e8c00000, 0x00000006e8c00000, 0x00000006e9000000|  0%| F|  |TAMS 0x00000006e8c00000, 0x00000006e8c00000| Untracked 
| 932|0x00000006e9000000, 0x00000006e9000000, 0x00000006e9400000|  0%| F|  |TAMS 0x00000006e9000000, 0x00000006e9000000| Untracked 
| 933|0x00000006e9400000, 0x00000006e9400000, 0x00000006e9800000|  0%| F|  |TAMS 0x00000006e9400000, 0x00000006e9400000| Untracked 
| 934|0x00000006e9800000, 0x00000006e9800000, 0x00000006e9c00000|  0%| F|  |TAMS 0x00000006e9800000, 0x00000006e9800000| Untracked 
| 935|0x00000006e9c00000, 0x00000006e9c00000, 0x00000006ea000000|  0%| F|  |TAMS 0x00000006e9c00000, 0x00000006e9c00000| Untracked 
| 936|0x00000006ea000000, 0x00000006ea000000, 0x00000006ea400000|  0%| F|  |TAMS 0x00000006ea000000, 0x00000006ea000000| Untracked 
| 937|0x00000006ea400000, 0x00000006ea400000, 0x00000006ea800000|  0%| F|  |TAMS 0x00000006ea400000, 0x00000006ea400000| Untracked 
| 938|0x00000006ea800000, 0x00000006ea800000, 0x00000006eac00000|  0%| F|  |TAMS 0x00000006ea800000, 0x00000006ea800000| Untracked 
| 939|0x00000006eac00000, 0x00000006eac00000, 0x00000006eb000000|  0%| F|  |TAMS 0x00000006eac00000, 0x00000006eac00000| Untracked 
| 940|0x00000006eb000000, 0x00000006eb000000, 0x00000006eb400000|  0%| F|  |TAMS 0x00000006eb000000, 0x00000006eb000000| Untracked 
| 941|0x00000006eb400000, 0x00000006eb400000, 0x00000006eb800000|  0%| F|  |TAMS 0x00000006eb400000, 0x00000006eb400000| Untracked 
| 942|0x00000006eb800000, 0x00000006eb800000, 0x00000006ebc00000|  0%| F|  |TAMS 0x00000006eb800000, 0x00000006eb800000| Untracked 
| 943|0x00000006ebc00000, 0x00000006ebc00000, 0x00000006ec000000|  0%| F|  |TAMS 0x00000006ebc00000, 0x00000006ebc00000| Untracked 
| 944|0x00000006ec000000, 0x00000006ec000000, 0x00000006ec400000|  0%| F|  |TAMS 0x00000006ec000000, 0x00000006ec000000| Untracked 
| 945|0x00000006ec400000, 0x00000006ec400000, 0x00000006ec800000|  0%| F|  |TAMS 0x00000006ec400000, 0x00000006ec400000| Untracked 
| 946|0x00000006ec800000, 0x00000006ec800000, 0x00000006ecc00000|  0%| F|  |TAMS 0x00000006ec800000, 0x00000006ec800000| Untracked 
| 947|0x00000006ecc00000, 0x00000006ecc00000, 0x00000006ed000000|  0%| F|  |TAMS 0x00000006ecc00000, 0x00000006ecc00000| Untracked 
| 948|0x00000006ed000000, 0x00000006ed000000, 0x00000006ed400000|  0%| F|  |TAMS 0x00000006ed000000, 0x00000006ed000000| Untracked 
| 949|0x00000006ed400000, 0x00000006ed400000, 0x00000006ed800000|  0%| F|  |TAMS 0x00000006ed400000, 0x00000006ed400000| Untracked 
| 950|0x00000006ed800000, 0x00000006ed800000, 0x00000006edc00000|  0%| F|  |TAMS 0x00000006ed800000, 0x00000006ed800000| Untracked 
| 951|0x00000006edc00000, 0x00000006edc00000, 0x00000006ee000000|  0%| F|  |TAMS 0x00000006edc00000, 0x00000006edc00000| Untracked 
| 952|0x00000006ee000000, 0x00000006ee000000, 0x00000006ee400000|  0%| F|  |TAMS 0x00000006ee000000, 0x00000006ee000000| Untracked 
| 953|0x00000006ee400000, 0x00000006ee400000, 0x00000006ee800000|  0%| F|  |TAMS 0x00000006ee400000, 0x00000006ee400000| Untracked 
| 954|0x00000006ee800000, 0x00000006ee800000, 0x00000006eec00000|  0%| F|  |TAMS 0x00000006ee800000, 0x00000006ee800000| Untracked 
| 955|0x00000006eec00000, 0x00000006eec00000, 0x00000006ef000000|  0%| F|  |TAMS 0x00000006eec00000, 0x00000006eec00000| Untracked 
| 956|0x00000006ef000000, 0x00000006ef000000, 0x00000006ef400000|  0%| F|  |TAMS 0x00000006ef000000, 0x00000006ef000000| Untracked 
| 957|0x00000006ef400000, 0x00000006ef400000, 0x00000006ef800000|  0%| F|  |TAMS 0x00000006ef400000, 0x00000006ef400000| Untracked 
| 958|0x00000006ef800000, 0x00000006ef800000, 0x00000006efc00000|  0%| F|  |TAMS 0x00000006ef800000, 0x00000006ef800000| Untracked 
| 959|0x00000006efc00000, 0x00000006efc00000, 0x00000006f0000000|  0%| F|  |TAMS 0x00000006efc00000, 0x00000006efc00000| Untracked 
| 960|0x00000006f0000000, 0x00000006f0000000, 0x00000006f0400000|  0%| F|  |TAMS 0x00000006f0000000, 0x00000006f0000000| Untracked 
| 961|0x00000006f0400000, 0x00000006f0400000, 0x00000006f0800000|  0%| F|  |TAMS 0x00000006f0400000, 0x00000006f0400000| Untracked 
| 962|0x00000006f0800000, 0x00000006f0800000, 0x00000006f0c00000|  0%| F|  |TAMS 0x00000006f0800000, 0x00000006f0800000| Untracked 
| 963|0x00000006f0c00000, 0x00000006f0c00000, 0x00000006f1000000|  0%| F|  |TAMS 0x00000006f0c00000, 0x00000006f0c00000| Untracked 
| 964|0x00000006f1000000, 0x00000006f1000000, 0x00000006f1400000|  0%| F|  |TAMS 0x00000006f1000000, 0x00000006f1000000| Untracked 
| 965|0x00000006f1400000, 0x00000006f1400000, 0x00000006f1800000|  0%| F|  |TAMS 0x00000006f1400000, 0x00000006f1400000| Untracked 
| 966|0x00000006f1800000, 0x00000006f1800000, 0x00000006f1c00000|  0%| F|  |TAMS 0x00000006f1800000, 0x00000006f1800000| Untracked 
| 967|0x00000006f1c00000, 0x00000006f1c00000, 0x00000006f2000000|  0%| F|  |TAMS 0x00000006f1c00000, 0x00000006f1c00000| Untracked 
| 968|0x00000006f2000000, 0x00000006f2000000, 0x00000006f2400000|  0%| F|  |TAMS 0x00000006f2000000, 0x00000006f2000000| Untracked 
| 969|0x00000006f2400000, 0x00000006f2400000, 0x00000006f2800000|  0%| F|  |TAMS 0x00000006f2400000, 0x00000006f2400000| Untracked 
| 970|0x00000006f2800000, 0x00000006f2800000, 0x00000006f2c00000|  0%| F|  |TAMS 0x00000006f2800000, 0x00000006f2800000| Untracked 
| 971|0x00000006f2c00000, 0x00000006f2c00000, 0x00000006f3000000|  0%| F|  |TAMS 0x00000006f2c00000, 0x00000006f2c00000| Untracked 
| 972|0x00000006f3000000, 0x00000006f3000000, 0x00000006f3400000|  0%| F|  |TAMS 0x00000006f3000000, 0x00000006f3000000| Untracked 
| 973|0x00000006f3400000, 0x00000006f3400000, 0x00000006f3800000|  0%| F|  |TAMS 0x00000006f3400000, 0x00000006f3400000| Untracked 
| 974|0x00000006f3800000, 0x00000006f3800000, 0x00000006f3c00000|  0%| F|  |TAMS 0x00000006f3800000, 0x00000006f3800000| Untracked 
| 975|0x00000006f3c00000, 0x00000006f3c00000, 0x00000006f4000000|  0%| F|  |TAMS 0x00000006f3c00000, 0x00000006f3c00000| Untracked 
| 976|0x00000006f4000000, 0x00000006f4000000, 0x00000006f4400000|  0%| F|  |TAMS 0x00000006f4000000, 0x00000006f4000000| Untracked 
| 977|0x00000006f4400000, 0x00000006f4400000, 0x00000006f4800000|  0%| F|  |TAMS 0x00000006f4400000, 0x00000006f4400000| Untracked 
| 978|0x00000006f4800000, 0x00000006f4800000, 0x00000006f4c00000|  0%| F|  |TAMS 0x00000006f4800000, 0x00000006f4800000| Untracked 
| 979|0x00000006f4c00000, 0x00000006f4c00000, 0x00000006f5000000|  0%| F|  |TAMS 0x00000006f4c00000, 0x00000006f4c00000| Untracked 
| 980|0x00000006f5000000, 0x00000006f5000000, 0x00000006f5400000|  0%| F|  |TAMS 0x00000006f5000000, 0x00000006f5000000| Untracked 
| 981|0x00000006f5400000, 0x00000006f5400000, 0x00000006f5800000|  0%| F|  |TAMS 0x00000006f5400000, 0x00000006f5400000| Untracked 
| 982|0x00000006f5800000, 0x00000006f5800000, 0x00000006f5c00000|  0%| F|  |TAMS 0x00000006f5800000, 0x00000006f5800000| Untracked 
| 983|0x00000006f5c00000, 0x00000006f5c00000, 0x00000006f6000000|  0%| F|  |TAMS 0x00000006f5c00000, 0x00000006f5c00000| Untracked 
| 984|0x00000006f6000000, 0x00000006f6000000, 0x00000006f6400000|  0%| F|  |TAMS 0x00000006f6000000, 0x00000006f6000000| Untracked 
| 985|0x00000006f6400000, 0x00000006f6400000, 0x00000006f6800000|  0%| F|  |TAMS 0x00000006f6400000, 0x00000006f6400000| Untracked 
| 986|0x00000006f6800000, 0x00000006f6800000, 0x00000006f6c00000|  0%| F|  |TAMS 0x00000006f6800000, 0x00000006f6800000| Untracked 
| 987|0x00000006f6c00000, 0x00000006f6c00000, 0x00000006f7000000|  0%| F|  |TAMS 0x00000006f6c00000, 0x00000006f6c00000| Untracked 
| 988|0x00000006f7000000, 0x00000006f7000000, 0x00000006f7400000|  0%| F|  |TAMS 0x00000006f7000000, 0x00000006f7000000| Untracked 
| 989|0x00000006f7400000, 0x00000006f7400000, 0x00000006f7800000|  0%| F|  |TAMS 0x00000006f7400000, 0x00000006f7400000| Untracked 
| 990|0x00000006f7800000, 0x00000006f7800000, 0x00000006f7c00000|  0%| F|  |TAMS 0x00000006f7800000, 0x00000006f7800000| Untracked 
| 991|0x00000006f7c00000, 0x00000006f7c00000, 0x00000006f8000000|  0%| F|  |TAMS 0x00000006f7c00000, 0x00000006f7c00000| Untracked 
| 992|0x00000006f8000000, 0x00000006f8000000, 0x00000006f8400000|  0%| F|  |TAMS 0x00000006f8000000, 0x00000006f8000000| Untracked 
| 993|0x00000006f8400000, 0x00000006f8400000, 0x00000006f8800000|  0%| F|  |TAMS 0x00000006f8400000, 0x00000006f8400000| Untracked 
| 994|0x00000006f8800000, 0x00000006f8800000, 0x00000006f8c00000|  0%| F|  |TAMS 0x00000006f8800000, 0x00000006f8800000| Untracked 
| 995|0x00000006f8c00000, 0x00000006f8c00000, 0x00000006f9000000|  0%| F|  |TAMS 0x00000006f8c00000, 0x00000006f8c00000| Untracked 
| 996|0x00000006f9000000, 0x00000006f9000000, 0x00000006f9400000|  0%| F|  |TAMS 0x00000006f9000000, 0x00000006f9000000| Untracked 
| 997|0x00000006f9400000, 0x00000006f9400000, 0x00000006f9800000|  0%| F|  |TAMS 0x00000006f9400000, 0x00000006f9400000| Untracked 
| 998|0x00000006f9800000, 0x00000006f9800000, 0x00000006f9c00000|  0%| F|  |TAMS 0x00000006f9800000, 0x00000006f9800000| Untracked 
| 999|0x00000006f9c00000, 0x00000006f9c00000, 0x00000006fa000000|  0%| F|  |TAMS 0x00000006f9c00000, 0x00000006f9c00000| Untracked 
|1000|0x00000006fa000000, 0x00000006fa000000, 0x00000006fa400000|  0%| F|  |TAMS 0x00000006fa000000, 0x00000006fa000000| Untracked 
|1001|0x00000006fa400000, 0x00000006fa400000, 0x00000006fa800000|  0%| F|  |TAMS 0x00000006fa400000, 0x00000006fa400000| Untracked 
|1002|0x00000006fa800000, 0x00000006fa800000, 0x00000006fac00000|  0%| F|  |TAMS 0x00000006fa800000, 0x00000006fa800000| Untracked 
|1003|0x00000006fac00000, 0x00000006fac00000, 0x00000006fb000000|  0%| F|  |TAMS 0x00000006fac00000, 0x00000006fac00000| Untracked 
|1004|0x00000006fb000000, 0x00000006fb000000, 0x00000006fb400000|  0%| F|  |TAMS 0x00000006fb000000, 0x00000006fb000000| Untracked 
|1005|0x00000006fb400000, 0x00000006fb400000, 0x00000006fb800000|  0%| F|  |TAMS 0x00000006fb400000, 0x00000006fb400000| Untracked 
|1006|0x00000006fb800000, 0x00000006fb800000, 0x00000006fbc00000|  0%| F|  |TAMS 0x00000006fb800000, 0x00000006fb800000| Untracked 
|1007|0x00000006fbc00000, 0x00000006fbc00000, 0x00000006fc000000|  0%| F|  |TAMS 0x00000006fbc00000, 0x00000006fbc00000| Untracked 
|1008|0x00000006fc000000, 0x00000006fc000000, 0x00000006fc400000|  0%| F|  |TAMS 0x00000006fc000000, 0x00000006fc000000| Untracked 
|1009|0x00000006fc400000, 0x00000006fc400000, 0x00000006fc800000|  0%| F|  |TAMS 0x00000006fc400000, 0x00000006fc400000| Untracked 
|1010|0x00000006fc800000, 0x00000006fc800000, 0x00000006fcc00000|  0%| F|  |TAMS 0x00000006fc800000, 0x00000006fc800000| Untracked 
|1011|0x00000006fcc00000, 0x00000006fcc00000, 0x00000006fd000000|  0%| F|  |TAMS 0x00000006fcc00000, 0x00000006fcc00000| Untracked 
|1012|0x00000006fd000000, 0x00000006fd000000, 0x00000006fd400000|  0%| F|  |TAMS 0x00000006fd000000, 0x00000006fd000000| Untracked 
|1013|0x00000006fd400000, 0x00000006fd400000, 0x00000006fd800000|  0%| F|  |TAMS 0x00000006fd400000, 0x00000006fd400000| Untracked 
|1014|0x00000006fd800000, 0x00000006fd800000, 0x00000006fdc00000|  0%| F|  |TAMS 0x00000006fd800000, 0x00000006fd800000| Untracked 
|1015|0x00000006fdc00000, 0x00000006fdc00000, 0x00000006fe000000|  0%| F|  |TAMS 0x00000006fdc00000, 0x00000006fdc00000| Untracked 
|1016|0x00000006fe000000, 0x00000006fe000000, 0x00000006fe400000|  0%| F|  |TAMS 0x00000006fe000000, 0x00000006fe000000| Untracked 
|1017|0x00000006fe400000, 0x00000006fe400000, 0x00000006fe800000|  0%| F|  |TAMS 0x00000006fe400000, 0x00000006fe400000| Untracked 
|1018|0x00000006fe800000, 0x00000006fe800000, 0x00000006fec00000|  0%| F|  |TAMS 0x00000006fe800000, 0x00000006fe800000| Untracked 
|1019|0x00000006fec00000, 0x00000006fec00000, 0x00000006ff000000|  0%| F|  |TAMS 0x00000006fec00000, 0x00000006fec00000| Untracked 
|1020|0x00000006ff000000, 0x00000006ff000000, 0x00000006ff400000|  0%| F|  |TAMS 0x00000006ff000000, 0x00000006ff000000| Untracked 
|1021|0x00000006ff400000, 0x00000006ff400000, 0x00000006ff800000|  0%| F|  |TAMS 0x00000006ff400000, 0x00000006ff400000| Untracked 
|1022|0x00000006ff800000, 0x00000006ff800000, 0x00000006ffc00000|  0%| F|  |TAMS 0x00000006ff800000, 0x00000006ff800000| Untracked 
|1023|0x00000006ffc00000, 0x00000006ffc00000, 0x0000000700000000|  0%| F|  |TAMS 0x00000006ffc00000, 0x00000006ffc00000| Untracked 
|1024|0x0000000700000000, 0x0000000700000000, 0x0000000700400000|  0%| F|  |TAMS 0x0000000700000000, 0x0000000700000000| Untracked 
|1025|0x0000000700400000, 0x0000000700400000, 0x0000000700800000|  0%| F|  |TAMS 0x0000000700400000, 0x0000000700400000| Untracked 
|1026|0x0000000700800000, 0x0000000700800000, 0x0000000700c00000|  0%| F|  |TAMS 0x0000000700800000, 0x0000000700800000| Untracked 
|1027|0x0000000700c00000, 0x0000000700c00000, 0x0000000701000000|  0%| F|  |TAMS 0x0000000700c00000, 0x0000000700c00000| Untracked 
|1028|0x0000000701000000, 0x0000000701000000, 0x0000000701400000|  0%| F|  |TAMS 0x0000000701000000, 0x0000000701000000| Untracked 
|1029|0x0000000701400000, 0x0000000701400000, 0x0000000701800000|  0%| F|  |TAMS 0x0000000701400000, 0x0000000701400000| Untracked 
|1030|0x0000000701800000, 0x0000000701800000, 0x0000000701c00000|  0%| F|  |TAMS 0x0000000701800000, 0x0000000701800000| Untracked 
|1031|0x0000000701c00000, 0x0000000701c00000, 0x0000000702000000|  0%| F|  |TAMS 0x0000000701c00000, 0x0000000701c00000| Untracked 
|1032|0x0000000702000000, 0x0000000702000000, 0x0000000702400000|  0%| F|  |TAMS 0x0000000702000000, 0x0000000702000000| Untracked 
|1033|0x0000000702400000, 0x0000000702400000, 0x0000000702800000|  0%| F|  |TAMS 0x0000000702400000, 0x0000000702400000| Untracked 
|1034|0x0000000702800000, 0x0000000702800000, 0x0000000702c00000|  0%| F|  |TAMS 0x0000000702800000, 0x0000000702800000| Untracked 
|1035|0x0000000702c00000, 0x0000000702c00000, 0x0000000703000000|  0%| F|  |TAMS 0x0000000702c00000, 0x0000000702c00000| Untracked 
|1036|0x0000000703000000, 0x0000000703000000, 0x0000000703400000|  0%| F|  |TAMS 0x0000000703000000, 0x0000000703000000| Untracked 
|1037|0x0000000703400000, 0x0000000703400000, 0x0000000703800000|  0%| F|  |TAMS 0x0000000703400000, 0x0000000703400000| Untracked 
|1038|0x0000000703800000, 0x0000000703800000, 0x0000000703c00000|  0%| F|  |TAMS 0x0000000703800000, 0x0000000703800000| Untracked 
|1039|0x0000000703c00000, 0x0000000703c00000, 0x0000000704000000|  0%| F|  |TAMS 0x0000000703c00000, 0x0000000703c00000| Untracked 
|1040|0x0000000704000000, 0x0000000704000000, 0x0000000704400000|  0%| F|  |TAMS 0x0000000704000000, 0x0000000704000000| Untracked 
|1041|0x0000000704400000, 0x0000000704400000, 0x0000000704800000|  0%| F|  |TAMS 0x0000000704400000, 0x0000000704400000| Untracked 
|1042|0x0000000704800000, 0x0000000704800000, 0x0000000704c00000|  0%| F|  |TAMS 0x0000000704800000, 0x0000000704800000| Untracked 
|1043|0x0000000704c00000, 0x0000000704c00000, 0x0000000705000000|  0%| F|  |TAMS 0x0000000704c00000, 0x0000000704c00000| Untracked 
|1044|0x0000000705000000, 0x0000000705000000, 0x0000000705400000|  0%| F|  |TAMS 0x0000000705000000, 0x0000000705000000| Untracked 
|1045|0x0000000705400000, 0x0000000705400000, 0x0000000705800000|  0%| F|  |TAMS 0x0000000705400000, 0x0000000705400000| Untracked 
|1046|0x0000000705800000, 0x0000000705800000, 0x0000000705c00000|  0%| F|  |TAMS 0x0000000705800000, 0x0000000705800000| Untracked 
|1047|0x0000000705c00000, 0x0000000705c00000, 0x0000000706000000|  0%| F|  |TAMS 0x0000000705c00000, 0x0000000705c00000| Untracked 
|1048|0x0000000706000000, 0x0000000706000000, 0x0000000706400000|  0%| F|  |TAMS 0x0000000706000000, 0x0000000706000000| Untracked 
|1049|0x0000000706400000, 0x0000000706400000, 0x0000000706800000|  0%| F|  |TAMS 0x0000000706400000, 0x0000000706400000| Untracked 
|1050|0x0000000706800000, 0x0000000706800000, 0x0000000706c00000|  0%| F|  |TAMS 0x0000000706800000, 0x0000000706800000| Untracked 
|1051|0x0000000706c00000, 0x0000000706c00000, 0x0000000707000000|  0%| F|  |TAMS 0x0000000706c00000, 0x0000000706c00000| Untracked 
|1052|0x0000000707000000, 0x0000000707000000, 0x0000000707400000|  0%| F|  |TAMS 0x0000000707000000, 0x0000000707000000| Untracked 
|1053|0x0000000707400000, 0x0000000707400000, 0x0000000707800000|  0%| F|  |TAMS 0x0000000707400000, 0x0000000707400000| Untracked 
|1054|0x0000000707800000, 0x0000000707800000, 0x0000000707c00000|  0%| F|  |TAMS 0x0000000707800000, 0x0000000707800000| Untracked 
|1055|0x0000000707c00000, 0x0000000707c00000, 0x0000000708000000|  0%| F|  |TAMS 0x0000000707c00000, 0x0000000707c00000| Untracked 
|1056|0x0000000708000000, 0x0000000708000000, 0x0000000708400000|  0%| F|  |TAMS 0x0000000708000000, 0x0000000708000000| Untracked 
|1057|0x0000000708400000, 0x0000000708400000, 0x0000000708800000|  0%| F|  |TAMS 0x0000000708400000, 0x0000000708400000| Untracked 
|1058|0x0000000708800000, 0x0000000708800000, 0x0000000708c00000|  0%| F|  |TAMS 0x0000000708800000, 0x0000000708800000| Untracked 
|1059|0x0000000708c00000, 0x0000000708c00000, 0x0000000709000000|  0%| F|  |TAMS 0x0000000708c00000, 0x0000000708c00000| Untracked 
|1060|0x0000000709000000, 0x0000000709000000, 0x0000000709400000|  0%| F|  |TAMS 0x0000000709000000, 0x0000000709000000| Untracked 
|1061|0x0000000709400000, 0x0000000709400000, 0x0000000709800000|  0%| F|  |TAMS 0x0000000709400000, 0x0000000709400000| Untracked 
|1062|0x0000000709800000, 0x0000000709800000, 0x0000000709c00000|  0%| F|  |TAMS 0x0000000709800000, 0x0000000709800000| Untracked 
|1063|0x0000000709c00000, 0x0000000709c00000, 0x000000070a000000|  0%| F|  |TAMS 0x0000000709c00000, 0x0000000709c00000| Untracked 
|1064|0x000000070a000000, 0x000000070a000000, 0x000000070a400000|  0%| F|  |TAMS 0x000000070a000000, 0x000000070a000000| Untracked 
|1065|0x000000070a400000, 0x000000070a400000, 0x000000070a800000|  0%| F|  |TAMS 0x000000070a400000, 0x000000070a400000| Untracked 
|1066|0x000000070a800000, 0x000000070a800000, 0x000000070ac00000|  0%| F|  |TAMS 0x000000070a800000, 0x000000070a800000| Untracked 
|1067|0x000000070ac00000, 0x000000070ac00000, 0x000000070b000000|  0%| F|  |TAMS 0x000000070ac00000, 0x000000070ac00000| Untracked 
|1068|0x000000070b000000, 0x000000070b000000, 0x000000070b400000|  0%| F|  |TAMS 0x000000070b000000, 0x000000070b000000| Untracked 
|1069|0x000000070b400000, 0x000000070b400000, 0x000000070b800000|  0%| F|  |TAMS 0x000000070b400000, 0x000000070b400000| Untracked 
|1070|0x000000070b800000, 0x000000070b800000, 0x000000070bc00000|  0%| F|  |TAMS 0x000000070b800000, 0x000000070b800000| Untracked 
|1071|0x000000070bc00000, 0x000000070bc00000, 0x000000070c000000|  0%| F|  |TAMS 0x000000070bc00000, 0x000000070bc00000| Untracked 
|1072|0x000000070c000000, 0x000000070c000000, 0x000000070c400000|  0%| F|  |TAMS 0x000000070c000000, 0x000000070c000000| Untracked 
|1073|0x000000070c400000, 0x000000070c400000, 0x000000070c800000|  0%| F|  |TAMS 0x000000070c400000, 0x000000070c400000| Untracked 
|1074|0x000000070c800000, 0x000000070c800000, 0x000000070cc00000|  0%| F|  |TAMS 0x000000070c800000, 0x000000070c800000| Untracked 
|1075|0x000000070cc00000, 0x000000070cc00000, 0x000000070d000000|  0%| F|  |TAMS 0x000000070cc00000, 0x000000070cc00000| Untracked 
|1076|0x000000070d000000, 0x000000070d000000, 0x000000070d400000|  0%| F|  |TAMS 0x000000070d000000, 0x000000070d000000| Untracked 
|1077|0x000000070d400000, 0x000000070d400000, 0x000000070d800000|  0%| F|  |TAMS 0x000000070d400000, 0x000000070d400000| Untracked 
|1078|0x000000070d800000, 0x000000070d800000, 0x000000070dc00000|  0%| F|  |TAMS 0x000000070d800000, 0x000000070d800000| Untracked 
|1079|0x000000070dc00000, 0x000000070dc00000, 0x000000070e000000|  0%| F|  |TAMS 0x000000070dc00000, 0x000000070dc00000| Untracked 
|1080|0x000000070e000000, 0x000000070e000000, 0x000000070e400000|  0%| F|  |TAMS 0x000000070e000000, 0x000000070e000000| Untracked 
|1081|0x000000070e400000, 0x000000070e400000, 0x000000070e800000|  0%| F|  |TAMS 0x000000070e400000, 0x000000070e400000| Untracked 
|1082|0x000000070e800000, 0x000000070e800000, 0x000000070ec00000|  0%| F|  |TAMS 0x000000070e800000, 0x000000070e800000| Untracked 
|1083|0x000000070ec00000, 0x000000070ec00000, 0x000000070f000000|  0%| F|  |TAMS 0x000000070ec00000, 0x000000070ec00000| Untracked 
|1084|0x000000070f000000, 0x000000070f000000, 0x000000070f400000|  0%| F|  |TAMS 0x000000070f000000, 0x000000070f000000| Untracked 
|1085|0x000000070f400000, 0x000000070f400000, 0x000000070f800000|  0%| F|  |TAMS 0x000000070f400000, 0x000000070f400000| Untracked 
|1086|0x000000070f800000, 0x000000070f800000, 0x000000070fc00000|  0%| F|  |TAMS 0x000000070f800000, 0x000000070f800000| Untracked 
|1087|0x000000070fc00000, 0x000000070fc00000, 0x0000000710000000|  0%| F|  |TAMS 0x000000070fc00000, 0x000000070fc00000| Untracked 
|1088|0x0000000710000000, 0x0000000710000000, 0x0000000710400000|  0%| F|  |TAMS 0x0000000710000000, 0x0000000710000000| Untracked 
|1089|0x0000000710400000, 0x0000000710400000, 0x0000000710800000|  0%| F|  |TAMS 0x0000000710400000, 0x0000000710400000| Untracked 
|1090|0x0000000710800000, 0x0000000710800000, 0x0000000710c00000|  0%| F|  |TAMS 0x0000000710800000, 0x0000000710800000| Untracked 
|1091|0x0000000710c00000, 0x0000000710c00000, 0x0000000711000000|  0%| F|  |TAMS 0x0000000710c00000, 0x0000000710c00000| Untracked 
|1092|0x0000000711000000, 0x0000000711000000, 0x0000000711400000|  0%| F|  |TAMS 0x0000000711000000, 0x0000000711000000| Untracked 
|1093|0x0000000711400000, 0x0000000711400000, 0x0000000711800000|  0%| F|  |TAMS 0x0000000711400000, 0x0000000711400000| Untracked 
|1094|0x0000000711800000, 0x0000000711800000, 0x0000000711c00000|  0%| F|  |TAMS 0x0000000711800000, 0x0000000711800000| Untracked 
|1095|0x0000000711c00000, 0x0000000711c00000, 0x0000000712000000|  0%| F|  |TAMS 0x0000000711c00000, 0x0000000711c00000| Untracked 
|1096|0x0000000712000000, 0x0000000712000000, 0x0000000712400000|  0%| F|  |TAMS 0x0000000712000000, 0x0000000712000000| Untracked 
|1097|0x0000000712400000, 0x0000000712400000, 0x0000000712800000|  0%| F|  |TAMS 0x0000000712400000, 0x0000000712400000| Untracked 
|1098|0x0000000712800000, 0x0000000712800000, 0x0000000712c00000|  0%| F|  |TAMS 0x0000000712800000, 0x0000000712800000| Untracked 
|1099|0x0000000712c00000, 0x0000000712c00000, 0x0000000713000000|  0%| F|  |TAMS 0x0000000712c00000, 0x0000000712c00000| Untracked 
|1100|0x0000000713000000, 0x0000000713000000, 0x0000000713400000|  0%| F|  |TAMS 0x0000000713000000, 0x0000000713000000| Untracked 
|1101|0x0000000713400000, 0x0000000713400000, 0x0000000713800000|  0%| F|  |TAMS 0x0000000713400000, 0x0000000713400000| Untracked 
|1102|0x0000000713800000, 0x0000000713800000, 0x0000000713c00000|  0%| F|  |TAMS 0x0000000713800000, 0x0000000713800000| Untracked 
|1103|0x0000000713c00000, 0x0000000713c00000, 0x0000000714000000|  0%| F|  |TAMS 0x0000000713c00000, 0x0000000713c00000| Untracked 
|1104|0x0000000714000000, 0x0000000714000000, 0x0000000714400000|  0%| F|  |TAMS 0x0000000714000000, 0x0000000714000000| Untracked 
|1105|0x0000000714400000, 0x0000000714400000, 0x0000000714800000|  0%| F|  |TAMS 0x0000000714400000, 0x0000000714400000| Untracked 
|1106|0x0000000714800000, 0x0000000714800000, 0x0000000714c00000|  0%| F|  |TAMS 0x0000000714800000, 0x0000000714800000| Untracked 
|1107|0x0000000714c00000, 0x0000000714c00000, 0x0000000715000000|  0%| F|  |TAMS 0x0000000714c00000, 0x0000000714c00000| Untracked 
|1108|0x0000000715000000, 0x0000000715000000, 0x0000000715400000|  0%| F|  |TAMS 0x0000000715000000, 0x0000000715000000| Untracked 
|1109|0x0000000715400000, 0x0000000715400000, 0x0000000715800000|  0%| F|  |TAMS 0x0000000715400000, 0x0000000715400000| Untracked 
|1110|0x0000000715800000, 0x0000000715800000, 0x0000000715c00000|  0%| F|  |TAMS 0x0000000715800000, 0x0000000715800000| Untracked 
|1111|0x0000000715c00000, 0x0000000715c00000, 0x0000000716000000|  0%| F|  |TAMS 0x0000000715c00000, 0x0000000715c00000| Untracked 
|1112|0x0000000716000000, 0x0000000716000000, 0x0000000716400000|  0%| F|  |TAMS 0x0000000716000000, 0x0000000716000000| Untracked 
|1113|0x0000000716400000, 0x0000000716400000, 0x0000000716800000|  0%| F|  |TAMS 0x0000000716400000, 0x0000000716400000| Untracked 
|1114|0x0000000716800000, 0x0000000716800000, 0x0000000716c00000|  0%| F|  |TAMS 0x0000000716800000, 0x0000000716800000| Untracked 
|1115|0x0000000716c00000, 0x0000000716c00000, 0x0000000717000000|  0%| F|  |TAMS 0x0000000716c00000, 0x0000000716c00000| Untracked 
|1116|0x0000000717000000, 0x0000000717000000, 0x0000000717400000|  0%| F|  |TAMS 0x0000000717000000, 0x0000000717000000| Untracked 
|1117|0x0000000717400000, 0x0000000717400000, 0x0000000717800000|  0%| F|  |TAMS 0x0000000717400000, 0x0000000717400000| Untracked 
|1118|0x0000000717800000, 0x0000000717800000, 0x0000000717c00000|  0%| F|  |TAMS 0x0000000717800000, 0x0000000717800000| Untracked 
|1119|0x0000000717c00000, 0x0000000717c00000, 0x0000000718000000|  0%| F|  |TAMS 0x0000000717c00000, 0x0000000717c00000| Untracked 
|1120|0x0000000718000000, 0x0000000718000000, 0x0000000718400000|  0%| F|  |TAMS 0x0000000718000000, 0x0000000718000000| Untracked 
|1121|0x0000000718400000, 0x0000000718400000, 0x0000000718800000|  0%| F|  |TAMS 0x0000000718400000, 0x0000000718400000| Untracked 
|1122|0x0000000718800000, 0x0000000718800000, 0x0000000718c00000|  0%| F|  |TAMS 0x0000000718800000, 0x0000000718800000| Untracked 
|1123|0x0000000718c00000, 0x0000000718c00000, 0x0000000719000000|  0%| F|  |TAMS 0x0000000718c00000, 0x0000000718c00000| Untracked 
|1124|0x0000000719000000, 0x0000000719000000, 0x0000000719400000|  0%| F|  |TAMS 0x0000000719000000, 0x0000000719000000| Untracked 
|1125|0x0000000719400000, 0x0000000719400000, 0x0000000719800000|  0%| F|  |TAMS 0x0000000719400000, 0x0000000719400000| Untracked 
|1126|0x0000000719800000, 0x0000000719800000, 0x0000000719c00000|  0%| F|  |TAMS 0x0000000719800000, 0x0000000719800000| Untracked 
|1127|0x0000000719c00000, 0x0000000719c00000, 0x000000071a000000|  0%| F|  |TAMS 0x0000000719c00000, 0x0000000719c00000| Untracked 
|1128|0x000000071a000000, 0x000000071a000000, 0x000000071a400000|  0%| F|  |TAMS 0x000000071a000000, 0x000000071a000000| Untracked 
|1129|0x000000071a400000, 0x000000071a400000, 0x000000071a800000|  0%| F|  |TAMS 0x000000071a400000, 0x000000071a400000| Untracked 
|1130|0x000000071a800000, 0x000000071a800000, 0x000000071ac00000|  0%| F|  |TAMS 0x000000071a800000, 0x000000071a800000| Untracked 
|1131|0x000000071ac00000, 0x000000071ac00000, 0x000000071b000000|  0%| F|  |TAMS 0x000000071ac00000, 0x000000071ac00000| Untracked 
|1132|0x000000071b000000, 0x000000071b000000, 0x000000071b400000|  0%| F|  |TAMS 0x000000071b000000, 0x000000071b000000| Untracked 
|1133|0x000000071b400000, 0x000000071b400000, 0x000000071b800000|  0%| F|  |TAMS 0x000000071b400000, 0x000000071b400000| Untracked 
|1134|0x000000071b800000, 0x000000071b800000, 0x000000071bc00000|  0%| F|  |TAMS 0x000000071b800000, 0x000000071b800000| Untracked 
|1135|0x000000071bc00000, 0x000000071bc00000, 0x000000071c000000|  0%| F|  |TAMS 0x000000071bc00000, 0x000000071bc00000| Untracked 
|1136|0x000000071c000000, 0x000000071c000000, 0x000000071c400000|  0%| F|  |TAMS 0x000000071c000000, 0x000000071c000000| Untracked 
|1137|0x000000071c400000, 0x000000071c400000, 0x000000071c800000|  0%| F|  |TAMS 0x000000071c400000, 0x000000071c400000| Untracked 
|1138|0x000000071c800000, 0x000000071c800000, 0x000000071cc00000|  0%| F|  |TAMS 0x000000071c800000, 0x000000071c800000| Untracked 
|1139|0x000000071cc00000, 0x000000071cc00000, 0x000000071d000000|  0%| F|  |TAMS 0x000000071cc00000, 0x000000071cc00000| Untracked 
|1140|0x000000071d000000, 0x000000071d000000, 0x000000071d400000|  0%| F|  |TAMS 0x000000071d000000, 0x000000071d000000| Untracked 
|1141|0x000000071d400000, 0x000000071d400000, 0x000000071d800000|  0%| F|  |TAMS 0x000000071d400000, 0x000000071d400000| Untracked 
|1142|0x000000071d800000, 0x000000071d800000, 0x000000071dc00000|  0%| F|  |TAMS 0x000000071d800000, 0x000000071d800000| Untracked 
|1143|0x000000071dc00000, 0x000000071dc00000, 0x000000071e000000|  0%| F|  |TAMS 0x000000071dc00000, 0x000000071dc00000| Untracked 
|1144|0x000000071e000000, 0x000000071e000000, 0x000000071e400000|  0%| F|  |TAMS 0x000000071e000000, 0x000000071e000000| Untracked 
|1145|0x000000071e400000, 0x000000071e400000, 0x000000071e800000|  0%| F|  |TAMS 0x000000071e400000, 0x000000071e400000| Untracked 
|1146|0x000000071e800000, 0x000000071e800000, 0x000000071ec00000|  0%| F|  |TAMS 0x000000071e800000, 0x000000071e800000| Untracked 
|1147|0x000000071ec00000, 0x000000071ec00000, 0x000000071f000000|  0%| F|  |TAMS 0x000000071ec00000, 0x000000071ec00000| Untracked 
|1148|0x000000071f000000, 0x000000071f000000, 0x000000071f400000|  0%| F|  |TAMS 0x000000071f000000, 0x000000071f000000| Untracked 
|1149|0x000000071f400000, 0x000000071f400000, 0x000000071f800000|  0%| F|  |TAMS 0x000000071f400000, 0x000000071f400000| Untracked 
|1150|0x000000071f800000, 0x000000071f800000, 0x000000071fc00000|  0%| F|  |TAMS 0x000000071f800000, 0x000000071f800000| Untracked 
|1151|0x000000071fc00000, 0x000000071fc00000, 0x0000000720000000|  0%| F|  |TAMS 0x000000071fc00000, 0x000000071fc00000| Untracked 
|1152|0x0000000720000000, 0x0000000720000000, 0x0000000720400000|  0%| F|  |TAMS 0x0000000720000000, 0x0000000720000000| Untracked 
|1153|0x0000000720400000, 0x0000000720400000, 0x0000000720800000|  0%| F|  |TAMS 0x0000000720400000, 0x0000000720400000| Untracked 
|1154|0x0000000720800000, 0x0000000720800000, 0x0000000720c00000|  0%| F|  |TAMS 0x0000000720800000, 0x0000000720800000| Untracked 
|1155|0x0000000720c00000, 0x0000000720c00000, 0x0000000721000000|  0%| F|  |TAMS 0x0000000720c00000, 0x0000000720c00000| Untracked 
|1156|0x0000000721000000, 0x0000000721000000, 0x0000000721400000|  0%| F|  |TAMS 0x0000000721000000, 0x0000000721000000| Untracked 
|1157|0x0000000721400000, 0x0000000721400000, 0x0000000721800000|  0%| F|  |TAMS 0x0000000721400000, 0x0000000721400000| Untracked 
|1158|0x0000000721800000, 0x0000000721c00000, 0x0000000721c00000|100%| E|  |TAMS 0x0000000721800000, 0x0000000721800000| Complete 
|1159|0x0000000721c00000, 0x0000000722000000, 0x0000000722000000|100%| E|CS|TAMS 0x0000000721c00000, 0x0000000721c00000| Complete 
|1160|0x0000000722000000, 0x0000000722400000, 0x0000000722400000|100%| E|CS|TAMS 0x0000000722000000, 0x0000000722000000| Complete 
|1161|0x0000000722400000, 0x0000000722800000, 0x0000000722800000|100%| E|CS|TAMS 0x0000000722400000, 0x0000000722400000| Complete 
|1162|0x0000000722800000, 0x0000000722c00000, 0x0000000722c00000|100%| E|CS|TAMS 0x0000000722800000, 0x0000000722800000| Complete 
|1163|0x0000000722c00000, 0x0000000723000000, 0x0000000723000000|100%| E|CS|TAMS 0x0000000722c00000, 0x0000000722c00000| Complete 
|1164|0x0000000723000000, 0x0000000723400000, 0x0000000723400000|100%| E|CS|TAMS 0x0000000723000000, 0x0000000723000000| Complete 
|1165|0x0000000723400000, 0x0000000723800000, 0x0000000723800000|100%| E|CS|TAMS 0x0000000723400000, 0x0000000723400000| Complete 
|1166|0x0000000723800000, 0x0000000723c00000, 0x0000000723c00000|100%| E|CS|TAMS 0x0000000723800000, 0x0000000723800000| Complete 
|1167|0x0000000723c00000, 0x0000000724000000, 0x0000000724000000|100%| E|CS|TAMS 0x0000000723c00000, 0x0000000723c00000| Complete 
|1168|0x0000000724000000, 0x0000000724400000, 0x0000000724400000|100%| E|CS|TAMS 0x0000000724000000, 0x0000000724000000| Complete 
|1169|0x0000000724400000, 0x0000000724800000, 0x0000000724800000|100%| E|CS|TAMS 0x0000000724400000, 0x0000000724400000| Complete 
|1170|0x0000000724800000, 0x0000000724c00000, 0x0000000724c00000|100%| E|CS|TAMS 0x0000000724800000, 0x0000000724800000| Complete 
|1171|0x0000000724c00000, 0x0000000725000000, 0x0000000725000000|100%| E|CS|TAMS 0x0000000724c00000, 0x0000000724c00000| Complete 
|1172|0x0000000725000000, 0x0000000725400000, 0x0000000725400000|100%| E|CS|TAMS 0x0000000725000000, 0x0000000725000000| Complete 
|1173|0x0000000725400000, 0x0000000725800000, 0x0000000725800000|100%| E|CS|TAMS 0x0000000725400000, 0x0000000725400000| Complete 
|1174|0x0000000725800000, 0x0000000725c00000, 0x0000000725c00000|100%| E|CS|TAMS 0x0000000725800000, 0x0000000725800000| Complete 
|1175|0x0000000725c00000, 0x0000000726000000, 0x0000000726000000|100%| E|CS|TAMS 0x0000000725c00000, 0x0000000725c00000| Complete 
|1176|0x0000000726000000, 0x0000000726400000, 0x0000000726400000|100%| E|CS|TAMS 0x0000000726000000, 0x0000000726000000| Complete 
|1177|0x0000000726400000, 0x0000000726800000, 0x0000000726800000|100%| E|CS|TAMS 0x0000000726400000, 0x0000000726400000| Complete 
|1178|0x0000000726800000, 0x0000000726c00000, 0x0000000726c00000|100%| E|CS|TAMS 0x0000000726800000, 0x0000000726800000| Complete 
|1179|0x0000000726c00000, 0x0000000727000000, 0x0000000727000000|100%| E|CS|TAMS 0x0000000726c00000, 0x0000000726c00000| Complete 
|1180|0x0000000727000000, 0x0000000727400000, 0x0000000727400000|100%| E|CS|TAMS 0x0000000727000000, 0x0000000727000000| Complete 
|1181|0x0000000727400000, 0x0000000727800000, 0x0000000727800000|100%| E|CS|TAMS 0x0000000727400000, 0x0000000727400000| Complete 
|1182|0x0000000727800000, 0x0000000727c00000, 0x0000000727c00000|100%| E|CS|TAMS 0x0000000727800000, 0x0000000727800000| Complete 
|1183|0x0000000727c00000, 0x0000000728000000, 0x0000000728000000|100%| E|CS|TAMS 0x0000000727c00000, 0x0000000727c00000| Complete 
|1184|0x0000000728000000, 0x0000000728400000, 0x0000000728400000|100%| E|CS|TAMS 0x0000000728000000, 0x0000000728000000| Complete 
|1185|0x0000000728400000, 0x0000000728800000, 0x0000000728800000|100%| E|CS|TAMS 0x0000000728400000, 0x0000000728400000| Complete 
|1186|0x0000000728800000, 0x0000000728c00000, 0x0000000728c00000|100%| E|CS|TAMS 0x0000000728800000, 0x0000000728800000| Complete 
|1187|0x0000000728c00000, 0x0000000729000000, 0x0000000729000000|100%| E|CS|TAMS 0x0000000728c00000, 0x0000000728c00000| Complete 
|1188|0x0000000729000000, 0x0000000729400000, 0x0000000729400000|100%| E|CS|TAMS 0x0000000729000000, 0x0000000729000000| Complete 
|1189|0x0000000729400000, 0x0000000729800000, 0x0000000729800000|100%| E|CS|TAMS 0x0000000729400000, 0x0000000729400000| Complete 
|1190|0x0000000729800000, 0x0000000729c00000, 0x0000000729c00000|100%| E|CS|TAMS 0x0000000729800000, 0x0000000729800000| Complete 
|1191|0x0000000729c00000, 0x000000072a000000, 0x000000072a000000|100%| E|CS|TAMS 0x0000000729c00000, 0x0000000729c00000| Complete 
|1192|0x000000072a000000, 0x000000072a400000, 0x000000072a400000|100%| E|CS|TAMS 0x000000072a000000, 0x000000072a000000| Complete 
|1193|0x000000072a400000, 0x000000072a800000, 0x000000072a800000|100%| E|CS|TAMS 0x000000072a400000, 0x000000072a400000| Complete 
|1194|0x000000072a800000, 0x000000072ac00000, 0x000000072ac00000|100%| E|CS|TAMS 0x000000072a800000, 0x000000072a800000| Complete 
|1195|0x000000072ac00000, 0x000000072b000000, 0x000000072b000000|100%| E|CS|TAMS 0x000000072ac00000, 0x000000072ac00000| Complete 
|1196|0x000000072b000000, 0x000000072b400000, 0x000000072b400000|100%| E|CS|TAMS 0x000000072b000000, 0x000000072b000000| Complete 
|1197|0x000000072b400000, 0x000000072b800000, 0x000000072b800000|100%| E|CS|TAMS 0x000000072b400000, 0x000000072b400000| Complete 
|1198|0x000000072b800000, 0x000000072bc00000, 0x000000072bc00000|100%| E|CS|TAMS 0x000000072b800000, 0x000000072b800000| Complete 
|1199|0x000000072bc00000, 0x000000072c000000, 0x000000072c000000|100%| E|CS|TAMS 0x000000072bc00000, 0x000000072bc00000| Complete 
|1200|0x000000072c000000, 0x000000072c400000, 0x000000072c400000|100%| E|CS|TAMS 0x000000072c000000, 0x000000072c000000| Complete 
|1201|0x000000072c400000, 0x000000072c800000, 0x000000072c800000|100%| E|CS|TAMS 0x000000072c400000, 0x000000072c400000| Complete 
|1202|0x000000072c800000, 0x000000072cc00000, 0x000000072cc00000|100%| E|CS|TAMS 0x000000072c800000, 0x000000072c800000| Complete 
|1203|0x000000072cc00000, 0x000000072d000000, 0x000000072d000000|100%| E|CS|TAMS 0x000000072cc00000, 0x000000072cc00000| Complete 
|1204|0x000000072d000000, 0x000000072d400000, 0x000000072d400000|100%| E|CS|TAMS 0x000000072d000000, 0x000000072d000000| Complete 
|1205|0x000000072d400000, 0x000000072d800000, 0x000000072d800000|100%| E|CS|TAMS 0x000000072d400000, 0x000000072d400000| Complete 
|1206|0x000000072d800000, 0x000000072dc00000, 0x000000072dc00000|100%| E|CS|TAMS 0x000000072d800000, 0x000000072d800000| Complete 
|1207|0x000000072dc00000, 0x000000072e000000, 0x000000072e000000|100%| E|CS|TAMS 0x000000072dc00000, 0x000000072dc00000| Complete 
|1208|0x000000072e000000, 0x000000072e400000, 0x000000072e400000|100%| E|CS|TAMS 0x000000072e000000, 0x000000072e000000| Complete 
|1209|0x000000072e400000, 0x000000072e800000, 0x000000072e800000|100%| E|CS|TAMS 0x000000072e400000, 0x000000072e400000| Complete 
|1210|0x000000072e800000, 0x000000072ec00000, 0x000000072ec00000|100%| E|CS|TAMS 0x000000072e800000, 0x000000072e800000| Complete 
|1211|0x000000072ec00000, 0x000000072f000000, 0x000000072f000000|100%| E|CS|TAMS 0x000000072ec00000, 0x000000072ec00000| Complete 
|1212|0x000000072f000000, 0x000000072f400000, 0x000000072f400000|100%| E|CS|TAMS 0x000000072f000000, 0x000000072f000000| Complete 
|1213|0x000000072f400000, 0x000000072f800000, 0x000000072f800000|100%| E|CS|TAMS 0x000000072f400000, 0x000000072f400000| Complete 
|1214|0x000000072f800000, 0x000000072fc00000, 0x000000072fc00000|100%| E|CS|TAMS 0x000000072f800000, 0x000000072f800000| Complete 
|1215|0x000000072fc00000, 0x0000000730000000, 0x0000000730000000|100%| E|CS|TAMS 0x000000072fc00000, 0x000000072fc00000| Complete 
|1216|0x0000000730000000, 0x0000000730400000, 0x0000000730400000|100%| E|CS|TAMS 0x0000000730000000, 0x0000000730000000| Complete 
|1217|0x0000000730400000, 0x0000000730800000, 0x0000000730800000|100%| E|CS|TAMS 0x0000000730400000, 0x0000000730400000| Complete 
|1218|0x0000000730800000, 0x0000000730c00000, 0x0000000730c00000|100%| E|CS|TAMS 0x0000000730800000, 0x0000000730800000| Complete 
|1219|0x0000000730c00000, 0x0000000731000000, 0x0000000731000000|100%| E|CS|TAMS 0x0000000730c00000, 0x0000000730c00000| Complete 
|1220|0x0000000731000000, 0x0000000731400000, 0x0000000731400000|100%| E|CS|TAMS 0x0000000731000000, 0x0000000731000000| Complete 
|1221|0x0000000731400000, 0x0000000731800000, 0x0000000731800000|100%| E|CS|TAMS 0x0000000731400000, 0x0000000731400000| Complete 
|1222|0x0000000731800000, 0x0000000731c00000, 0x0000000731c00000|100%| E|CS|TAMS 0x0000000731800000, 0x0000000731800000| Complete 
|1223|0x0000000731c00000, 0x0000000732000000, 0x0000000732000000|100%| E|CS|TAMS 0x0000000731c00000, 0x0000000731c00000| Complete 
|1224|0x0000000732000000, 0x0000000732400000, 0x0000000732400000|100%| E|CS|TAMS 0x0000000732000000, 0x0000000732000000| Complete 
|1225|0x0000000732400000, 0x0000000732800000, 0x0000000732800000|100%| E|CS|TAMS 0x0000000732400000, 0x0000000732400000| Complete 
|1226|0x0000000732800000, 0x0000000732c00000, 0x0000000732c00000|100%| E|CS|TAMS 0x0000000732800000, 0x0000000732800000| Complete 
|1227|0x0000000732c00000, 0x0000000733000000, 0x0000000733000000|100%| E|CS|TAMS 0x0000000732c00000, 0x0000000732c00000| Complete 
|1228|0x0000000733000000, 0x0000000733400000, 0x0000000733400000|100%| E|CS|TAMS 0x0000000733000000, 0x0000000733000000| Complete 
|1229|0x0000000733400000, 0x0000000733800000, 0x0000000733800000|100%| E|CS|TAMS 0x0000000733400000, 0x0000000733400000| Complete 
|1317|0x0000000749400000, 0x0000000749800000, 0x0000000749800000|100%| E|CS|TAMS 0x0000000749400000, 0x0000000749400000| Complete 
|1318|0x0000000749800000, 0x0000000749c00000, 0x0000000749c00000|100%| E|CS|TAMS 0x0000000749800000, 0x0000000749800000| Complete 
|1319|0x0000000749c00000, 0x000000074a000000, 0x000000074a000000|100%| E|CS|TAMS 0x0000000749c00000, 0x0000000749c00000| Complete 

Card table byte_map: [0x000000012f35c000,0x000000013035c000] _byte_map_base: 0x000000012c35c000

Marking Bits (Prev, Next): (CMBitMap*) 0x0000000146008810, (CMBitMap*) 0x0000000146008850
 Prev Bits: [0x0000000158000000, 0x0000000160000000)
 Next Bits: [0x0000000160000000, 0x0000000168000000)

Polling page: 0x000000010219c000

Metaspace:

Usage:
  Non-class:    309.46 MB used.
      Class:     46.44 MB used.
       Both:    355.90 MB used.

Virtual space:
  Non-class space:      384.00 MB reserved,     311.56 MB ( 81%) committed,  6 nodes.
      Class space:        1.00 GB reserved,      48.88 MB (  5%) committed,  1 nodes.
             Both:        1.38 GB reserved,     360.44 MB ( 26%) committed. 

Chunk freelists:
   Non-Class:  24.33 MB
       Class:  15.51 MB
        Both:  39.83 MB

MaxMetaspaceSize: 4.00 GB
CompressedClassSpaceSize: 1.00 GB
Initial GC threshold: 21.00 MB
Current GC threshold: 601.06 MB
CDS: off
MetaspaceReclaimPolicy: balanced
 - commit_granule_bytes: 65536.
 - commit_granule_words: 8192.
 - virtual_space_node_default_size: 8388608.
 - enlarge_chunks_in_place: 1.
 - new_chunks_are_fully_committed: 0.
 - uncommit_free_chunks: 1.
 - use_allocation_guard: 0.
 - handle_deallocations: 1.


Internal statistics:

num_allocs_failed_limit: 18.
num_arena_births: 9098.
num_arena_deaths: 980.
num_vsnodes_births: 7.
num_vsnodes_deaths: 0.
num_space_committed: 6413.
num_space_uncommitted: 652.
num_chunks_returned_to_freelist: 4685.
num_chunks_taken_from_freelist: 29712.
num_chunk_merges: 1223.
num_chunk_splits: 18532.
num_chunks_enlarged: 11632.
num_inconsistent_stats: 0.

CodeHeap 'non-profiled nmethods': size=259296Kb used=125343Kb max_used=125343Kb free=133952Kb
 bounds [0x000000011e624000, 0x0000000126094000, 0x000000012e35c000]
CodeHeap 'profiled nmethods': size=259280Kb used=191240Kb max_used=192523Kb free=68039Kb
 bounds [0x000000010e35c000, 0x0000000119fbc000, 0x000000011e090000]
CodeHeap 'non-nmethods': size=5712Kb used=2356Kb max_used=2673Kb free=3355Kb
 bounds [0x000000011e090000, 0x000000011e340000, 0x000000011e624000]
 total_blobs=86432 nmethods=85003 adapters=1339
 compilation: enabled
              stopped_count=0, restarted_count=0
 full_count=0

Compilation events (20 events):
Event: 15608.456 Thread 0x00000001460e5e00 nmethod 177678 0x0000000117cd3090 code [0x0000000117cd3300, 0x0000000117cd3858]
Event: 15608.456 Thread 0x00000001460e5e00 177679       2       org.jetbrains.kotlin.fir.visitors.FirVisitorVoid::visitLabel (13 bytes)
Event: 15608.456 Thread 0x00000001460e5e00 nmethod 177679 0x0000000115099290 code [0x0000000115099500, 0x0000000115099a18]
Event: 15608.456 Thread 0x00000001460e5e00 177681       1       org.jetbrains.kotlin.fir.expressions.impl.FirCatchImpl::getSource (5 bytes)
Event: 15608.456 Thread 0x00000001460e5e00 nmethod 177681 0x0000000126071e90 code [0x0000000126072000, 0x00000001260720e8]
Event: 15608.456 Thread 0x00000001460e5e00 177682       1       org.jetbrains.kotlin.fir.scopes.jvm.JvmMappedScope$FirMappedSymbolStorage::getCacheByOwner$fir_jvm (5 bytes)
Event: 15608.456 Thread 0x00000001460e5e00 nmethod 177682 0x0000000126072190 code [0x0000000126072300, 0x00000001260723e8]
Event: 15608.456 Thread 0x00000001460e5e00 177683       1       org.jetbrains.kotlin.fir.scopes.jvm.JvmMappedScope$FirMappedSymbolStorage::access$getCachesFactory$p (5 bytes)
Event: 15608.456 Thread 0x00000001460e5e00 nmethod 177683 0x0000000126072490 code [0x0000000126072600, 0x00000001260726a8]
Event: 15608.457 Thread 0x00000001460e5e00 177686       2       org.jetbrains.kotlin.load.java.SpecialGenericSignatures$Companion::getORIGINAL_SHORT_NAMES (4 bytes)
Event: 15608.457 Thread 0x00000001460e5e00 nmethod 177686 0x0000000112a95c90 code [0x0000000112a95e40, 0x0000000112a95f68]
Event: 15608.457 Thread 0x00000001460e5e00 177687       2       org.jetbrains.kotlin.fir.java.enhancement.FirEnhancedSymbolsStorage$EnhancementSymbolsCache$$Lambda$7026/0x000000080292f740::invoke (12 bytes)
Event: 15608.458 Thread 0x00000001460e5e00 nmethod 177687 0x0000000112a86410 code [0x0000000112a865c0, 0x0000000112a86798]
Event: 15608.458 Thread 0x00000001460e5e00 177688       2       org.jetbrains.kotlin.fir.java.enhancement.FirEnhancedSymbolsStorage$EnhancementSymbolsCache::enhancedFunctions$lambda$5 (94 bytes)
Event: 15608.458 Thread 0x00000001460e5e00 nmethod 177688 0x0000000112e43710 code [0x0000000112e43c00, 0x0000000112e44cf8]
Event: 15608.458 Thread 0x00000001460e5e00 177689       2       org.jetbrains.kotlin.fir.java.enhancement.FirSignatureEnhancement::enhance$fir_jvm (138 bytes)
Event: 15608.460 Thread 0x00000001460e5e00 nmethod 177689 0x0000000118a23a90 code [0x0000000118a23f80, 0x0000000118a251d8]
Event: 15608.460 Thread 0x00000001460e5e00 177691       2       org.jetbrains.kotlin.analysis.low.level.api.fir.file.structure.FileElementFactory::createFileStructureElement (221 bytes)
Event: 15608.462 Thread 0x00000001460e5e00 nmethod 177691 0x0000000113b37090 code [0x0000000113b377c0, 0x0000000113b39548]
Event: 15608.462 Thread 0x00000001460e5e00 177694 % !   3       org.jetbrains.uast.kotlin.FirKotlinUastResolveProviderService::resolveSyntheticJavaPropertyAccessorCall @ 1958 (2441 bytes)

GC Heap History (20 events):
Event: 15559.587 GC heap before
{Heap before GC invocations=361 (full 2):
 garbage-first heap   total 4816896K, used 2354514K [0x0000000600000000, 0x0000000800000000)
  region size 4096K, 413 young (1691648K), 4 survivors (16384K)
 Metaspace       used 363446K, committed 368128K, reserved 1441792K
  class space    used 47544K, committed 50048K, reserved 1048576K
}
Event: 15559.620 GC heap after
{Heap after GC invocations=362 (full 2):
 garbage-first heap   total 4816896K, used 804002K [0x0000000600000000, 0x0000000800000000)
  region size 4096K, 33 young (135168K), 33 survivors (135168K)
 Metaspace       used 363446K, committed 368128K, reserved 1441792K
  class space    used 47544K, committed 50048K, reserved 1048576K
}
Event: 15561.142 GC heap before
{Heap before GC invocations=363 (full 2):
 garbage-first heap   total 2965504K, used 2499746K [0x0000000600000000, 0x0000000800000000)
  region size 4096K, 434 young (1777664K), 33 survivors (135168K)
 Metaspace       used 363739K, committed 368384K, reserved 1441792K
  class space    used 47567K, committed 50048K, reserved 1048576K
}
Event: 15561.148 GC heap after
{Heap after GC invocations=364 (full 2):
 garbage-first heap   total 2965504K, used 687069K [0x0000000600000000, 0x0000000800000000)
  region size 4096K, 6 young (24576K), 6 survivors (24576K)
 Metaspace       used 363739K, committed 368384K, reserved 1441792K
  class space    used 47567K, committed 50048K, reserved 1048576K
}
Event: 15562.817 GC heap before
{Heap before GC invocations=364 (full 2):
 garbage-first heap   total 2965504K, used 924637K [0x0000000600000000, 0x0000000800000000)
  region size 4096K, 36 young (147456K), 6 survivors (24576K)
 Metaspace       used 363747K, committed 368384K, reserved 1441792K
  class space    used 47567K, committed 50048K, reserved 1048576K
}
Event: 15562.822 GC heap after
{Heap after GC invocations=365 (full 2):
 garbage-first heap   total 2965504K, used 735959K [0x0000000600000000, 0x0000000800000000)
  region size 4096K, 5 young (20480K), 5 survivors (20480K)
 Metaspace       used 363747K, committed 368384K, reserved 1441792K
  class space    used 47567K, committed 50048K, reserved 1048576K
}
Event: 15605.846 GC heap before
{Heap before GC invocations=365 (full 2):
 garbage-first heap   total 2965504K, used 1874647K [0x0000000600000000, 0x0000000800000000)
  region size 4096K, 285 young (1167360K), 5 survivors (20480K)
 Metaspace       used 364959K, committed 369536K, reserved 1441792K
  class space    used 47654K, committed 50048K, reserved 1048576K
}
Event: 15605.861 GC heap after
{Heap after GC invocations=366 (full 2):
 garbage-first heap   total 2965504K, used 740465K [0x0000000600000000, 0x0000000800000000)
  region size 4096K, 23 young (94208K), 23 survivors (94208K)
 Metaspace       used 364959K, committed 369536K, reserved 1441792K
  class space    used 47654K, committed 50048K, reserved 1048576K
}
Event: 15607.751 GC heap before
{Heap before GC invocations=367 (full 2):
 garbage-first heap   total 2445312K, used 2192054K [0x0000000600000000, 0x0000000800000000)
  region size 4096K, 369 young (1511424K), 23 survivors (94208K)
 Metaspace       used 365811K, committed 370368K, reserved 1441792K
  class space    used 47719K, committed 50048K, reserved 1048576K
}
Event: 15607.775 GC heap after
{Heap after GC invocations=368 (full 2):
 garbage-first heap   total 2445312K, used 662146K [0x0000000600000000, 0x0000000800000000)
  region size 4096K, 36 young (147456K), 36 survivors (147456K)
 Metaspace       used 365811K, committed 370368K, reserved 1441792K
  class space    used 47719K, committed 50048K, reserved 1048576K
}
Event: 15607.776 GC heap before
{Heap before GC invocations=368 (full 2):
 garbage-first heap   total 2445312K, used 678530K [0x0000000600000000, 0x0000000800000000)
  region size 4096K, 37 young (151552K), 36 survivors (147456K)
 Metaspace       used 365811K, committed 370368K, reserved 1441792K
  class space    used 47719K, committed 50048K, reserved 1048576K
}
Event: 15607.842 GC heap after
{Heap after GC invocations=369 (full 2):
 garbage-first heap   total 2445312K, used 601021K [0x0000000600000000, 0x0000000800000000)
  region size 4096K, 2 young (8192K), 2 survivors (8192K)
 Metaspace       used 365811K, committed 370368K, reserved 1441792K
  class space    used 47719K, committed 50048K, reserved 1048576K
}
Event: 15607.844 GC heap before
{Heap before GC invocations=369 (full 2):
 garbage-first heap   total 2445312K, used 621501K [0x0000000600000000, 0x0000000800000000)
  region size 4096K, 8 young (32768K), 2 survivors (8192K)
 Metaspace       used 365811K, committed 370368K, reserved 1441792K
  class space    used 47719K, committed 50048K, reserved 1048576K
}
Event: 15607.847 GC heap after
{Heap after GC invocations=370 (full 2):
 garbage-first heap   total 2445312K, used 598978K [0x0000000600000000, 0x0000000800000000)
  region size 4096K, 2 young (8192K), 2 survivors (8192K)
 Metaspace       used 365811K, committed 370368K, reserved 1441792K
  class space    used 47719K, committed 50048K, reserved 1048576K
}
Event: 15608.158 GC heap before
{Heap before GC invocations=371 (full 2):
 garbage-first heap   total 2822144K, used 1901506K [0x0000000600000000, 0x0000000800000000)
  region size 4096K, 320 young (1310720K), 2 survivors (8192K)
 Metaspace       used 363963K, committed 368960K, reserved 1441792K
  class space    used 47551K, committed 50048K, reserved 1048576K
}
Event: 15608.188 GC heap after
{Heap after GC invocations=372 (full 2):
 garbage-first heap   total 2822144K, used 776275K [0x0000000600000000, 0x0000000800000000)
  region size 4096K, 40 young (163840K), 40 survivors (163840K)
 Metaspace       used 363963K, committed 368960K, reserved 1441792K
  class space    used 47551K, committed 50048K, reserved 1048576K
}
Event: 15608.193 GC heap before
{Heap before GC invocations=372 (full 2):
 garbage-first heap   total 2822144K, used 792659K [0x0000000600000000, 0x0000000800000000)
  region size 4096K, 45 young (184320K), 40 survivors (163840K)
 Metaspace       used 363981K, committed 368960K, reserved 1441792K
  class space    used 47551K, committed 50048K, reserved 1048576K
}
Event: 15608.212 GC heap after
{Heap after GC invocations=373 (full 2):
 garbage-first heap   total 2822144K, used 733130K [0x0000000600000000, 0x0000000800000000)
  region size 4096K, 6 young (24576K), 6 survivors (24576K)
 Metaspace       used 363981K, committed 368960K, reserved 1441792K
  class space    used 47551K, committed 50048K, reserved 1048576K
}
Event: 15608.474 GC heap before
{Heap before GC invocations=373 (full 2):
 garbage-first heap   total 2822144K, used 2142154K [0x0000000600000000, 0x0000000800000000)
  region size 4096K, 351 young (1437696K), 6 survivors (24576K)
 Metaspace       used 364437K, committed 369088K, reserved 1441792K
  class space    used 47551K, committed 50048K, reserved 1048576K
}
Event: 15608.502 GC heap after
{Heap after GC invocations=374 (full 2):
 garbage-first heap   total 5050368K, used 825290K [0x0000000600000000, 0x0000000800000000)
  region size 4096K, 28 young (114688K), 28 survivors (114688K)
 Metaspace       used 364437K, committed 369088K, reserved 1441792K
  class space    used 47551K, committed 50048K, reserved 1048576K
}

Dll operation events (17 events):
Event: 0.015 Loaded shared library /Applications/Android Studio.app/Contents/jbr/Contents/Home/lib/libjava.dylib
Event: 0.061 Loaded shared library /Applications/Android Studio.app/Contents/jbr/Contents/Home/lib/libzip.dylib
Event: 0.062 Loaded shared library /Applications/Android Studio.app/Contents/jbr/Contents/Home/lib/libinstrument.dylib
Event: 0.065 Loaded shared library /Applications/Android Studio.app/Contents/jbr/Contents/Home/lib/libnio.dylib
Event: 0.069 Loaded shared library /Applications/Android Studio.app/Contents/jbr/Contents/Home/lib/libzip.dylib
Event: 0.134 Loaded shared library /Applications/Android Studio.app/Contents/jbr/Contents/Home/lib/libjimage.dylib
Event: 0.168 Loaded shared library /Applications/Android Studio.app/Contents/jbr/Contents/Home/lib/libverify.dylib
Event: 0.192 Loaded shared library /Applications/Android Studio.app/Contents/jbr/Contents/Home/lib/libnet.dylib
Event: 0.196 Loaded shared library /Users/npcapro/.gradle/native/1def1411415f61bf3af743bc5b6707747c0891f09f0c88961ee8f79bc544acac/osx-aarch64/libnative-platform.dylib
Event: 0.203 Loaded shared library /Users/npcapro/.gradle/native/0.2.7/aarch64-macos/libgradle-fileevents.dylib
Event: 0.496 Loaded shared library /Applications/Android Studio.app/Contents/jbr/Contents/Home/lib/libmanagement.dylib
Event: 0.497 Loaded shared library /Applications/Android Studio.app/Contents/jbr/Contents/Home/lib/libmanagement_ext.dylib
Event: 0.526 Loaded shared library /Applications/Android Studio.app/Contents/jbr/Contents/Home/lib/libextnet.dylib
Event: 24.922 Loaded shared library /Applications/Android Studio.app/Contents/jbr/Contents/Home/lib/librmi.dylib
Event: 82.716 Loaded shared library /Applications/Android Studio.app/Contents/jbr/Contents/Home/lib/libawt.dylib
Event: 82.769 Loaded shared library /Applications/Android Studio.app/Contents/jbr/Contents/Home/lib/libawt_lwawt.dylib
Event: 82.847 Loaded shared library /Applications/Android Studio.app/Contents/jbr/Contents/Home/lib/libfontmanager.dylib

Deoptimization events (20 events):
Event: 15608.412 Thread 0x0000000147e15600 DEOPT PACKING pc=0x0000000124d2d7c0 sp=0x000000036e678b20
Event: 15608.412 Thread 0x0000000147e15600 DEOPT UNPACKING pc=0x000000011e0d791c sp=0x000000036e678ab0 mode 2
Event: 15608.413 Thread 0x0000000147e15600 Uncommon trap: trap_request=0xffffffde fr.pc=0x0000000124d2d7c0 relative=0x0000000000000080
Event: 15608.413 Thread 0x0000000147e15600 Uncommon trap: reason=class_check action=maybe_recompile pc=0x0000000124d2d7c0 method=kotlin.collections.ReversedList$listIterator$1.hasNext()Z @ 4 c2
Event: 15608.413 Thread 0x0000000147e15600 DEOPT PACKING pc=0x0000000124d2d7c0 sp=0x000000036e677a80
Event: 15608.413 Thread 0x0000000147e15600 DEOPT UNPACKING pc=0x000000011e0d791c sp=0x000000036e677a10 mode 2
Event: 15608.414 Thread 0x0000000133e3c200 DEOPT PACKING pc=0x0000000113d3d680 sp=0x0000000375c10560
Event: 15608.414 Thread 0x0000000133e3c200 DEOPT UNPACKING pc=0x000000011e0d777c sp=0x0000000375c10290 mode 0
Event: 15608.420 Thread 0x000000038e2d5000 Uncommon trap: trap_request=0xffffffde fr.pc=0x0000000124d2d7c0 relative=0x0000000000000080
Event: 15608.420 Thread 0x000000038e2d5000 Uncommon trap: reason=class_check action=maybe_recompile pc=0x0000000124d2d7c0 method=kotlin.collections.ReversedList$listIterator$1.hasNext()Z @ 4 c2
Event: 15608.420 Thread 0x000000038e2d5000 DEOPT PACKING pc=0x0000000124d2d7c0 sp=0x0000000373e1a600
Event: 15608.420 Thread 0x000000038e2d5000 DEOPT UNPACKING pc=0x000000011e0d791c sp=0x0000000373e1a590 mode 2
Event: 15608.433 Thread 0x000000038e2d5000 DEOPT PACKING pc=0x0000000117acf494 sp=0x0000000373e12db0
Event: 15608.433 Thread 0x000000038e2d5000 DEOPT UNPACKING pc=0x000000011e0d777c sp=0x0000000373e129f0 mode 0
Event: 15608.437 Thread 0x000000038e2d5000 DEOPT PACKING pc=0x0000000111b2bd14 sp=0x0000000373e129c0
Event: 15608.437 Thread 0x000000038e2d5000 DEOPT UNPACKING pc=0x000000011e0d777c sp=0x0000000373e126e0 mode 0
Event: 15608.446 Thread 0x000000038e2d5000 DEOPT PACKING pc=0x00000001166a9a68 sp=0x0000000373e12d10
Event: 15608.446 Thread 0x000000038e2d5000 DEOPT UNPACKING pc=0x000000011e0d777c sp=0x0000000373e129c0 mode 0
Event: 15608.456 Thread 0x000000038e2d5000 DEOPT PACKING pc=0x000000011194cd7c sp=0x0000000373e13de0
Event: 15608.456 Thread 0x000000038e2d5000 DEOPT UNPACKING pc=0x000000011e0d777c sp=0x0000000373e13a90 mode 0

Classes unloaded (20 events):
Event: 15608.036 Thread 0x0000000102721490 Unloading class 0x0000000802283438 'jdk/internal/jimage/ImageHeader'
Event: 15608.036 Thread 0x0000000102721490 Unloading class 0x00000008022831d8 'jdk/internal/jimage/BasicImageReader$2'
Event: 15608.036 Thread 0x0000000102721490 Unloading class 0x0000000802282f78 'jdk/internal/jimage/BasicImageReader$1'
Event: 15608.036 Thread 0x0000000102721490 Unloading class 0x0000000802282ce0 'jdk/internal/jimage/ImageReader$Resource'
Event: 15608.036 Thread 0x0000000102721490 Unloading class 0x0000000802282a48 'jdk/internal/jimage/ImageReader$LinkNode'
Event: 15608.036 Thread 0x0000000102721490 Unloading class 0x00000008022827b0 'jdk/internal/jimage/ImageReader$Directory'
Event: 15608.036 Thread 0x0000000102721490 Unloading class 0x0000000802282518 'jdk/internal/jimage/ImageReader$Node'
Event: 15608.036 Thread 0x0000000102721490 Unloading class 0x00000008022822f0 'jdk/internal/jimage/ImageStrings'
Event: 15608.036 Thread 0x0000000102721490 Unloading class 0x0000000802282000 'jdk/internal/jimage/ImageReader$SharedImageReader'
Event: 15608.036 Thread 0x0000000102721490 Unloading class 0x0000000802281bb8 'jdk/internal/jimage/BasicImageReader'
Event: 15608.036 Thread 0x0000000102721490 Unloading class 0x0000000802281968 'jdk/internal/jimage/ImageReader'
Event: 15608.036 Thread 0x0000000102721490 Unloading class 0x0000000802281710 'jdk/internal/jrtfs/SystemImage$2'
Event: 15608.036 Thread 0x0000000102721490 Unloading class 0x00000008022814c8 'jdk/internal/jrtfs/SystemImage$$Lambda$14915+0x00000008022814c8'
Event: 15608.036 Thread 0x0000000102721490 Unloading class 0x0000000802281268 'jdk/internal/jrtfs/ExplodedImage'
Event: 15608.036 Thread 0x0000000102721490 Unloading class 0x0000000802281000 'jdk/internal/jrtfs/SystemImage$1'
Event: 15608.036 Thread 0x0000000102721490 Unloading class 0x0000000802280c70 'jdk/internal/jrtfs/SystemImage'
Event: 15608.036 Thread 0x0000000102721490 Unloading class 0x00000008022809e0 'jdk/internal/jrtfs/JrtFileStore'
Event: 15608.036 Thread 0x0000000102721490 Unloading class 0x0000000802280638 'jdk/internal/jrtfs/JrtPath'
Event: 15608.036 Thread 0x0000000102721490 Unloading class 0x0000000802280310 'jdk/internal/jrtfs/JrtFileSystem'
Event: 15608.036 Thread 0x0000000102721490 Unloading class 0x0000000802280000 'jdk/internal/jrtfs/JrtFileSystemProvider'

Classes redefined (0 events):
No events

Internal exceptions (20 events):
Event: 15608.138 Thread 0x0000000385536a00 Exception <a 'sun/nio/fs/UnixException'{0x00000006a0c47db0}> (0x00000006a0c47db0) 
thrown [src/hotspot/share/prims/jni.cpp, line 517]
Event: 15608.145 Thread 0x0000000385536a00 Exception <a 'sun/nio/fs/UnixException'{0x000000069c664f60}> (0x000000069c664f60) 
thrown [src/hotspot/share/prims/jni.cpp, line 517]
Event: 15608.147 Thread 0x0000000145269600 Exception <a 'sun/nio/fs/UnixException'{0x000000069bc2af18}> (0x000000069bc2af18) 
thrown [src/hotspot/share/prims/jni.cpp, line 517]
Event: 15608.147 Thread 0x0000000145269600 Exception <a 'sun/nio/fs/UnixException'{0x000000069bc2aff8}> (0x000000069bc2aff8) 
thrown [src/hotspot/share/prims/jni.cpp, line 517]
Event: 15608.190 Thread 0x00000001694b1e00 Exception <a 'sun/nio/fs/UnixException'{0x0000000749b1e5d8}> (0x0000000749b1e5d8) 
thrown [src/hotspot/share/prims/jni.cpp, line 517]
Event: 15608.213 Thread 0x0000000133e3c200 Exception <a 'sun/nio/fs/UnixException'{0x000000074972c0e8}> (0x000000074972c0e8) 
thrown [src/hotspot/share/prims/jni.cpp, line 517]
Event: 15608.228 Thread 0x00000001452ffa00 Exception <a 'sun/nio/fs/UnixException'{0x0000000729d1fed8}> (0x0000000729d1fed8) 
thrown [src/hotspot/share/prims/jni.cpp, line 517]
Event: 15608.262 Thread 0x000000038e13cc00 Exception <a 'sun/nio/fs/UnixException'{0x00000006a0f85b08}> (0x00000006a0f85b08) 
thrown [src/hotspot/share/prims/jni.cpp, line 517]
Event: 15608.273 Thread 0x00000001453da200 Exception <a 'sun/nio/fs/UnixException'{0x000000069fcb0c38}> (0x000000069fcb0c38) 
thrown [src/hotspot/share/prims/jni.cpp, line 517]
Event: 15608.285 Thread 0x0000000388ecac00 Exception <a 'sun/nio/fs/UnixException'{0x000000072a362b08}> (0x000000072a362b08) 
thrown [src/hotspot/share/prims/jni.cpp, line 517]
Event: 15608.291 Thread 0x0000000388ecac00 Exception <a 'sun/nio/fs/UnixException'{0x0000000695e9f358}> (0x0000000695e9f358) 
thrown [src/hotspot/share/prims/jni.cpp, line 517]
Event: 15608.360 Thread 0x00000001466dec00 Exception <a 'sun/nio/fs/UnixException'{0x000000067b5588a0}> (0x000000067b5588a0) 
thrown [src/hotspot/share/prims/jni.cpp, line 517]
Event: 15608.360 Thread 0x00000001466dec00 Exception <a 'sun/nio/fs/UnixException'{0x000000067b5589c8}> (0x000000067b5589c8) 
thrown [src/hotspot/share/prims/jni.cpp, line 517]
Event: 15608.380 Thread 0x0000000147ffe600 Exception <a 'sun/nio/fs/UnixException'{0x00000006a1054448}> (0x00000006a1054448) 
thrown [src/hotspot/share/prims/jni.cpp, line 517]
Event: 15608.385 Thread 0x0000000147ffe600 Exception <a 'sun/nio/fs/UnixException'{0x00000006720102e0}> (0x00000006720102e0) 
thrown [src/hotspot/share/prims/jni.cpp, line 517]
Event: 15608.413 Thread 0x00000001466dec00 Exception <a 'sun/nio/fs/UnixException'{0x0000000668884cc0}> (0x0000000668884cc0) 
thrown [src/hotspot/share/prims/jni.cpp, line 517]
Event: 15608.431 Thread 0x0000000133e3c200 Exception <a 'sun/nio/fs/UnixException'{0x00000007497a4168}> (0x00000007497a4168) 
thrown [src/hotspot/share/prims/jni.cpp, line 517]
Event: 15608.435 Thread 0x0000000133e3c200 Exception <a 'sun/nio/fs/UnixException'{0x0000000661870b88}> (0x0000000661870b88) 
thrown [src/hotspot/share/prims/jni.cpp, line 517]
Event: 15608.472 Thread 0x00000001694b1e00 Exception <a 'sun/nio/fs/UnixException'{0x00000006a2f44838}> (0x00000006a2f44838) 
thrown [src/hotspot/share/prims/jni.cpp, line 517]
Event: 15608.503 Thread 0x00000001452ffa00 Exception <a 'sun/nio/fs/UnixException'{0x000000073341fbd8}> (0x000000073341fbd8) 
thrown [src/hotspot/share/prims/jni.cpp, line 517]

VM Operations (20 events):
Event: 15608.145 Executing VM operation: G1PauseCleanup
Event: 15608.147 Executing VM operation: G1PauseCleanup done
Event: 15608.156 Executing VM operation: G1CollectForAllocation
Event: 15608.156 Executing VM operation: G1CollectForAllocation done
Event: 15608.158 Executing VM operation: G1CollectForAllocation
Event: 15608.188 Executing VM operation: G1CollectForAllocation done
Event: 15608.191 Executing VM operation: G1CollectForAllocation
Event: 15608.191 Executing VM operation: G1CollectForAllocation done
Event: 15608.193 Executing VM operation: G1CollectForAllocation
Event: 15608.212 Executing VM operation: G1CollectForAllocation done
Event: 15608.225 Executing VM operation: HandshakeAllThreads
Event: 15608.227 Executing VM operation: HandshakeAllThreads done
Event: 15608.280 Executing VM operation: ICBufferFull
Event: 15608.280 Executing VM operation: ICBufferFull done
Event: 15608.343 Executing VM operation: ICBufferFull
Event: 15608.343 Executing VM operation: ICBufferFull done
Event: 15608.474 Executing VM operation: ICBufferFull
Event: 15608.474 Executing VM operation: ICBufferFull done
Event: 15608.474 Executing VM operation: G1CollectForAllocation
Event: 15608.502 Executing VM operation: G1CollectForAllocation done

Events (20 events):
Event: 15608.385 Thread 0x00000001460e6400 flushing nmethod 0x0000000119465110
Event: 15608.385 Thread 0x00000001460e6400 flushing nmethod 0x0000000119516610
Event: 15608.385 Thread 0x00000001460e6400 flushing nmethod 0x0000000119519110
Event: 15608.386 Thread 0x00000001460e6400 flushing nmethod 0x00000001195e5f10
Event: 15608.386 Thread 0x00000001460e6400 flushing nmethod 0x0000000119714290
Event: 15608.387 Thread 0x00000001460e6400 flushing nmethod 0x0000000119a6a690
Event: 15608.388 Thread 0x00000001460e6400 flushing nmethod 0x0000000119bd9710
Event: 15608.388 Thread 0x00000001460e6400 flushing nmethod 0x0000000119c0cc90
Event: 15608.388 Thread 0x00000001460e6400 flushing nmethod 0x0000000119c34d90
Event: 15608.388 Thread 0x00000001460e6400 flushing nmethod 0x0000000119c3ee90
Event: 15608.388 Thread 0x00000001460e6400 flushing nmethod 0x0000000119c42e10
Event: 15608.388 Thread 0x00000001460e6400 flushing nmethod 0x0000000119da8b10
Event: 15608.418 Thread 0x0000000354776000 Thread added: 0x0000000354776000
Event: 15608.418 Protecting memory [0x0000000378510000,0x000000037851c000] with protection modes 0
Event: 15608.419 Protecting memory [0x0000000378510000,0x000000037851c000] with protection modes 3
Event: 15608.419 Thread 0x0000000354776000 Thread exited: 0x0000000354776000
Event: 15608.472 Thread 0x000000038a332a00 Thread added: 0x000000038a332a00
Event: 15608.473 Protecting memory [0x0000000378510000,0x000000037851c000] with protection modes 0
Event: 15608.473 Protecting memory [0x0000000378510000,0x000000037851c000] with protection modes 3
Event: 15608.473 Thread 0x000000038a332a00 Thread exited: 0x000000038a332a00


Dynamic libraries:
0x00000001021a4000 	/Applications/Android Studio.app/Contents/jbr/Contents/Home/lib/libjli.dylib
0x00000001abe2d000 	/System/Library/Frameworks/Cocoa.framework/Versions/A/Cocoa
0x0000000190b13000 	/System/Library/Frameworks/AppKit.framework/Versions/C/AppKit
0x0000000194152000 	/System/Library/Frameworks/CoreData.framework/Versions/A/CoreData
0x000000018df0e000 	/System/Library/Frameworks/Foundation.framework/Versions/C/Foundation
0x000000019c4b0000 	/usr/lib/libSystem.B.dylib
0x0000000192236000 	/System/Library/PrivateFrameworks/UIFoundation.framework/Versions/A/UIFoundation
0x0000000244ec6000 	/System/Library/PrivateFrameworks/CollectionViewCore.framework/Versions/A/CollectionViewCore
0x0000000199757000 	/System/Library/PrivateFrameworks/XCTTargetBootstrap.framework/Versions/A/XCTTargetBootstrap
0x000000025771e000 	/System/Library/PrivateFrameworks/GenerativeModels.framework/Versions/A/GenerativeModels
0x000000019ee44000 	/System/Library/PrivateFrameworks/InternationalSupport.framework/Versions/A/InternationalSupport
0x000000019f1a0000 	/System/Library/PrivateFrameworks/UserActivity.framework/Versions/A/UserActivity
0x00000001947e7000 	/System/Library/PrivateFrameworks/BaseBoard.framework/Versions/A/BaseBoard
0x000000024e934000 	/System/Library/PrivateFrameworks/FrontBoard.framework/Versions/A/FrontBoard
0x00000001a6b70000 	/System/Library/PrivateFrameworks/FrontBoardServices.framework/Versions/A/FrontBoardServices
0x000000028f6e7000 	/usr/lib/libRosetta.dylib
0x0000000282a0a000 	/System/Library/PrivateFrameworks/UIIntelligenceSupport.framework/Versions/A/UIIntelligenceSupport
0x000000023925b000 	/System/Library/Frameworks/SwiftUICore.framework/Versions/A/SwiftUICore
0x000000028959f000 	/System/Library/PrivateFrameworks/WritingTools.framework/Versions/A/WritingTools
0x000000028839a000 	/System/Library/PrivateFrameworks/WindowManagement.framework/Versions/A/WindowManagement
0x000000018db7d000 	/System/Library/Frameworks/SystemConfiguration.framework/Versions/A/SystemConfiguration
0x000000019e0af000 	/usr/lib/libspindump.dylib
0x00000001923ef000 	/System/Library/Frameworks/UniformTypeIdentifiers.framework/Versions/A/UniformTypeIdentifiers
0x000000019b707000 	/usr/lib/libbsm.0.dylib
0x0000000196ee9000 	/usr/lib/libapp_launch_measurement.dylib
0x00000001961f2000 	/System/Library/PrivateFrameworks/CoreAnalytics.framework/Versions/A/CoreAnalytics
0x0000000196eed000 	/System/Library/PrivateFrameworks/CoreAutoLayout.framework/Versions/A/CoreAutoLayout
0x0000000198cd0000 	/System/Library/Frameworks/Metal.framework/Versions/A/Metal
0x000000019a093000 	/usr/lib/liblangid.dylib
0x000000019975d000 	/System/Library/PrivateFrameworks/CoreSVG.framework/Versions/A/CoreSVG
0x0000000192e49000 	/System/Library/PrivateFrameworks/SkyLight.framework/Versions/A/SkyLight
0x000000024e669000 	/System/Library/PrivateFrameworks/FocusEngine.framework/Versions/A/FocusEngine
0x0000000193400000 	/System/Library/Frameworks/CoreGraphics.framework/Versions/A/CoreGraphics
0x000000024c075000 	/System/Library/PrivateFrameworks/DesignLibrary.framework/Versions/A/DesignLibrary
0x00000001a4dfc000 	/System/Library/Frameworks/Accelerate.framework/Versions/A/Accelerate
0x000000019dea5000 	/System/Library/PrivateFrameworks/IconServices.framework/Versions/A/IconServices
0x0000000198ca8000 	/System/Library/Frameworks/IOSurface.framework/Versions/A/IOSurface
0x0000000196222000 	/usr/lib/libDiagnosticMessagesClient.dylib
0x000000019c3fa000 	/usr/lib/libz.1.dylib
0x00000001a924a000 	/System/Library/Frameworks/ApplicationServices.framework/Versions/A/ApplicationServices
0x0000000199742000 	/System/Library/PrivateFrameworks/DFRFoundation.framework/Versions/A/DFRFoundation
0x0000000190362000 	/usr/lib/libicucore.A.dylib
0x00000001a03cb000 	/System/Library/Frameworks/AudioToolbox.framework/Versions/A/AudioToolbox
0x000000019f14e000 	/System/Library/PrivateFrameworks/DataDetectorsCore.framework/Versions/A/DataDetectorsCore
0x0000000283953000 	/System/Library/PrivateFrameworks/UpdateCycle.framework/Versions/A/UpdateCycle
0x00000001bd74e000 	/System/Library/PrivateFrameworks/TextInput.framework/Versions/A/TextInput
0x0000000192d8d000 	/usr/lib/libMobileGestalt.dylib
0x0000000199446000 	/System/Library/Frameworks/Carbon.framework/Versions/A/Frameworks/HIToolbox.framework/Versions/A/HIToolbox
0x000000019674c000 	/System/Library/Frameworks/QuartzCore.framework/Versions/A/QuartzCore
0x000000018ff43000 	/System/Library/Frameworks/Security.framework/Versions/A/Security
0x00000001a476b000 	/System/Library/Frameworks/Carbon.framework/Versions/A/Frameworks/SpeechRecognition.framework/Versions/A/SpeechRecognition
0x0000000196bb4000 	/System/Library/PrivateFrameworks/CoreUI.framework/Versions/A/CoreUI
0x000000018f7ad000 	/System/Library/Frameworks/CoreAudio.framework/Versions/A/CoreAudio
0x000000019631d000 	/System/Library/Frameworks/DiskArbitration.framework/Versions/A/DiskArbitration
0x000000019e64d000 	/System/Library/PrivateFrameworks/MultitouchSupport.framework/Versions/A/MultitouchSupport
0x0000000192d8b000 	/usr/lib/libenergytrace.dylib
0x00000001b0abd000 	/System/Library/PrivateFrameworks/RenderBox.framework/Versions/A/RenderBox
0x00000001909ba000 	/System/Library/Frameworks/IOKit.framework/Versions/A/IOKit
0x00000001a4b7d000 	/System/Library/Frameworks/CoreServices.framework/Versions/A/CoreServices
0x0000000196e70000 	/System/Library/PrivateFrameworks/PerformanceAnalysis.framework/Versions/A/PerformanceAnalysis
0x0000000231b48000 	/System/Library/Frameworks/OpenGL.framework/Versions/A/OpenGL
0x0000000196f36000 	/usr/lib/libxml2.2.dylib
0x000000019b5e8000 	/System/Library/PrivateFrameworks/MobileKeyBag.framework/Versions/A/MobileKeyBag
0x000000018c1fc000 	/usr/lib/libobjc.A.dylib
0x000000018c571000 	/usr/lib/libc++.1.dylib
0x00000001a4afb000 	/System/Library/Frameworks/Accessibility.framework/Versions/A/Accessibility
0x0000000193b56000 	/System/Library/Frameworks/ColorSync.framework/Versions/A/ColorSync
0x000000018c6a1000 	/System/Library/Frameworks/CoreFoundation.framework/Versions/A/CoreFoundation
0x0000000199adb000 	/System/Library/Frameworks/CoreImage.framework/Versions/A/CoreImage
0x000000018f584000 	/System/Library/Frameworks/CoreText.framework/Versions/A/CoreText
0x0000000233548000 	/System/Library/Frameworks/CoreTransferable.framework/Versions/A/CoreTransferable
0x0000000233a63000 	/System/Library/Frameworks/DataDetection.framework/Versions/A/DataDetection
0x0000000233a7a000 	/System/Library/Frameworks/DeveloperToolsSupport.framework/Versions/A/DeveloperToolsSupport
0x000000019979b000 	/System/Library/Frameworks/ImageIO.framework/Versions/A/ImageIO
0x000000023a1b8000 	/System/Library/Frameworks/Symbols.framework/Versions/A/Symbols
0x00000001c2ac9000 	/System/Library/PrivateFrameworks/AttributeGraph.framework/Versions/A/AttributeGraph
0x00000001a6c4a000 	/System/Library/PrivateFrameworks/BoardServices.framework/Versions/A/BoardServices
0x00000001e7cc0000 	/System/Library/PrivateFrameworks/FeatureFlags.framework/Versions/A/FeatureFlags
0x0000000257bc9000 	/System/Library/PrivateFrameworks/Gestures.framework/Versions/A/Gestures
0x000000019c4b4000 	/System/Library/PrivateFrameworks/SoftLinking.framework/Versions/A/SoftLinking
0x00000001d17a6000 	/usr/lib/swift/libswiftAccelerate.dylib
0x00000001c791d000 	/usr/lib/swift/libswiftCompression.dylib
0x000000019fd20000 	/usr/lib/swift/libswiftCore.dylib
0x00000001b996e000 	/usr/lib/swift/libswiftCoreFoundation.dylib
0x00000001b99ce000 	/usr/lib/swift/libswiftCoreImage.dylib
0x00000001a68e9000 	/usr/lib/swift/libswiftDispatch.dylib
0x00000001b99cf000 	/usr/lib/swift/libswiftIOKit.dylib
0x00000001c790f000 	/usr/lib/swift/libswiftMetal.dylib
0x00000001d70d4000 	/usr/lib/swift/libswiftOSLog.dylib
0x00000001a98c1000 	/usr/lib/swift/libswiftObjectiveC.dylib
0x0000000290e60000 	/usr/lib/swift/libswiftObservation.dylib
0x00000001ccd03000 	/usr/lib/swift/libswiftQuartzCore.dylib
0x0000000290f22000 	/usr/lib/swift/libswiftSpatial.dylib
0x0000000290f9c000 	/usr/lib/swift/libswiftSynchronization.dylib
0x00000001d1796000 	/usr/lib/swift/libswiftUniformTypeIdentifiers.dylib
0x00000001b9981000 	/usr/lib/swift/libswiftXPC.dylib
0x0000000290fe2000 	/usr/lib/swift/libswift_Builtin_float.dylib
0x0000000290fe3000 	/usr/lib/swift/libswift_Concurrency.dylib
0x00000001a98c5000 	/usr/lib/swift/libswiftos.dylib
0x00000001bd4c0000 	/usr/lib/swift/libswiftsimd.dylib
0x000000019c6d8000 	/usr/lib/libcompression.dylib
0x000000019edad000 	/System/Library/PrivateFrameworks/TextureIO.framework/Versions/A/TextureIO
0x0000000193cfe000 	/System/Library/Frameworks/ApplicationServices.framework/Versions/A/Frameworks/HIServices.framework/Versions/A/HIServices
0x000000019db2f000 	/usr/lib/libate.dylib
0x000000019c4aa000 	/usr/lib/system/libcache.dylib
0x000000019c465000 	/usr/lib/system/libcommonCrypto.dylib
0x000000019c490000 	/usr/lib/system/libcompiler_rt.dylib
0x000000019c485000 	/usr/lib/system/libcopyfile.dylib
0x000000018c3a5000 	/usr/lib/system/libcorecrypto.dylib
0x000000018c4a5000 	/usr/lib/system/libdispatch.dylib
0x000000018c24f000 	/usr/lib/system/libdyld.dylib
0x000000019c4a0000 	/usr/lib/system/libkeymgr.dylib
0x000000019c448000 	/usr/lib/system/libmacho.dylib
0x000000019b6df000 	/usr/lib/system/libquarantine.dylib
0x000000019c49d000 	/usr/lib/system/libremovefile.dylib
0x0000000192e0d000 	/usr/lib/system/libsystem_asl.dylib
0x000000018c32b000 	/usr/lib/system/libsystem_blocks.dylib
0x000000018c4f0000 	/usr/lib/system/libsystem_c.dylib
0x000000019c494000 	/usr/lib/system/libsystem_collections.dylib
0x000000019a080000 	/usr/lib/system/libsystem_configuration.dylib
0x0000000198c6f000 	/usr/lib/system/libsystem_containermanager.dylib
0x000000019be7e000 	/usr/lib/system/libsystem_coreservices.dylib
0x0000000190638000 	/usr/lib/system/libsystem_darwin.dylib
0x0000000291304000 	/usr/lib/system/libsystem_darwindirectory.dylib
0x000000019c4a1000 	/usr/lib/system/libsystem_dnssd.dylib
0x0000000291308000 	/usr/lib/system/libsystem_eligibility.dylib
0x000000018c4ed000 	/usr/lib/system/libsystem_featureflags.dylib
0x000000018c671000 	/usr/lib/system/libsystem_info.dylib
0x000000019c409000 	/usr/lib/system/libsystem_m.dylib
0x000000018c454000 	/usr/lib/system/libsystem_malloc.dylib
0x0000000192d70000 	/usr/lib/system/libsystem_networkextension.dylib
0x0000000190aa3000 	/usr/lib/system/libsystem_notify.dylib
0x000000019a085000 	/usr/lib/system/libsystem_sandbox.dylib
0x0000000291312000 	/usr/lib/system/libsystem_sanitizers.dylib
0x000000019c499000 	/usr/lib/system/libsystem_secinit.dylib
0x000000018c61d000 	/usr/lib/system/libsystem_kernel.dylib
0x000000018c668000 	/usr/lib/system/libsystem_platform.dylib
0x000000018c65b000 	/usr/lib/system/libsystem_pthread.dylib
0x00000001949cb000 	/usr/lib/system/libsystem_symptoms.dylib
0x000000018c384000 	/usr/lib/system/libsystem_trace.dylib
0x000000029131a000 	/usr/lib/system/libsystem_trial.dylib
0x000000019c473000 	/usr/lib/system/libunwind.dylib
0x000000018c32f000 	/usr/lib/system/libxpc.dylib
0x000000018c602000 	/usr/lib/libc++abi.dylib
0x0000000290b6d000 	/usr/lib/libswiftPrespecialized.dylib
0x000000019c4b2000 	/usr/lib/libfakelink.dylib
0x00000001929ba000 	/System/Library/Frameworks/CFNetwork.framework/Versions/A/CFNetwork
0x000000019c505000 	/usr/lib/libarchive.2.dylib
0x00000001a2817000 	/System/Library/Frameworks/Combine.framework/Versions/A/Combine
0x0000000244eeb000 	/System/Library/PrivateFrameworks/CollectionsInternal.framework/Versions/A/CollectionsInternal
0x0000000270dea000 	/System/Library/PrivateFrameworks/ReflectionInternal.framework/Versions/A/ReflectionInternal
0x0000000271d3d000 	/System/Library/PrivateFrameworks/RuntimeInternal.framework/Versions/A/RuntimeInternal
0x00000001b6806000 	/usr/lib/swift/libswiftDarwin.dylib
0x0000000290fb0000 	/usr/lib/swift/libswiftSystem.dylib
0x000000029106f000 	/usr/lib/swift/libswift_DarwinFoundation1.dylib
0x0000000291113000 	/usr/lib/swift/libswift_StringProcessing.dylib
0x000000019093a000 	/System/Library/PrivateFrameworks/CoreServicesInternal.framework/Versions/A/CoreServicesInternal
0x000000019c47d000 	/usr/lib/liboah.dylib
0x00000001a8cf5000 	/System/Library/PrivateFrameworks/DiskImages.framework/Versions/A/DiskImages
0x00000001b62ab000 	/System/Library/Frameworks/NetFS.framework/Versions/A/NetFS
0x0000000196eb2000 	/System/Library/Frameworks/CoreServices.framework/Versions/A/Frameworks/FSEvents.framework/Versions/A/FSEvents
0x0000000190642000 	/System/Library/Frameworks/CoreServices.framework/Versions/A/Frameworks/CarbonCore.framework/Versions/A/CarbonCore
0x0000000196291000 	/System/Library/Frameworks/CoreServices.framework/Versions/A/Frameworks/Metadata.framework/Versions/A/Metadata
0x000000019be85000 	/System/Library/Frameworks/CoreServices.framework/Versions/A/Frameworks/OSServices.framework/Versions/A/OSServices
0x000000019c5fd000 	/System/Library/Frameworks/CoreServices.framework/Versions/A/Frameworks/SearchKit.framework/Versions/A/SearchKit
0x0000000194945000 	/System/Library/Frameworks/CoreServices.framework/Versions/A/Frameworks/AE.framework/Versions/A/AE
0x000000018cc00000 	/System/Library/Frameworks/CoreServices.framework/Versions/A/Frameworks/LaunchServices.framework/Versions/A/LaunchServices
0x000000019d983000 	/System/Library/Frameworks/CoreServices.framework/Versions/A/Frameworks/DictionaryServices.framework/Versions/A/DictionaryServices
0x0000000196ebf000 	/System/Library/Frameworks/CoreServices.framework/Versions/A/Frameworks/SharedFileList.framework/Versions/A/SharedFileList
0x000000019c690000 	/usr/lib/libapple_nghttp2.dylib
0x000000019455c000 	/usr/lib/libsqlite3.dylib
0x0000000194745000 	/System/Library/Frameworks/Accounts.framework/Versions/A/Accounts
0x00000001a8f37000 	/System/Library/PrivateFrameworks/AppSupport.framework/Versions/A/AppSupport
0x00000001b8732000 	/System/Library/Frameworks/AVFoundation.framework/Versions/A/AVFoundation
0x00000001a0a52000 	/System/Library/Frameworks/GSS.framework/Versions/A/GSS
0x00000001948d9000 	/System/Library/PrivateFrameworks/RunningBoardServices.framework/Versions/A/RunningBoardServices
0x00000001a9849000 	/System/Library/PrivateFrameworks/StreamingZip.framework/Versions/A/StreamingZip
0x00000001949d4000 	/System/Library/Frameworks/Network.framework/Versions/A/Network
0x000000019c44c000 	/usr/lib/system/libkxld.dylib
0x00000002404cb000 	/System/Library/PrivateFrameworks/AppleKeyStore.framework/Versions/A/AppleKeyStore
0x000000028f3e9000 	/usr/lib/libCoreEntitlements.dylib
0x00000002654cd000 	/System/Library/PrivateFrameworks/MessageSecurity.framework/Versions/A/MessageSecurity
0x0000000194540000 	/System/Library/PrivateFrameworks/ProtocolBuffer.framework/Versions/A/ProtocolBuffer
0x00000001a5cf8000 	/System/Library/PrivateFrameworks/SymptomDiagnosticReporter.framework/Versions/A/SymptomDiagnosticReporter
0x000000019dbc8000 	/System/Library/PrivateFrameworks/CrashReporterSupport.framework/Versions/A/CrashReporterSupport
0x000000019be65000 	/System/Library/PrivateFrameworks/AppleFSCompression.framework/Versions/A/AppleFSCompression
0x000000019b6ef000 	/usr/lib/libcoretls.dylib
0x000000019d9f9000 	/usr/lib/libcoretls_cfhelpers.dylib
0x000000019c6d2000 	/usr/lib/libpam.2.dylib
0x000000019da6f000 	/usr/lib/libxar.1.dylib
0x000000019d9fb000 	/System/Library/PrivateFrameworks/APFS.framework/Versions/A/APFS
0x000000027d46a000 	/System/Library/PrivateFrameworks/SwiftASN1Internal.framework/Versions/A/SwiftASN1Internal
0x000000019da7e000 	/usr/lib/libutil.dylib
0x000000019a08e000 	/System/Library/PrivateFrameworks/AppleSystemInfo.framework/Versions/A/AppleSystemInfo
0x000000019b3b6000 	/System/Library/PrivateFrameworks/IOMobileFramebuffer.framework/Versions/A/IOMobileFramebuffer
0x00000001a8655000 	/System/Library/PrivateFrameworks/CoreWiFi.framework/Versions/A/CoreWiFi
0x00000001b9830000 	/System/Library/PrivateFrameworks/LoggingSupport.framework/Versions/A/LoggingSupport
0x00000001a0ab5000 	/System/Library/PrivateFrameworks/MobileAsset.framework/Versions/A/MobileAsset
0x00000001a5d08000 	/System/Library/PrivateFrameworks/PowerLog.framework/Versions/A/PowerLog
0x00000001a71ca000 	/System/Library/PrivateFrameworks/Rapport.framework/Versions/A/Rapport
0x00000002390ee000 	/System/Library/Frameworks/SwiftData.framework/Versions/A/SwiftData
0x00000001970df000 	/System/Library/PrivateFrameworks/UserManagement.framework/Versions/A/UserManagement
0x00000001928e1000 	/usr/lib/libboringssl.dylib
0x00000001949b9000 	/usr/lib/libdns_services.dylib
0x00000001b8866000 	/usr/lib/libquic.dylib
0x000000019fcb1000 	/usr/lib/libusrtcp.dylib
0x0000000241384000 	/System/Library/PrivateFrameworks/AtomicsInternal.framework/Versions/A/AtomicsInternal
0x00000001dfaf7000 	/System/Library/PrivateFrameworks/InternalSwiftProtobuf.framework/Versions/A/InternalSwiftProtobuf
0x0000000290e37000 	/usr/lib/swift/libswiftDistributed.dylib
0x000000019a08c000 	/System/Library/PrivateFrameworks/AggregateDictionary.framework/Versions/A/AggregateDictionary
0x0000000241bb2000 	/System/Library/PrivateFrameworks/BiomeLibrary.framework/Versions/A/BiomeLibrary
0x00000001c897a000 	/System/Library/PrivateFrameworks/BiomeStreams.framework/Versions/A/BiomeStreams
0x00000001c49e0000 	/System/Library/PrivateFrameworks/BiomeFoundation.framework/Versions/A/BiomeFoundation
0x00000001cebfc000 	/System/Library/PrivateFrameworks/BiomePubSub.framework/Versions/A/BiomePubSub
0x00000001aa82c000 	/System/Library/PrivateFrameworks/ProactiveSupport.framework/Versions/A/ProactiveSupport
0x000000023b149000 	/System/Library/Frameworks/_LocationEssentials.framework/Versions/A/_LocationEssentials
0x000000019d9da000 	/usr/lib/liblzma.5.dylib
0x00000001a924b000 	/System/Library/PrivateFrameworks/InternationalTextSearch.framework/Versions/A/InternationalTextSearch
0x00000001c0ebc000 	/System/Library/PrivateFrameworks/SoftwareUpdateCoreSupport.framework/Versions/A/SoftwareUpdateCoreSupport
0x00000001c9418000 	/System/Library/PrivateFrameworks/SoftwareUpdateCoreConnect.framework/Versions/A/SoftwareUpdateCoreConnect
0x00000001a8def000 	/System/Library/PrivateFrameworks/RemoteServiceDiscovery.framework/Versions/A/RemoteServiceDiscovery
0x00000001c0a94000 	/System/Library/PrivateFrameworks/MSUDataAccessor.framework/Versions/A/MSUDataAccessor
0x00000001bb9fc000 	/usr/lib/libbootpolicy.dylib
0x00000001a8e06000 	/System/Library/PrivateFrameworks/RemoteXPC.framework/Versions/A/RemoteXPC
0x00000001c884e000 	/usr/lib/libFDR.dylib
0x00000001ce7fe000 	/usr/lib/libamsupport.dylib
0x000000028f6df000 	/usr/lib/libReverseProxyDevice.dylib
0x000000023fd3b000 	/System/Library/PrivateFrameworks/AppleDeviceQuerySupport.framework/Versions/A/AppleDeviceQuerySupport
0x00000001d19c0000 	/usr/lib/libpartition2_dynamic.dylib
0x000000019c66c000 	/System/Library/PrivateFrameworks/AppleSauce.framework/Versions/A/AppleSauce
0x000000028f294000 	/usr/lib/libAppleArchive.dylib
0x000000019be71000 	/usr/lib/libbz2.1.0.dylib
0x0000000196327000 	/System/Library/Frameworks/Accelerate.framework/Versions/A/Frameworks/vImage.framework/Versions/A/vImage
0x00000001a4b58000 	/System/Library/Frameworks/Accelerate.framework/Versions/A/Frameworks/vecLib.framework/Versions/A/vecLib
0x000000019dab5000 	/System/Library/Frameworks/Accelerate.framework/Versions/A/Frameworks/vecLib.framework/Versions/A/libvMisc.dylib
0x000000018d104000 	/System/Library/Frameworks/Accelerate.framework/Versions/A/Frameworks/vecLib.framework/Versions/A/libBLAS.dylib
0x000000019701d000 	/System/Library/Frameworks/CoreVideo.framework/Versions/A/CoreVideo
0x00000001a0669000 	/System/Library/Frameworks/ApplicationServices.framework/Versions/A/Frameworks/ATS.framework/Versions/A/ATS
0x000000019ed3a000 	/System/Library/Frameworks/ApplicationServices.framework/Versions/A/Frameworks/PrintCore.framework/Versions/A/PrintCore
0x00000001a0a1b000 	/System/Library/Frameworks/ApplicationServices.framework/Versions/A/Frameworks/QD.framework/Versions/A/QD
0x00000001a0a16000 	/System/Library/Frameworks/ApplicationServices.framework/Versions/A/Frameworks/ColorSyncLegacy.framework/Versions/A/ColorSyncLegacy
0x00000001a063b000 	/System/Library/Frameworks/ApplicationServices.framework/Versions/A/Frameworks/SpeechSynthesis.framework/Versions/A/SpeechSynthesis
0x0000000199176000 	/System/Library/PrivateFrameworks/FontServices.framework/libFontParser.dylib
0x00000001a8b17000 	/System/Library/PrivateFrameworks/BackBoardServices.framework/Versions/A/BackBoardServices
0x0000000241ab7000 	/System/Library/PrivateFrameworks/BackBoardHIDEventFoundation.framework/Versions/A/BackBoardHIDEventFoundation
0x000000018f0a0000 	/System/Library/Frameworks/CoreDisplay.framework/Versions/A/CoreDisplay
0x000000019e693000 	/System/Library/Frameworks/VideoToolbox.framework/Versions/A/VideoToolbox
0x000000019c6d0000 	/System/Library/Frameworks/MetalPerformanceShaders.framework/Versions/A/MetalPerformanceShaders
0x000000026fcf4000 	/System/Library/PrivateFrameworks/ProDisplayLibrary.framework/Versions/A/ProDisplayLibrary
0x00000001ac948000 	/System/Library/PrivateFrameworks/IOSurfaceAccelerator.framework/Versions/A/IOSurfaceAccelerator
0x0000000198cc5000 	/System/Library/PrivateFrameworks/IOAccelerator.framework/Versions/A/IOAccelerator
0x0000000198fd4000 	/System/Library/Frameworks/CoreMedia.framework/Versions/A/CoreMedia
0x0000000192e25000 	/System/Library/PrivateFrameworks/TCC.framework/Versions/A/TCC
0x000000019e64b000 	/System/Library/PrivateFrameworks/WatchdogClient.framework/Versions/A/WatchdogClient
0x00000001b994e000 	/usr/lib/swift/libswiftCoreAudio.dylib
0x00000001d5921000 	/usr/lib/swift/libswiftCoreMedia.dylib
0x0000000290fca000 	/usr/lib/swift/libswiftVideoToolbox.dylib
0x00000001cec5d000 	/System/Library/PrivateFrameworks/BiomeStorage.framework/Versions/A/BiomeStorage
0x000000025e211000 	/System/Library/PrivateFrameworks/IntelligencePlatformLibrary.framework/Versions/A/IntelligencePlatformLibrary
0x000000026eab8000 	/System/Library/PrivateFrameworks/PoirotSchematizer.framework/Versions/A/PoirotSchematizer
0x0000000242465000 	/System/Library/PrivateFrameworks/BiomeSync.framework/Versions/A/BiomeSync
0x0000000241b98000 	/System/Library/PrivateFrameworks/BiomeDSL.framework/Versions/A/BiomeDSL
0x000000026eb26000 	/System/Library/PrivateFrameworks/PoirotUDFs.framework/Versions/A/PoirotUDFs
0x0000000291072000 	/usr/lib/swift/libswift_DarwinFoundation2.dylib
0x0000000291073000 	/usr/lib/swift/libswift_DarwinFoundation3.dylib
0x00000001a71bf000 	/System/Library/PrivateFrameworks/CoreTime.framework/Versions/A/CoreTime
0x000000019c4ea000 	/usr/lib/libiconv.2.dylib
0x000000019c447000 	/usr/lib/libcharset.1.dylib
0x000000026ea7b000 	/System/Library/PrivateFrameworks/PoirotSQLite.framework/Versions/A/PoirotSQLite
0x0000000291074000 	/usr/lib/swift/libswift_RegexParser.dylib
0x0000000243a9b000 	/System/Library/PrivateFrameworks/CascadeSets.framework/Versions/A/CascadeSets
0x00000001a0c2c000 	/System/Library/PrivateFrameworks/CorePhoneNumbers.framework/Versions/A/CorePhoneNumbers
0x000000019e445000 	/System/Library/PrivateFrameworks/AppleJPEG.framework/Versions/A/AppleJPEG
0x000000019de1f000 	/usr/lib/libexpat.1.dylib
0x000000019ec10000 	/System/Library/Frameworks/ImageIO.framework/Versions/A/Resources/libPng.dylib
0x000000019ec3b000 	/System/Library/Frameworks/ImageIO.framework/Versions/A/Resources/libTIFF.dylib
0x000000019ed23000 	/System/Library/Frameworks/ImageIO.framework/Versions/A/Resources/libGIF.dylib
0x000000019e48a000 	/System/Library/Frameworks/ImageIO.framework/Versions/A/Resources/libJP2.dylib
0x000000019ecca000 	/System/Library/Frameworks/ImageIO.framework/Versions/A/Resources/libJPEG.dylib
0x000000019ecc1000 	/System/Library/Frameworks/ImageIO.framework/Versions/A/Resources/libRadiance.dylib
0x0000000253ec8000 	/System/Library/PrivateFrameworks/GPUCompiler.framework/Versions/32023/Libraries/libllvm-flatbuffers.dylib
0x000000024e927000 	/System/Library/PrivateFrameworks/FramePacing.framework/Versions/A/FramePacing
0x0000000231b3a000 	/System/Library/Frameworks/OpenGL.framework/Versions/A/Libraries/libCoreFSCache.dylib
0x000000024fa55000 	/System/Library/PrivateFrameworks/GPUCompiler.framework/Versions/32023/Libraries/libGPUCompilerUtils.dylib
0x00000001a6d17000 	/System/Library/PrivateFrameworks/GraphicsServices.framework/Versions/A/GraphicsServices
0x0000000231b99000 	/System/Library/Frameworks/OpenGL.framework/Versions/A/Libraries/libGLU.dylib
0x0000000231b5c000 	/System/Library/Frameworks/OpenGL.framework/Versions/A/Libraries/libGFXShared.dylib
0x0000000231d29000 	/System/Library/Frameworks/OpenGL.framework/Versions/A/Libraries/libGL.dylib
0x0000000231b65000 	/System/Library/Frameworks/OpenGL.framework/Versions/A/Libraries/libGLImage.dylib
0x0000000231b59000 	/System/Library/Frameworks/OpenGL.framework/Versions/A/Libraries/libCVMSPluginSupport.dylib
0x0000000231b42000 	/System/Library/Frameworks/OpenGL.framework/Versions/A/Libraries/libCoreVMClient.dylib
0x000000019ecbc000 	/System/Library/PrivateFrameworks/GPUWrangler.framework/Versions/A/GPUWrangler
0x000000019ec9c000 	/System/Library/PrivateFrameworks/IOPresentment.framework/Versions/A/IOPresentment
0x000000019ecc4000 	/System/Library/PrivateFrameworks/DSExternalDisplay.framework/Versions/A/DSExternalDisplay
0x000000028502d000 	/System/Library/PrivateFrameworks/VideoToolboxParavirtualizationSupport.framework/Versions/A/VideoToolboxParavirtualizationSupport
0x000000019ddd6000 	/System/Library/PrivateFrameworks/AppleVA.framework/Versions/A/AppleVA
0x0000000233bc4000 	/System/Library/Frameworks/ExtensionFoundation.framework/Versions/A/ExtensionFoundation
0x000000019ed29000 	/System/Library/PrivateFrameworks/CMCaptureCore.framework/Versions/A/CMCaptureCore
0x000000019e0a2000 	/System/Library/PrivateFrameworks/AppServerSupport.framework/Versions/A/AppServerSupport
0x00000001a0a24000 	/System/Library/PrivateFrameworks/perfdata.framework/Versions/A/perfdata
0x000000018f1c1000 	/System/Library/PrivateFrameworks/AudioToolboxCore.framework/Versions/A/AudioToolboxCore
0x0000000198faa000 	/System/Library/PrivateFrameworks/caulk.framework/Versions/A/caulk
0x00000001a0621000 	/usr/lib/libAudioStatistics.dylib
0x00000001b895b000 	/System/Library/PrivateFrameworks/SystemPolicy.framework/Versions/A/SystemPolicy
0x00000001a08c9000 	/usr/lib/libSMC.dylib
0x00000001c02a8000 	/usr/lib/swift/libswiftCoreMIDI.dylib
0x00000001abc3a000 	/System/Library/Frameworks/CoreMIDI.framework/Versions/A/CoreMIDI
0x000000019ebea000 	/usr/lib/libAudioToolboxUtility.dylib
0x00000001a0a32000 	/usr/lib/libperfcheck.dylib
0x0000000241453000 	/System/Library/PrivateFrameworks/AudioAnalytics.framework/Versions/A/AudioAnalytics
0x00000001df7e5000 	/System/Library/Frameworks/OSLog.framework/Versions/A/OSLog
0x000000026a52e000 	/System/Library/PrivateFrameworks/OSEligibility.framework/Versions/A/OSEligibility
0x0000000234fa8000 	/System/Library/Frameworks/LightweightCodeRequirements.framework/Versions/A/LightweightCodeRequirements
0x000000019dd1f000 	/System/Library/PrivateFrameworks/PlugInKit.framework/Versions/A/PlugInKit
0x000000019b600000 	/System/Library/PrivateFrameworks/AssertionServices.framework/Versions/A/AssertionServices
0x000000019de44000 	/System/Library/PrivateFrameworks/IconFoundation.framework/Versions/A/IconFoundation
0x000000025ad9f000 	/System/Library/PrivateFrameworks/IconRendering.framework/Versions/A/IconRendering
0x0000000271f09000 	/System/Library/PrivateFrameworks/SFSymbols.framework/Versions/A/SFSymbols
0x000000019e052000 	/System/Library/PrivateFrameworks/GraphVisualizer.framework/Versions/A/GraphVisualizer
0x000000024e832000 	/System/Library/PrivateFrameworks/FontServices.framework/Versions/A/FontServices
0x000000019e062000 	/System/Library/PrivateFrameworks/OTSVG.framework/Versions/A/OTSVG
0x0000000196b62000 	/System/Library/Frameworks/ApplicationServices.framework/Versions/A/Frameworks/ATS.framework/Versions/A/Resources/libFontRegistry.dylib
0x00000002901a7000 	/usr/lib/libhvf.dylib
0x000000026b1ba000 	/System/Library/PrivateFrameworks/ParsingInternal.framework/Versions/A/ParsingInternal
0x000000024e836000 	/System/Library/PrivateFrameworks/FontServices.framework/libXTFontStaticRegistryData.dylib
0x0000000199fc6000 	/System/Library/Frameworks/MetalPerformanceShaders.framework/Versions/A/Frameworks/MPSCore.framework/Versions/A/MPSCore
0x000000019bdd0000 	/System/Library/Frameworks/MetalPerformanceShaders.framework/Versions/A/Frameworks/MPSImage.framework/Versions/A/MPSImage
0x000000019b78f000 	/System/Library/Frameworks/MetalPerformanceShaders.framework/Versions/A/Frameworks/MPSNeuralNetwork.framework/Versions/A/MPSNeuralNetwork
0x000000019bbce000 	/System/Library/Frameworks/MetalPerformanceShaders.framework/Versions/A/Frameworks/MPSMatrix.framework/Versions/A/MPSMatrix
0x000000019b9e6000 	/System/Library/Frameworks/MetalPerformanceShaders.framework/Versions/A/Frameworks/MPSRayIntersector.framework/Versions/A/MPSRayIntersector
0x000000019bc00000 	/System/Library/Frameworks/MetalPerformanceShaders.framework/Versions/A/Frameworks/MPSNDArray.framework/Versions/A/MPSNDArray
0x0000000235e2d000 	/System/Library/Frameworks/MetalPerformanceShaders.framework/Versions/A/Frameworks/MPSFunctions.framework/Versions/A/MPSFunctions
0x0000000235e0e000 	/System/Library/Frameworks/MetalPerformanceShaders.framework/Versions/A/Frameworks/MPSBenchmarkLoop.framework/Versions/A/MPSBenchmarkLoop
0x0000000235e41000 	/System/Library/Frameworks/MetalPerformanceShaders.framework/Versions/A/Frameworks/MPSHost.framework/Versions/A/MPSHost
0x000000018cf1b000 	/System/Library/PrivateFrameworks/MetalTools.framework/Versions/A/MetalTools
0x00000001bebe5000 	/System/Library/PrivateFrameworks/IOAccelMemoryInfo.framework/Versions/A/IOAccelMemoryInfo
0x00000001cd0f6000 	/System/Library/PrivateFrameworks/kperf.framework/Versions/A/kperf
0x00000001b994a000 	/System/Library/PrivateFrameworks/GPURawCounter.framework/Versions/A/GPURawCounter
0x00000001aa9b7000 	/System/Library/PrivateFrameworks/ASEProcessing.framework/Versions/A/ASEProcessing
0x00000001db1a3000 	/System/Library/PrivateFrameworks/Symbolication.framework/Versions/A/Symbolication
0x000000026e667000 	/System/Library/PrivateFrameworks/PhotosensitivityProcessing.framework/Versions/A/PhotosensitivityProcessing
0x0000000271f8f000 	/System/Library/PrivateFrameworks/SILManager.framework/Versions/A/SILManager
0x00000001a7062000 	/System/Library/PrivateFrameworks/CoreSymbolication.framework/Versions/A/CoreSymbolication
0x00000001b98bf000 	/System/Library/PrivateFrameworks/MallocStackLogging.framework/Versions/A/MallocStackLogging
0x00000001a7040000 	/System/Library/PrivateFrameworks/DebugSymbols.framework/Versions/A/DebugSymbols
0x00000001cb869000 	/System/Library/PrivateFrameworks/OSAnalytics.framework/Versions/A/OSAnalytics
0x000000024c594000 	/System/Library/PrivateFrameworks/DeviceRecovery.framework/Versions/A/DeviceRecovery
0x00000002808bd000 	/System/Library/PrivateFrameworks/Tightbeam.framework/Versions/A/Tightbeam
0x00000001d1f2d000 	/System/Library/PrivateFrameworks/AFKUser.framework/Versions/A/AFKUser
0x000000019c23e000 	/System/Library/Frameworks/UserNotifications.framework/Versions/A/UserNotifications
0x00000001bf37a000 	/System/Library/PrivateFrameworks/SiriInstrumentation.framework/Versions/A/SiriInstrumentation
0x00000002743ea000 	/System/Library/PrivateFrameworks/SiriAnalytics.framework/Versions/A/SiriAnalytics
0x00000001bcae2000 	/System/Library/PrivateFrameworks/FeedbackLogger.framework/Versions/A/FeedbackLogger
0x00000001d736d000 	/usr/lib/swift/libswiftAVFoundation.dylib
0x00000002830e5000 	/System/Library/PrivateFrameworks/UnifiedAssetFramework.framework/Versions/A/UnifiedAssetFramework
0x00000001a05a0000 	/System/Library/PrivateFrameworks/AudioSession.framework/Versions/A/AudioSession
0x000000019df63000 	/System/Library/PrivateFrameworks/MediaExperience.framework/Versions/A/MediaExperience
0x00000001a0375000 	/System/Library/PrivateFrameworks/AudioSession.framework/libSessionUtility.dylib
0x00000001a5bed000 	/System/Library/Frameworks/CoreBluetooth.framework/Versions/A/CoreBluetooth
0x000000019b473000 	/System/Library/PrivateFrameworks/CoreUtils.framework/Versions/A/CoreUtils
0x00000001b17f0000 	/System/Library/PrivateFrameworks/HID.framework/Versions/A/HID
0x000000024b4ad000 	/System/Library/PrivateFrameworks/CoreUtilsExtras.framework/Versions/A/CoreUtilsExtras
0x000000025acf4000 	/System/Library/PrivateFrameworks/IO80211.framework/Versions/A/IO80211
0x00000001a2563000 	/System/Library/Frameworks/IOBluetooth.framework/Versions/A/IOBluetooth
0x0000000290e7f000 	/usr/lib/swift/libswiftRegexBuilder.dylib
0x000000019dbbf000 	/usr/lib/libIOReport.dylib
0x00000001e7d44000 	/System/Library/PrivateFrameworks/WiFiPeerToPeer.framework/Versions/A/WiFiPeerToPeer
0x000000019b60f000 	/System/Library/Frameworks/SecurityFoundation.framework/Versions/A/SecurityFoundation
0x0000000243b4f000 	/System/Library/PrivateFrameworks/Centauri.framework/Versions/A/Centauri
0x000000018d8ff000 	/System/Library/PrivateFrameworks/Lexicon.framework/Versions/A/Lexicon
0x00000002905f7000 	/usr/lib/libmrc.dylib
0x000000025ad5f000 	/System/Library/PrivateFrameworks/IPConfiguration.framework/Versions/A/IPConfiguration
0x00000001db97a000 	/System/Library/PrivateFrameworks/Netrb.framework/Versions/A/Netrb
0x000000019b778000 	/usr/lib/libgermantok.dylib
0x000000019a1b5000 	/System/Library/PrivateFrameworks/LinguisticData.framework/Versions/A/LinguisticData
0x00000001a5df6000 	/System/Library/PrivateFrameworks/MediaKit.framework/Versions/A/MediaKit
0x00000001a5d44000 	/System/Library/Frameworks/DiscRecording.framework/Versions/A/DiscRecording
0x000000019de3a000 	/usr/lib/libheimdal-asn1.dylib
0x00000001a981f000 	/System/Library/Frameworks/AudioUnit.framework/Versions/A/AudioUnit
0x0000000196e7a000 	/System/Library/Frameworks/OpenDirectory.framework/Versions/A/OpenDirectory
0x0000000196e88000 	/System/Library/Frameworks/OpenDirectory.framework/Versions/A/Frameworks/CFOpenDirectory.framework/Versions/A/CFOpenDirectory
0x00000001a290b000 	/System/Library/PrivateFrameworks/GeoServices.framework/Versions/A/GeoServices
0x00000001a033b000 	/System/Library/PrivateFrameworks/LocationSupport.framework/Versions/A/LocationSupport
0x0000000257a1b000 	/System/Library/PrivateFrameworks/GeoServicesCore.framework/Versions/A/GeoServicesCore
0x00000001b26f4000 	/System/Library/PrivateFrameworks/PhoneNumbers.framework/Versions/A/PhoneNumbers
0x00000002601a3000 	/System/Library/PrivateFrameworks/LocationLogEncryption.framework/Versions/A/LocationLogEncryption
0x00000002320b5000 	/System/Library/Frameworks/AVFAudio.framework/Versions/A/AVFAudio
0x00000002321f9000 	/System/Library/Frameworks/AVRouting.framework/Versions/A/AVRouting
0x00000001b280c000 	/usr/lib/libAccessibility.dylib
0x000000025eb8d000 	/System/Library/PrivateFrameworks/IsolatedCoreAudioClient.framework/Versions/A/IsolatedCoreAudioClient
0x00000002472e5000 	/System/Library/PrivateFrameworks/CoreAudioOrchestration.framework/Versions/A/CoreAudioOrchestration
0x000000019f211000 	/System/Library/Frameworks/MediaToolbox.framework/Versions/A/MediaToolbox
0x00000001a5f1c000 	/System/Library/PrivateFrameworks/CoreAVCHD.framework/Versions/A/CoreAVCHD
0x00000001a4e4b000 	/System/Library/Frameworks/MediaAccessibility.framework/Versions/A/MediaAccessibility
0x00000001a5f18000 	/System/Library/PrivateFrameworks/Mangrove.framework/Versions/A/Mangrove
0x000000024318b000 	/System/Library/PrivateFrameworks/CMPhoto.framework/Versions/A/CMPhoto
0x00000001a66e5000 	/System/Library/Frameworks/CoreTelephony.framework/Versions/A/CoreTelephony
0x00000001a5f0b000 	/System/Library/PrivateFrameworks/CoreAUC.framework/Versions/A/CoreAUC
0x00000002402fc000 	/System/Library/PrivateFrameworks/AppleJPEGXL.framework/Versions/A/AppleJPEGXL
0x00000001a0c3c000 	/usr/lib/libTelephonyUtilDynamic.dylib
0x00000001e28d6000 	/System/Library/Frameworks/CryptoKit.framework/Versions/A/CryptoKit
0x00000001a981a000 	/System/Library/PrivateFrameworks/CryptoKitCBridging.framework/Versions/A/CryptoKitCBridging
0x00000001a6d29000 	/System/Library/Frameworks/CryptoTokenKit.framework/Versions/A/CryptoTokenKit
0x000000024c005000 	/System/Library/PrivateFrameworks/Dendrite.framework/Versions/A/Dendrite
0x00000001b94f2000 	/System/Library/Frameworks/NaturalLanguage.framework/Versions/A/NaturalLanguage
0x00000001e7ccc000 	/usr/lib/swift/libswiftNaturalLanguage.dylib
0x0000000240e72000 	/System/Library/PrivateFrameworks/AppleMobileFileIntegrity.framework/Versions/A/AppleMobileFileIntegrity
0x000000028f756000 	/usr/lib/libTLE.dylib
0x00000001b98f1000 	/usr/lib/libmis.dylib
0x00000001f13d3000 	/System/Library/PrivateFrameworks/ConfigProfileHelper.framework/Versions/A/ConfigProfileHelper
0x00000001a99a9000 	/System/Library/PrivateFrameworks/Espresso.framework/Versions/A/Espresso
0x0000000197609000 	/System/Library/Frameworks/CoreML.framework/Versions/A/CoreML
0x00000001e5b89000 	/usr/lib/libedit.3.dylib
0x000000022eec4000 	/System/Library/PrivateFrameworks/ANECompiler.framework/Versions/A/ANECompiler
0x00000001aba7e000 	/System/Library/PrivateFrameworks/AppleNeuralEngine.framework/Versions/A/AppleNeuralEngine
0x00000002602c1000 	/System/Library/PrivateFrameworks/MIL.framework/Versions/A/MIL
0x0000000235e47000 	/System/Library/Frameworks/MetalPerformanceShadersGraph.framework/Versions/A/MetalPerformanceShadersGraph
0x0000000260a30000 	/System/Library/PrivateFrameworks/MLCompilerServices.framework/Versions/A/MLCompilerServices
0x00000001aa7fb000 	/System/Library/PrivateFrameworks/ANEServices.framework/Versions/A/ANEServices
0x00000001beba8000 	/usr/lib/libncurses.5.4.dylib
0x0000000190ab6000 	/usr/lib/libsandbox.1.dylib
0x000000019dd60000 	/usr/lib/libMatch.1.dylib
0x000000026a2b0000 	/System/Library/PrivateFrameworks/ODIE.framework/Versions/A/ODIE
0x00000002636bd000 	/System/Library/PrivateFrameworks/MLModelAsset.framework/Versions/A/MLModelAsset
0x00000002609d6000 	/System/Library/PrivateFrameworks/MLCompilerRuntime.framework/Versions/A/MLCompilerRuntime
0x000000019ba3b000 	/System/Library/Frameworks/MLCompute.framework/Versions/A/MLCompute
0x0000000260958000 	/System/Library/PrivateFrameworks/MLAssetIO.framework/Versions/A/MLAssetIO
0x0000000290e51000 	/usr/lib/swift/libswiftMLCompute.dylib
0x00000001a6900000 	/System/Library/PrivateFrameworks/AVFCore.framework/Versions/A/AVFCore
0x00000001b010e000 	/System/Library/PrivateFrameworks/AVFCapture.framework/Versions/A/AVFCapture
0x0000000242f82000 	/System/Library/PrivateFrameworks/CMImaging.framework/Versions/A/CMImaging
0x00000001b0350000 	/System/Library/PrivateFrameworks/Quagga.framework/Versions/A/Quagga
0x00000001b0481000 	/System/Library/PrivateFrameworks/CMCapture.framework/Versions/A/CMCapture
0x00000001a07c6000 	/System/Library/Frameworks/CoreMediaIO.framework/Versions/A/CoreMediaIO
0x0000000242ebd000 	/System/Library/PrivateFrameworks/CMCaptureDevice.framework/Versions/A/CMCaptureDevice
0x000000019e19b000 	/System/Library/PrivateFrameworks/CoreBrightness.framework/Versions/A/CoreBrightness
0x0000000244046000 	/System/Library/PrivateFrameworks/CinematicFraming.framework/Versions/A/CinematicFraming
0x0000000266798000 	/System/Library/PrivateFrameworks/ModelManagerServices.framework/Versions/A/ModelManagerServices
0x00000001d43d7000 	/System/Library/PrivateFrameworks/CPMS.framework/Versions/A/CPMS
0x000000027dfe5000 	/System/Library/PrivateFrameworks/SystemStatus.framework/Versions/A/SystemStatus
0x00000001b8330000 	/System/Library/Frameworks/CoreMotion.framework/Versions/A/CoreMotion
0x00000001c88f9000 	/System/Library/PrivateFrameworks/TimeSync.framework/Versions/A/TimeSync
0x000000024c9cb000 	/System/Library/PrivateFrameworks/DistributedSensing.framework/Versions/A/DistributedSensing
0x00000001c3cf0000 	/System/Library/PrivateFrameworks/MobileBluetooth.framework/Versions/A/MobileBluetooth
0x00000001ca5b6000 	/System/Library/PrivateFrameworks/IOKitten.framework/Versions/A/IOKitten
0x0000000240176000 	/System/Library/PrivateFrameworks/AppleIntelligenceReporting.framework/Versions/A/AppleIntelligenceReporting
0x000000019b382000 	/System/Library/PrivateFrameworks/CoreEmoji.framework/Versions/A/CoreEmoji
0x000000018dc11000 	/usr/lib/libCRFSuite.dylib
0x000000018eef1000 	/System/Library/PrivateFrameworks/LanguageModeling.framework/Versions/A/LanguageModeling
0x000000019a095000 	/System/Library/PrivateFrameworks/CoreNLP.framework/Versions/A/CoreNLP
0x0000000193e67000 	/System/Library/PrivateFrameworks/Montreal.framework/Versions/A/Montreal
0x000000019c4f2000 	/usr/lib/libcmph.dylib
0x000000019b719000 	/usr/lib/libmecab.dylib
0x000000019c663000 	/usr/lib/libThaiTokenizer.dylib
0x0000000257800000 	/System/Library/PrivateFrameworks/GenerativeModelsFoundation.framework/Versions/A/GenerativeModelsFoundation
0x0000000280dc2000 	/System/Library/PrivateFrameworks/TokenGeneration.framework/Versions/A/TokenGeneration
0x00000002575d4000 	/System/Library/PrivateFrameworks/GenerativeFunctions.framework/Versions/A/GenerativeFunctions
0x0000000257622000 	/System/Library/PrivateFrameworks/GenerativeFunctionsFoundation.framework/Versions/A/GenerativeFunctionsFoundation
0x000000026645e000 	/System/Library/PrivateFrameworks/ModelCatalog.framework/Versions/A/ModelCatalog
0x0000000273604000 	/System/Library/PrivateFrameworks/SensitiveContentAnalysisML.framework/Versions/A/SensitiveContentAnalysisML
0x00000002576b8000 	/System/Library/PrivateFrameworks/GenerativeFunctionsInstrumentation.framework/Versions/A/GenerativeFunctionsInstrumentation
0x000000027047c000 	/System/Library/PrivateFrameworks/PromptKit.framework/Versions/A/PromptKit
0x000000026fe93000 	/System/Library/PrivateFrameworks/ProactiveDaemonSupport.framework/Versions/A/ProactiveDaemonSupport
0x0000000280ffa000 	/System/Library/PrivateFrameworks/TokenGenerationCore.framework/Versions/A/TokenGenerationCore
0x00000001ba3bd000 	/System/Library/PrivateFrameworks/Trial.framework/Versions/A/Trial
0x00000001ba33e000 	/System/Library/PrivateFrameworks/TrialProto.framework/Versions/A/TrialProto
0x000000023fda2000 	/System/Library/PrivateFrameworks/AppleFlatBuffers.framework/Versions/A/AppleFlatBuffers
0x00000002738d4000 	/System/Library/PrivateFrameworks/SentencePieceInternal.framework/Versions/A/SentencePieceInternal
0x00000001a4ea5000 	/System/Library/Frameworks/Vision.framework/Versions/A/Vision
0x000000024b18f000 	/System/Library/PrivateFrameworks/CoreSceneUnderstanding.framework/Versions/A/CoreSceneUnderstanding
0x0000000285c3a000 	/System/Library/PrivateFrameworks/VisionCore.framework/Versions/A/VisionCore
0x00000001c2c7e000 	/System/Library/Frameworks/Vision.framework/libfaceCore.dylib
0x00000001c3798000 	/System/Library/PrivateFrameworks/Futhark.framework/Versions/A/Futhark
0x00000001c76d6000 	/System/Library/PrivateFrameworks/InertiaCam.framework/Versions/A/InertiaCam
0x00000001c3525000 	/System/Library/PrivateFrameworks/TextRecognition.framework/Versions/A/TextRecognition
0x000000019dbfd000 	/System/Library/PrivateFrameworks/CVNLP.framework/Versions/A/CVNLP
0x00000001dfcce000 	/System/Library/PrivateFrameworks/HIDDisplay.framework/Versions/A/HIDDisplay
0x000000019ecf5000 	/System/Library/Frameworks/ApplicationServices.framework/Versions/A/Frameworks/ATSUI.framework/Versions/A/ATSUI
0x00000001a09aa000 	/usr/lib/libcups.2.dylib
0x00000001a0a40000 	/System/Library/Frameworks/Kerberos.framework/Versions/A/Kerberos
0x00000001a06b1000 	/usr/lib/libresolv.9.dylib
0x000000019e0b6000 	/System/Library/PrivateFrameworks/Heimdal.framework/Versions/A/Heimdal
0x00000001a981e000 	/System/Library/Frameworks/Kerberos.framework/Versions/A/Libraries/libHeimdalProxy.dylib
0x00000001a0aa4000 	/System/Library/PrivateFrameworks/CommonAuth.framework/Versions/A/CommonAuth
0x00000001b2700000 	/System/Library/PrivateFrameworks/AXCoreUtilities.framework/Versions/A/AXCoreUtilities
0x000000028f257000 	/usr/lib/libAXSafeCategoryBundle.dylib
0x000000023a1d2000 	/System/Library/Frameworks/TabularData.framework/Versions/A/TabularData
0x0000000241022000 	/System/Library/PrivateFrameworks/ArgumentParserInternal.framework/Versions/A/ArgumentParserInternal
0x000000019b244000 	/System/Library/Frameworks/Accelerate.framework/Versions/A/Frameworks/vecLib.framework/Versions/A/libvDSP.dylib
0x000000019c7b2000 	/System/Library/Frameworks/Accelerate.framework/Versions/A/Frameworks/vecLib.framework/Versions/A/libLAPACK.dylib
0x000000019b77b000 	/System/Library/Frameworks/Accelerate.framework/Versions/A/Frameworks/vecLib.framework/Versions/A/libLinearAlgebra.dylib
0x000000019c6a9000 	/System/Library/Frameworks/Accelerate.framework/Versions/A/Frameworks/vecLib.framework/Versions/A/libSparseBLAS.dylib
0x000000019c7ad000 	/System/Library/Frameworks/Accelerate.framework/Versions/A/Frameworks/vecLib.framework/Versions/A/libQuadrature.dylib
0x000000019a1bc000 	/System/Library/Frameworks/Accelerate.framework/Versions/A/Frameworks/vecLib.framework/Versions/A/libBNNS.dylib
0x000000018da0f000 	/System/Library/Frameworks/Accelerate.framework/Versions/A/Frameworks/vecLib.framework/Versions/A/libSparse.dylib
0x00000001a0a09000 	/System/Library/PrivateFrameworks/NetAuth.framework/Versions/A/NetAuth
0x000000019709e000 	/System/Library/PrivateFrameworks/login.framework/Versions/A/Frameworks/loginsupport.framework/Versions/A/loginsupport
0x000000019b6e3000 	/usr/lib/libCheckFix.dylib
0x0000000196224000 	/System/Library/PrivateFrameworks/MetadataUtilities.framework/Versions/A/MetadataUtilities
0x000000025b7e6000 	/System/Library/PrivateFrameworks/InstalledContentLibrary.framework/Versions/A/InstalledContentLibrary
0x000000019097a000 	/System/Library/PrivateFrameworks/CoreServicesStore.framework/Versions/A/CoreServicesStore
0x00000001cd20d000 	/System/Library/PrivateFrameworks/MobileSystemServices.framework/Versions/A/MobileSystemServices
0x000000019da82000 	/usr/lib/libxslt.1.dylib
0x000000019b6a2000 	/System/Library/PrivateFrameworks/BackgroundTaskManagement.framework/Versions/A/BackgroundTaskManagement
0x00000001a8eb0000 	/usr/lib/libcurl.4.dylib
0x000000028ff5b000 	/usr/lib/libcrypto.46.dylib
0x0000000290afa000 	/usr/lib/libssl.48.dylib
0x00000001a8b8a000 	/System/Library/Frameworks/LDAP.framework/Versions/A/LDAP
0x00000001a8bc6000 	/System/Library/PrivateFrameworks/TrustEvaluationAgent.framework/Versions/A/TrustEvaluationAgent
0x00000001a06ce000 	/usr/lib/libsasl2.2.dylib
0x00000001b6805000 	/usr/lib/swift/libswiftCoreGraphics.dylib
0x00000001a553f000 	/usr/lib/swift/libswiftFoundation.dylib
0x00000001f0d77000 	/usr/lib/swift/libswiftSwiftOnoneSupport.dylib
0x00000002911a8000 	/usr/lib/swift/libswiftsys_time.dylib
0x00000001db9b8000 	/System/Library/PrivateFrameworks/CoreMaterial.framework/Versions/A/CoreMaterial
0x000000028f753000 	/usr/lib/libSpatial.dylib
0x000000028f174000 	/System/Library/SubFrameworks/UIUtilities.framework/Versions/A/UIUtilities
0x000000010a820000 	/Applications/Android Studio.app/Contents/jbr/Contents/Home/lib/server/libjvm.dylib
0x0000000102218000 	/Applications/Android Studio.app/Contents/jbr/Contents/Home/lib/libjimage.dylib
0x0000000102248000 	/Applications/Android Studio.app/Contents/jbr/Contents/Home/lib/libinstrument.dylib
0x0000000102298000 	/Applications/Android Studio.app/Contents/jbr/Contents/Home/lib/libjava.dylib
0x00000001023b4000 	/Applications/Android Studio.app/Contents/jbr/Contents/Home/lib/libzip.dylib
0x0000000102650000 	/Applications/Android Studio.app/Contents/jbr/Contents/Home/lib/libnio.dylib
0x0000000102670000 	/Applications/Android Studio.app/Contents/jbr/Contents/Home/lib/libnet.dylib
0x0000000102694000 	/Applications/Android Studio.app/Contents/jbr/Contents/Home/lib/libverify.dylib
0x0000000102278000 	/Users/npcapro/.gradle/native/1def1411415f61bf3af743bc5b6707747c0891f09f0c88961ee8f79bc544acac/osx-aarch64/libnative-platform.dylib
0x00000001333e0000 	/Users/npcapro/.gradle/native/0.2.7/aarch64-macos/libgradle-fileevents.dylib
0x00000001026b0000 	/Applications/Android Studio.app/Contents/jbr/Contents/Home/lib/libmanagement.dylib
0x00000001026c4000 	/Applications/Android Studio.app/Contents/jbr/Contents/Home/lib/libmanagement_ext.dylib
0x00000001026d8000 	/Applications/Android Studio.app/Contents/jbr/Contents/Home/lib/libextnet.dylib
0x00000001026ec000 	/Applications/Android Studio.app/Contents/jbr/Contents/Home/lib/librmi.dylib
0x0000000353744000 	/Applications/Android Studio.app/Contents/jbr/Contents/Home/lib/libawt.dylib
0x0000000133464000 	/Applications/Android Studio.app/Contents/jbr/Contents/Home/lib/libmlib_image.dylib
0x0000000234f9f000 	/System/Library/Frameworks/JavaRuntimeSupport.framework/Versions/A/JavaRuntimeSupport
0x00000001b832f000 	/System/Library/Frameworks/Carbon.framework/Versions/A/Carbon
0x00000001ae52e000 	/System/Library/Frameworks/Carbon.framework/Versions/A/Frameworks/CommonPanels.framework/Versions/A/CommonPanels
0x00000001a8e9b000 	/System/Library/Frameworks/Carbon.framework/Versions/A/Frameworks/Help.framework/Versions/A/Help
0x00000001ae532000 	/System/Library/Frameworks/Carbon.framework/Versions/A/Frameworks/ImageCapture.framework/Versions/A/ImageCapture
0x00000001ae50d000 	/System/Library/Frameworks/Carbon.framework/Versions/A/Frameworks/OpenScripting.framework/Versions/A/OpenScripting
0x00000001ae52d000 	/System/Library/Frameworks/Carbon.framework/Versions/A/Frameworks/Ink.framework/Versions/A/Ink
0x00000001ae52a000 	/System/Library/Frameworks/Carbon.framework/Versions/A/Frameworks/SecurityHI.framework/Versions/A/SecurityHI
0x000000028f5c7000 	/usr/lib/libInterpreterSecurity.dylib
0x00000001cef89000 	/System/Library/PrivateFrameworks/XprotectFramework.framework/Versions/A/XprotectFramework
0x00000001b1b11000 	/System/Library/PrivateFrameworks/yara.framework/Versions/A/yara
0x000000028f544000 	/usr/lib/libEndpointSecuritySystem.dylib
0x000000039ac00000 	/Applications/Android Studio.app/Contents/jbr/Contents/Home/lib/libawt_lwawt.dylib
0x000000013338c000 	/Applications/Android Studio.app/Contents/jbr/Contents/Home/lib/libosxapp.dylib
0x00000001b686e000 	/System/Library/Frameworks/ExceptionHandling.framework/Versions/A/ExceptionHandling
0x0000000386204000 	/Applications/Android Studio.app/Contents/jbr/Contents/Home/lib/libfontmanager.dylib
0x000000037320c000 	/Applications/Android Studio.app/Contents/jbr/Contents/Home/lib/libfreetype.dylib


VM Arguments:
jvm_args: --add-opens=java.base/java.lang=ALL-UNNAMED --add-opens=java.base/java.lang.invoke=ALL-UNNAMED --add-opens=java.base/java.util=ALL-UNNAMED --add-opens=java.prefs/java.util.prefs=ALL-UNNAMED --add-exports=jdk.compiler/com.sun.tools.javac.api=ALL-UNNAMED --add-exports=jdk.compiler/com.sun.tools.javac.util=ALL-UNNAMED --add-opens=java.base/java.util=ALL-UNNAMED --add-opens=java.prefs/java.util.prefs=ALL-UNNAMED --add-opens=java.base/java.nio.charset=ALL-UNNAMED --add-opens=java.base/java.net=ALL-UNNAMED --add-opens=java.base/java.util.concurrent.atomic=ALL-UNNAMED --add-opens=java.xml/javax.xml.namespace=ALL-UNNAMED -XX:MaxMetaspaceSize=4G -XX:ReservedCodeCacheSize=512m -XX:+HeapDumpOnOutOfMemoryError -Xmx8G -Dfile.encoding=UTF-8 -Duser.country=GB -Duser.language=en -Duser.variant -javaagent:/Users/npcapro/.gradle/wrapper/dists/gradle-8.14.3-all/10utluxaxniiv4wxiphsi49nj/gradle-8.14.3/lib/agents/gradle-instrumentation-agent-8.14.3.jar 
java_command: org.gradle.launcher.daemon.bootstrap.GradleDaemon 8.14.3
java_class_path (initial): /Users/npcapro/.gradle/wrapper/dists/gradle-8.14.3-all/10utluxaxniiv4wxiphsi49nj/gradle-8.14.3/lib/gradle-daemon-main-8.14.3.jar
Launcher Type: SUN_STANDARD

[Global flags]
     intx CICompilerCount                          = 4                                         {product} {ergonomic}
     uint ConcGCThreads                            = 3                                         {product} {ergonomic}
     uint G1ConcRefinementThreads                  = 11                                        {product} {ergonomic}
   size_t G1HeapRegionSize                         = 4194304                                   {product} {ergonomic}
    uintx GCDrainStackTargetSize                   = 64                                        {product} {ergonomic}
     bool HeapDumpOnOutOfMemoryError               = true                                   {manageable} {command line}
   size_t InitialHeapSize                          = 603979776                                 {product} {ergonomic}
   size_t MarkStackSize                            = 4194304                                   {product} {ergonomic}
   size_t MaxHeapSize                              = 8589934592                                {product} {command line}
   size_t MaxMetaspaceSize                         = 4294967296                                {product} {command line}
   size_t MaxNewSize                               = 5150605312                                {product} {ergonomic}
   size_t MinHeapDeltaBytes                        = 4194304                                   {product} {ergonomic}
   size_t MinHeapSize                              = 8388608                                   {product} {ergonomic}
    uintx NonNMethodCodeHeapSize                   = 5839564                                {pd product} {ergonomic}
    uintx NonProfiledCodeHeapSize                  = 265515674                              {pd product} {ergonomic}
    uintx ProfiledCodeHeapSize                     = 265515674                              {pd product} {ergonomic}
    uintx ReservedCodeCacheSize                    = 536870912                              {pd product} {command line}
     bool SegmentedCodeCache                       = true                                      {product} {ergonomic}
   size_t SoftMaxHeapSize                          = 8589934592                             {manageable} {ergonomic}
   double SweeperThreshold                         = 0.234375                                  {product} {ergonomic}
     bool UseCompressedClassPointers               = true                           {product lp64_product} {ergonomic}
     bool UseCompressedOops                        = true                           {product lp64_product} {ergonomic}
     bool UseG1GC                                  = true                                      {product} {ergonomic}
     bool UseNUMA                                  = false                                     {product} {ergonomic}
     bool UseNUMAInterleaving                      = false                                     {product} {ergonomic}

Logging:
Log output configuration:
 #0: stdout all=warning uptime,level,tags
 #1: stderr all=off uptime,level,tags

Environment Variables:
JAVA_HOME=/Applications/Android Studio.app/Contents/jbr/Contents/Home
PATH=/Applications/Android Studio.app/Contents/jbr/Contents/Home/bin:/opt/homebrew/Cellar/openjdk@17/17.0.19/libexec/openjdk.jdk/Contents/Home/bin:/Users/npcapro/Library/Application Support/Herd/bin/:/Users/npcapro/Library/Application Support/Herd/config/nvm/versions/node/v20.14.0/bin:/Users/npcapro/Library/Application Support/Code/User/globalStorage/github.copilot-chat/debugCommand:/Users/npcapro/Library/Application Support/Code/User/globalStorage/github.copilot-chat/copilotCli:/opt/homebrew/bin:/opt/homebrew/sbin:/usr/local/bin:/System/Cryptexes/App/usr/bin:/usr/bin:/bin:/usr/sbin:/sbin:/var/run/com.apple.security.cryptexd/codex.system/bootstrap/usr/local/bin:/var/run/com.apple.security.cryptexd/codex.system/bootstrap/usr/bin:/var/run/com.apple.security.cryptexd/codex.system/bootstrap/usr/appleinternal/bin:/pkg/env/global/bin:/Library/Apple/usr/bin:/Users/npcapro/Development/flutter/bin:/Users/npcapro/Library/Application Support/Code/User/globalStorage/github.copilot-chat/debugCommand:/Users/npcapro/Library/Application Support/Code/User/globalStorage/github.copilot-chat/copilotCli:/opt/homebrew/Cellar/openjdk@17/17.0.19/libexec/openjdk.jdk/Contents/Home/bin:/Users/npcapro/Library/Application Support/Herd/bin/:/Users/npcapro/Library/Application Support/Herd/config/nvm/versions/node/v20.14.0/bin:/Users/yourname/development/flutter/bin:/Users/npcapro/.pub-cache/bin:/Users/yourname/development/flutter/bin:/Users/npcapro/.pub-cache/bin:/Users/npcapro/.pub-cache/bin
SHELL=/bin/zsh
LANG=C.UTF-8
TERM=xterm-256color
TMPDIR=/var/folders/kk/ptn2dxvs0wx0hpm2mc7dk2v40000gn/T/

Active Locale:
LC_ALL=C.UTF-8
LC_COLLATE=C.UTF-8
LC_CTYPE=C.UTF-8
LC_MESSAGES=C.UTF-8
LC_MONETARY=C.UTF-8
LC_NUMERIC=C.UTF-8
LC_TIME=C.UTF-8

Signal Handlers:
   SIGSEGV: crash_handler in libjvm.dylib, mask=11100110000111110111111111111111, flags=SA_RESTART|SA_SIGINFO, unblocked
    SIGBUS: crash_handler in libjvm.dylib, mask=11100110000111110111111111111111, flags=SA_RESTART|SA_SIGINFO, unblocked
    SIGFPE: crash_handler in libjvm.dylib, mask=11100110000111110111111111111111, flags=SA_RESTART|SA_SIGINFO, unblocked
   SIGPIPE: javaSignalHandler in libjvm.dylib, mask=11100110000111110111111111111111, flags=SA_RESTART|SA_SIGINFO, unblocked
   SIGXFSZ: javaSignalHandler in libjvm.dylib, mask=11100110000111110111111111111111, flags=SA_RESTART|SA_SIGINFO, unblocked
    SIGILL: crash_handler in libjvm.dylib, mask=11100110000111110111111111111111, flags=SA_RESTART|SA_SIGINFO, unblocked
   SIGUSR2: SR_handler in libjvm.dylib, mask=00100000000000000000010000000000, flags=SA_RESTART|SA_SIGINFO, unblocked
    SIGHUP: UserHandler in libjvm.dylib, mask=11100110000111110111111111111111, flags=SA_RESTART|SA_SIGINFO, unblocked
    SIGINT: UserHandler in libjvm.dylib, mask=11100110000111110111111111111111, flags=SA_RESTART|SA_SIGINFO, unblocked
   SIGTERM: UserHandler in libjvm.dylib, mask=11100110000111110111111111111111, flags=SA_RESTART|SA_SIGINFO, unblocked
   SIGQUIT: UserHandler in libjvm.dylib, mask=11100110000111110111111111111111, flags=SA_RESTART|SA_SIGINFO, blocked
   SIGTRAP: crash_handler in libjvm.dylib, mask=11100110000111110111111111111111, flags=SA_RESTART|SA_SIGINFO, unblocked


Periodic native trim disabled

JNI global refs:
JNI global refs: 34, weak refs: 71

JNI global refs memory usage: 835, weak refs: 1529

OOME stack traces (most recent first):
Classloader memory used:
Loader org.gradle.internal.classloader.VisitableURLClassLoader$InstrumentingVisitableURLClassLoader: 16079K
Loader java.net.URLClassLoader                                                         : 13539K
Loader org.gradle.internal.classloader.VisitableURLClassLoader                         : 6802K
Loader bootstrap                                                                       : 4197K
Loader org.gradle.initialization.MixInLegacyTypesClassLoader                           : 1885K
Loader jdk.internal.loader.ClassLoaders$AppClassLoader                                 : 1431K
Loader jdk.internal.reflect.DelegatingClassLoader                                      : 1173K
Loader org.gradle.groovy.scripts.internal.DefaultScriptCompilationHandler$ScriptClassLoader: 137K
Loader jdk.internal.loader.ClassLoaders$PlatformClassLoader                            : 126K
Loader jdk.internal.jrtfs.JrtFileSystemProvider$JrtFsLoader                            : 70463B
Loader org.gradle.internal.classloader.VisitableURLClassLoader                         : 59622B
Loader com.intellij.util.lang.UrlClassLoader                                           : 49425B
Loader org.codehaus.groovy.runtime.callsite.CallSiteClassLoader                        : 5213B
Loader sun.reflect.misc.MethodUtil                                                     : 345B

Classes loaded by more than one classloader:
Class Program                                                                         : loaded 17 times (x 71B)
Class Build_gradle$1                                                                  : loaded 10 times (x 73B)
Class Build_gradle                                                                    : loaded 10 times (x 129B)
Class Build_gradle$2                                                                  : loaded 9 times (x 73B)
Class Build_gradle$1$1                                                                : loaded 8 times (x 77B)
Class Build_gradle$3                                                                  : loaded 6 times (x 73B)
Class org.gradle.kotlin.dsl.ImplementationConfigurationAccessorsKt                    : loaded 4 times (x 70B)
Class org.gradle.kotlin.dsl.TestImplementationConfigurationAccessorsKt                : loaded 4 times (x 70B)
Class com.google.common.base.CharMatcher$BitSetMatcher                                : loaded 3 times (x 111B)
Class com.google.common.math.IntMath$1                                                : loaded 3 times (x 70B)
Class com.google.common.collect.Maps$8                                                : loaded 3 times (x 81B)
Class com.google.common.collect.Iterators$MergingIterator                             : loaded 3 times (x 80B)
Class com.google.common.collect.Iterators$9                                           : loaded 3 times (x 80B)
Class jdk.internal.jimage.ImageReader                                                 : loaded 3 times (x 74B)
Class com.google.common.collect.Maps$IteratorBasedAbstractMap                         : loaded 3 times (x 124B)
Class com.google.common.collect.MapDifference                                         : loaded 3 times (x 69B)
Class com.google.common.io.Closer$Suppressor                                          : loaded 3 times (x 69B)
Class com.google.common.collect.ImmutableRangeSet                                     : loaded 3 times (x 114B)
Class com.google.common.io.ByteSource$EmptyByteSource                                 : loaded 3 times (x 84B)
Class com.google.common.base.Equivalence                                              : loaded 3 times (x 81B)
Class [Lcom.google.common.collect.Iterators$EmptyModifiableIterator;                  : loaded 3 times (x 68B)
Class jdk.internal.jimage.ImageReader$Node                                            : loaded 3 times (x 83B)
Class com.google.common.base.CharMatcher$None                                         : loaded 3 times (x 111B)
Class org.objectweb.asm.ClassVisitor                                                  : loaded 3 times (x 87B)
Class com.google.common.collect.Sets$1                                                : loaded 3 times (x 138B)
Class com.google.common.collect.Hashing                                               : loaded 3 times (x 70B)
Class com.google.common.collect.Lists$StringAsImmutableList                           : loaded 3 times (x 168B)
Class com.google.common.collect.Iterators$ArrayItr                                    : loaded 3 times (x 96B)
Class com.google.common.base.CharMatcher$And                                          : loaded 3 times (x 111B)
Class com.google.common.collect.Sets$2                                                : loaded 3 times (x 138B)
Class jdk.internal.jrtfs.JrtDirectoryStream                                           : loaded 3 times (x 88B)
Class com.google.common.collect.MapMakerInternalMap$Segment                           : loaded 3 times (x 141B)
Class com.google.common.collect.Sets$3                                                : loaded 3 times (x 138B)
Class jdk.internal.jimage.ImageHeader                                                 : loaded 3 times (x 70B)
Class com.google.common.collect.Iterators$EmptyModifiableIterator                     : loaded 3 times (x 85B)
Class com.google.common.io.ByteStreams$LimitedInputStream                             : loaded 3 times (x 91B)
Class com.google.common.graph.SuccessorsFunction                                      : loaded 3 times (x 69B)
Class com.google.common.collect.Sets                                                  : loaded 3 times (x 70B)
Class com.google.common.collect.Sets$4                                                : loaded 3 times (x 138B)
Class [Lorg.objectweb.asm.Type;                                                       : loaded 3 times (x 68B)
Class com.google.common.io.ByteSource                                                 : loaded 3 times (x 83B)
Class com.google.common.primitives.Ints                                               : loaded 3 times (x 70B)
Class com.google.common.base.PatternCompiler                                          : loaded 3 times (x 69B)
Class com.google.common.collect.ImmutableList                                         : loaded 3 times (x 167B)
Class [Lcom.google.common.io.FileWriteMode;                                           : loaded 3 times (x 68B)
Class com.google.common.collect.ImmutableMap$IteratorBasedImmutableMap                : loaded 3 times (x 125B)
Class [Lcom.google.common.collect.HashBiMap$BiEntry;                                  : loaded 3 times (x 68B)
Class com.google.common.io.Files$FileByteSink                                         : loaded 3 times (x 76B)
Class [Lorg.objectweb.asm.Attribute;                                                  : loaded 3 times (x 68B)
Class com.google.common.base.PairwiseEquivalence                                      : loaded 3 times (x 82B)
Class com.google.common.collect.IndexedImmutableSet                                   : loaded 3 times (x 151B)
Class Settings_gradle                                                                 : loaded 3 times (x 127B)
Class com.google.common.collect.AbstractMultimap                                      : loaded 3 times (x 122B)
Class com.google.common.base.CharMatcher$Is                                           : loaded 3 times (x 110B)
Class com.google.common.collect.RegularImmutableBiMap                                 : loaded 3 times (x 148B)
Class com.google.common.collect.MapMakerInternalMap$WeakValueReference                : loaded 3 times (x 69B)
Class jdk.internal.jimage.ImageStringsReader                                          : loaded 3 times (x 79B)
Class com.google.common.collect.RangeSet                                              : loaded 3 times (x 69B)
Class com.google.common.base.AbstractIterator$State                                   : loaded 3 times (x 78B)
Class org.jetbrains.kotlin.util.capitalizeDecapitalize.CapitalizeDecapitalizeKt       : loaded 3 times (x 70B)
Class com.google.common.collect.ImmutableSet$Builder                                  : loaded 3 times (x 84B)
Class com.google.common.base.Platform                                                 : loaded 3 times (x 70B)
Class com.google.common.collect.RegularImmutableAsList                                : loaded 3 times (x 178B)
Class com.google.common.collect.ImmutableRangeSet$ComplementRanges                    : loaded 3 times (x 168B)
Class org.objectweb.asm.Label                                                         : loaded 3 times (x 72B)
Class com.google.common.collect.MapMakerInternalMap                                   : loaded 3 times (x 160B)
Class com.google.common.base.CharMatcher$ForPredicate                                 : loaded 3 times (x 111B)
Class com.google.common.collect.PeekingIterator                                       : loaded 3 times (x 69B)
Class com.google.common.collect.Iterables                                             : loaded 3 times (x 70B)
Class com.google.common.collect.CollectCollectors                                     : loaded 3 times (x 70B)
Class com.google.common.io.CharSource$StringCharSource                                : loaded 3 times (x 85B)
Class com.google.common.collect.ImmutableSet$EmptySetBuilderImpl                      : loaded 3 times (x 75B)
Class com.google.common.collect.ImmutableMap$MapViewOfValuesAsSingletonSets           : loaded 3 times (x 125B)
Class com.google.common.collect.ImmutableMapKeySet                                    : loaded 3 times (x 151B)
Class com.google.common.base.ExtraObjectsMethodsForWeb                                : loaded 3 times (x 70B)
Class com.google.common.collect.UnmodifiableListIterator                              : loaded 3 times (x 94B)
Class com.google.common.io.ByteSink                                                   : loaded 3 times (x 75B)
Class com.google.common.collect.MapMakerInternalMap$StrongValueEntry                  : loaded 3 times (x 69B)
Class org.objectweb.asm.Context                                                       : loaded 3 times (x 71B)
Class com.google.common.base.MoreObjects                                              : loaded 3 times (x 70B)
Class com.google.common.collect.ImmutableSet$JdkBackedSetBuilderImpl                  : loaded 3 times (x 75B)
Class com.google.common.collect.ImmutableRangeSet$AsSet                               : loaded 3 times (x 235B)
Class com.google.common.collect.SortedMapDifference                                   : loaded 3 times (x 69B)
Class org.objectweb.asm.MethodWriter                                                  : loaded 3 times (x 105B)
Class com.google.common.collect.MapMakerInternalMap$Strength                          : loaded 3 times (x 79B)
Class com.google.common.io.Closer                                                     : loaded 3 times (x 77B)
Class jdk.internal.jimage.ImageReader$Resource                                        : loaded 3 times (x 83B)
Class com.google.common.base.CharMatcher$NamedFastMatcher                             : loaded 3 times (x 111B)
Class com.google.common.collect.RegularImmutableMap$Values                            : loaded 3 times (x 168B)
Class com.google.common.collect.SingletonImmutableSet                                 : loaded 3 times (x 145B)
Class com.google.common.collect.ListMultimap                                          : loaded 3 times (x 69B)
Class Build_gradle$2$1                                                                : loaded 3 times (x 77B)
Class com.google.common.collect.RegularImmutableSet                                   : loaded 3 times (x 148B)
Class [Lcom.google.common.base.AbstractIterator$State;                                : loaded 3 times (x 68B)
Class jdk.internal.jimage.BasicImageReader$1                                          : loaded 3 times (x 76B)
Class com.google.common.base.CharMatcher$InRange                                      : loaded 3 times (x 110B)
Class com.google.common.base.Splitter$1                                               : loaded 3 times (x 76B)
Class com.google.common.io.Files                                                      : loaded 3 times (x 70B)
Class jdk.internal.jimage.ImageBufferCache$1                                          : loaded 3 times (x 79B)
Class com.google.common.io.ByteSource$ConcatenatedByteSource                          : loaded 3 times (x 84B)
Class jdk.internal.jimage.BasicImageReader                                            : loaded 3 times (x 94B)
Class com.google.common.collect.SingletonImmutableList                                : loaded 3 times (x 168B)
Class com.google.common.collect.Platform                                              : loaded 3 times (x 70B)
Class com.google.common.io.FileWriteMode                                              : loaded 3 times (x 78B)
Class jdk.internal.jimage.ImageBufferCache$2                                          : loaded 3 times (x 90B)
Class com.google.common.collect.ImmutableMap$Builder                                  : loaded 3 times (x 81B)
Class [Lcom.google.common.collect.AbstractMapEntry;                                   : loaded 3 times (x 68B)
Class org.objectweb.asm.Attribute                                                     : loaded 3 times (x 76B)
Class com.google.common.collect.IndexedImmutableSet$1                                 : loaded 3 times (x 174B)
Class com.google.common.collect.ImmutableAsList                                       : loaded 3 times (x 170B)
Class com.google.common.io.Files$FileByteSource                                       : loaded 3 times (x 84B)
Class com.google.common.collect.ImmutableSet$RegularSetBuilderImpl                    : loaded 3 times (x 76B)
Class com.google.common.base.CharMatcher$NegatedFastMatcher                           : loaded 3 times (x 112B)
Class com.google.common.collect.TransformedIterator                                   : loaded 3 times (x 79B)
Class com.google.common.collect.Maps$BiMapConverter                                   : loaded 3 times (x 89B)
Class com.google.common.collect.ArrayListMultimap                                     : loaded 3 times (x 171B)
Class jdk.internal.jimage.ImageReader$SharedImageReader$LocationVisitor               : loaded 3 times (x 69B)
Class jdk.internal.jimage.ImageReader$SharedImageReader                               : loaded 3 times (x 94B)
Class com.google.common.collect.UnmodifiableIterator                                  : loaded 3 times (x 79B)
Class com.google.common.collect.AbstractListMultimap                                  : loaded 3 times (x 171B)
Class com.google.common.collect.ImmutableMap                                          : loaded 3 times (x 119B)
Class com.google.common.collect.ImmutableList$1                                       : loaded 3 times (x 96B)
Class com.google.common.io.ByteSink$AsCharSink                                        : loaded 3 times (x 79B)
Class com.google.common.collect.Iterators$SingletonIterator                           : loaded 3 times (x 80B)
Class com.google.common.base.AbstractIterator                                         : loaded 3 times (x 79B)
Class com.google.common.base.Equivalence$Identity                                     : loaded 3 times (x 81B)
Class jdk.internal.jimage.decompressor.Decompressor                                   : loaded 3 times (x 71B)
Class com.google.common.io.CharSource$CharSequenceCharSource                          : loaded 3 times (x 85B)
Class com.google.common.base.CharMatcher$AnyOf                                        : loaded 3 times (x 111B)
Class com.google.common.base.CharMatcher$IsEither                                     : loaded 3 times (x 110B)
Class com.google.common.collect.ImmutableRangeSet$1                                   : loaded 3 times (x 171B)
Class com.google.common.base.Supplier                                                 : loaded 3 times (x 69B)
Class com.google.common.base.Splitter$SplittingIterator                               : loaded 3 times (x 83B)
Class com.google.common.collect.HashBiMap$BiEntry                                     : loaded 3 times (x 82B)
Class com.google.common.base.Splitter$Strategy                                        : loaded 3 times (x 69B)
Class jdk.internal.jrtfs.SystemImage                                                  : loaded 3 times (x 73B)
Class com.google.common.collect.MapMakerInternalMap$InternalEntryHelper               : loaded 3 times (x 69B)
Class com.google.common.io.ByteSource$SlicedByteSource                                : loaded 3 times (x 84B)
Class com.google.common.io.ByteSource$AsCharSource                                    : loaded 3 times (x 85B)
Class com.google.common.collect.ImmutableMapEntry                                     : loaded 3 times (x 84B)
Class com.google.common.base.JdkPattern                                               : loaded 3 times (x 74B)
Class com.google.common.collect.Multimap                                              : loaded 3 times (x 69B)
Class com.google.common.collect.Sets$SetView                                          : loaded 3 times (x 137B)
Class com.google.common.base.CharMatcher$IsNot                                        : loaded 3 times (x 110B)
Class org.gradle.kotlin.dsl.Accessors7y9hz5zm5pocrb21isjhik2uhKt                      : loaded 3 times (x 70B)
Class com.google.common.collect.ImmutableSet$SetBuilderImpl                           : loaded 3 times (x 75B)
Class jdk.internal.jrtfs.SystemImage$1                                                : loaded 3 times (x 77B)
Class jdk.internal.jrtfs.JrtPath                                                      : loaded 3 times (x 117B)
Class com.google.common.base.Objects                                                  : loaded 3 times (x 70B)
Class com.google.common.io.CharSource$ConcatenatedCharSource                          : loaded 3 times (x 85B)
Class com.google.common.math.IntMath                                                  : loaded 3 times (x 70B)
Class jdk.internal.jimage.ImageReader$Directory                                       : loaded 3 times (x 83B)
Class com.google.common.io.CharSource                                                 : loaded 3 times (x 84B)
Class com.google.common.io.ByteStreams                                                : loaded 3 times (x 70B)
Class com.google.common.collect.ImmutableBiMap                                        : loaded 3 times (x 142B)
Class org.objectweb.asm.Type                                                          : loaded 3 times (x 71B)
Class com.google.common.collect.ImmutableMapEntrySet$RegularEntrySet                  : loaded 3 times (x 151B)
Class com.google.common.collect.RegularImmutableMap$KeySet                            : loaded 3 times (x 151B)
Class com.google.common.collect.ImmutableRangeSet$Builder                             : loaded 3 times (x 76B)
Class com.google.common.collect.ImmutableMapEntrySet                                  : loaded 3 times (x 151B)
Class com.google.common.collect.CollectPreconditions                                  : loaded 3 times (x 70B)
Class com.google.common.base.Platform$JdkPatternCompiler                              : loaded 3 times (x 74B)
Class [Lcom.google.common.collect.ImmutableMapEntry;                                  : loaded 3 times (x 68B)
Class jdk.internal.jrtfs.JrtFileSystem                                                : loaded 3 times (x 101B)
Class com.google.common.hash.PrimitiveSink                                            : loaded 3 times (x 69B)
Class com.google.common.collect.AbstractIterator                                      : loaded 3 times (x 81B)
Class com.google.common.collect.ImmutableBiMap$Builder                                : loaded 3 times (x 81B)
Class com.google.common.collect.SortedIterable                                        : loaded 3 times (x 69B)
Class com.google.common.collect.ImmutableEnumSet                                      : loaded 3 times (x 145B)
Class com.google.common.primitives.IntsMethodsForWeb                                  : loaded 3 times (x 70B)
Class com.google.common.collect.NullnessCasts                                         : loaded 3 times (x 70B)
Class com.google.common.collect.Maps$EntryTransformer                                 : loaded 3 times (x 69B)
Class com.google.common.collect.RegularImmutableList                                  : loaded 3 times (x 174B)
Class com.google.common.io.CharSource$EmptyCharSource                                 : loaded 3 times (x 85B)
Class com.google.common.collect.Iterators$1                                           : loaded 3 times (x 80B)
Class com.google.common.collect.ArrayListMultimapGwtSerializationDependencies         : loaded 3 times (x 171B)
Class com.google.common.collect.ImmutableEnumMap                                      : loaded 3 times (x 125B)
Class [Lcom.google.common.collect.MapMakerInternalMap$Segment;                        : loaded 3 times (x 68B)
Class com.google.common.io.LineProcessor                                              : loaded 3 times (x 69B)
Class [Lcom.google.common.collect.ImmutableEntry;                                     : loaded 3 times (x 68B)
Class com.google.common.collect.ImmutableCollection$Builder                           : loaded 3 times (x 75B)
Class com.google.common.base.Predicate                                                : loaded 3 times (x 69B)
Class com.google.common.collect.RangeGwtSerializationDependencies                     : loaded 3 times (x 70B)
Class com.google.common.math.MathPreconditions                                        : loaded 3 times (x 70B)
Class com.google.common.collect.BiMap                                                 : loaded 3 times (x 69B)
Class com.google.common.collect.Table                                                 : loaded 3 times (x 69B)
Class com.google.common.base.Joiner$1                                                 : loaded 3 times (x 79B)
Class com.google.common.base.NullnessCasts                                            : loaded 3 times (x 70B)
Class com.google.common.collect.Lists                                                 : loaded 3 times (x 70B)
Class com.google.common.collect.MapMaker                                              : loaded 3 times (x 71B)
Class com.google.common.base.Joiner$2                                                 : loaded 3 times (x 78B)
Class com.google.common.collect.Multiset                                              : loaded 3 times (x 69B)
Class com.google.common.collect.ImmutableMap$1                                        : loaded 3 times (x 80B)
Class com.google.common.io.CharSink                                                   : loaded 3 times (x 78B)
Class com.google.common.collect.AbstractMapEntry                                      : loaded 3 times (x 80B)
Class com.google.common.collect.ImmutableSet$CachingAsList                            : loaded 3 times (x 147B)
Class com.google.common.collect.HashBiMap                                             : loaded 3 times (x 142B)
Class com.google.common.collect.ImmutableCollection                                   : loaded 3 times (x 124B)
Class com.google.common.collect.AbstractRangeSet                                      : loaded 3 times (x 113B)
Class com.google.common.collect.ImmutableSet                                          : loaded 3 times (x 144B)
Class com.google.common.collect.ImmutableList$Builder                                 : loaded 3 times (x 76B)
Class com.google.common.base.CharMatcher$Negated                                      : loaded 3 times (x 112B)
Class com.google.common.base.Strings                                                  : loaded 3 times (x 70B)
Class com.google.common.io.ByteArrayDataInput                                         : loaded 3 times (x 69B)
Class org.objectweb.asm.Handle                                                        : loaded 3 times (x 71B)
Class com.google.common.collect.Range                                                 : loaded 3 times (x 86B)
Class com.google.common.collect.Iterators$4                                           : loaded 3 times (x 81B)
Class com.google.common.collect.RegularImmutableMap$BucketOverflowException           : loaded 3 times (x 81B)
Class com.google.common.collect.MapMakerInternalMap$Strength$1                        : loaded 3 times (x 79B)
Class com.google.common.collect.Maps                                                  : loaded 3 times (x 70B)
Class com.google.common.base.CharMatcher$FastMatcher                                  : loaded 3 times (x 110B)
Class com.google.common.base.FunctionalEquivalence                                    : loaded 3 times (x 82B)
Class jdk.internal.jimage.ImageStrings                                                : loaded 3 times (x 69B)
Class com.google.common.collect.SingletonImmutableBiMap                               : loaded 3 times (x 142B)
Class com.google.common.collect.ObjectArrays                                          : loaded 3 times (x 70B)
Class com.google.common.collect.RegularImmutableMap                                   : loaded 3 times (x 120B)
Class [Lcom.google.common.collect.MapMakerInternalMap$Strength;                       : loaded 3 times (x 68B)
Class com.google.common.collect.AbstractMapBasedMultimap$Itr                          : loaded 3 times (x 82B)
Class com.google.common.collect.MapMakerInternalMap$Strength$2                        : loaded 3 times (x 79B)
Class com.google.common.base.CharMatcher$Or                                           : loaded 3 times (x 111B)
Class jdk.internal.jimage.ImageLocation                                               : loaded 3 times (x 89B)
Class com.google.common.collect.Iterators$5                                           : loaded 3 times (x 81B)
Class [Lorg.objectweb.asm.Label;                                                      : loaded 3 times (x 68B)
Class org.objectweb.asm.MethodVisitor                                                 : loaded 3 times (x 104B)
Class jdk.internal.jrtfs.JrtDirectoryStream$1                                         : loaded 3 times (x 82B)
Class com.google.common.collect.ImmutableList$SubList                                 : loaded 3 times (x 170B)
Class jdk.internal.jrtfs.SystemImage$2                                                : loaded 3 times (x 75B)
Class com.google.common.io.ByteStreams$1                                              : loaded 3 times (x 84B)
Class com.google.common.collect.HashBiMap$Inverse                                     : loaded 3 times (x 141B)
Class com.google.common.base.Splitter                                                 : loaded 3 times (x 71B)
Class com.google.common.base.Converter                                                : loaded 3 times (x 89B)
Class com.google.common.collect.RegularImmutableSortedSet                             : loaded 3 times (x 235B)
Class com.google.common.base.CommonPattern                                            : loaded 3 times (x 73B)
Class com.google.common.base.Equivalence$Equals                                       : loaded 3 times (x 81B)
Class jdk.internal.jimage.ImageBufferCache                                            : loaded 3 times (x 70B)
Class com.google.common.collect.Iterators                                             : loaded 3 times (x 70B)
Class com.google.common.collect.ImmutableMapEntry$NonTerminalImmutableMapEntry        : loaded 3 times (x 84B)
Class com.google.common.collect.AbstractMapBasedMultimap                              : loaded 3 times (x 138B)
Class jdk.internal.jrtfs.JrtFileAttributes                                            : loaded 3 times (x 82B)
Class com.google.common.collect.MapMakerInternalMap$1                                 : loaded 3 times (x 82B)
Class jdk.internal.jrtfs.JrtFileSystemProvider                                        : loaded 3 times (x 98B)
Class com.google.common.collect.AbstractIndexedListIterator                           : loaded 3 times (x 95B)
Class com.google.common.base.Joiner                                                   : loaded 3 times (x 78B)
Class com.google.common.base.Preconditions                                            : loaded 3 times (x 70B)
Class com.google.common.base.CharMatcher$1                                            : loaded 3 times (x 112B)
Class com.google.common.io.ByteSource$ByteArrayByteSource                             : loaded 3 times (x 84B)
Class com.google.common.collect.ImmutableEntry                                        : loaded 3 times (x 81B)
Class com.google.common.io.ByteArrayDataOutput                                        : loaded 3 times (x 69B)
Class com.google.common.base.CharMatcher                                              : loaded 3 times (x 110B)
Class com.google.common.collect.MapMakerInternalMap$InternalEntry                     : loaded 3 times (x 69B)
Class com.google.common.collect.ImmutableList$ReverseImmutableList                    : loaded 3 times (x 170B)
Class com.google.common.io.CharSource$AsByteSource                                    : loaded 3 times (x 84B)
Class com.google.common.base.Function                                                 : loaded 3 times (x 69B)
Class org.objectweb.asm.ClassReader                                                   : loaded 3 times (x 93B)
Class com.google.common.collect.ImmutableSortedSet                                    : loaded 3 times (x 235B)
Class kotlin.text.MatchNamedGroupCollection                                           : loaded 2 times (x 69B)
Class org.jetbrains.kotlin.gradle.plugin.diagnostics.checkers.ComposePluginSuggestApplyChecker: loaded 2 times (x 73B)
Class org.codehaus.groovy.runtime.GroovyCategorySupport$CategoryMethod                : loaded 2 times (x 102B)
Class org.jetbrains.kotlin.gradle.internal.diagnostics.AgpCompatibilityCheck$AndroidGradlePluginVersionProvider$Default: loaded 2 times (x 73B)
Class kotlin.ranges.IntProgression                                                    : loaded 2 times (x 80B)
Class com.google.common.reflect.Reflection                                            : loaded 2 times (x 70B)
Class com.android.ide.common.resources.DataItem                                       : loaded 2 times (x 89B)
Class org.jetbrains.kotlin.statistics.metrics.NumberOverridePolicy$SUM                : loaded 2 times (x 84B)
Class org.jetbrains.kotlin.statistics.metrics.BooleanAnonymizationPolicy              : loaded 2 times (x 84B)
Class com.android.utils.EnvironmentProvider                                           : loaded 2 times (x 69B)
Class kotlin.jvm.internal.CallableReference                                           : loaded 2 times (x 105B)
Class org.jetbrains.kotlin.gradle.internal.abi.AbiValidationLegacyDumpExtensionImpl   : loaded 2 times (x 81B)
Class org.jetbrains.kotlin.gradle.tasks.abi.KotlinLegacyAbiDumpTaskImpl$Companion     : loaded 2 times (x 70B)
Class org.jetbrains.kotlin.gradle.plugin.mpp.compilationImpl.KotlinCreateLifecycleTasksSideEffectKt: loaded 2 times (x 70B)
Class [Lorg.jetbrains.kotlin.statistics.ValueAnonymizer;                              : loaded 2 times (x 68B)
Class com.google.protobuf.MessageLiteOrBuilder                                        : loaded 2 times (x 69B)
Class [Lkotlin.time.DurationUnit;                                                     : loaded 2 times (x 68B)
Class org.jetbrains.kotlin.gradle.targets.js.npm.DevNpmDependencyExtension            : loaded 2 times (x 69B)
Class org.codehaus.groovy.runtime.memoize.StampedCommonCache                          : loaded 2 times (x 153B)
Class org.codehaus.groovy.runtime.metaclass.ClosureMetaMethod$AnonymousMetaMethod     : loaded 2 times (x 95B)
Class org.codehaus.groovy.reflection.CachedClass$1                                    : loaded 2 times (x 81B)
Class org.jetbrains.kotlin.gradle.plugin.mpp.AbstractKotlinCompilation                : loaded 2 times (x 190B)
Class org.jetbrains.kotlin.gradle.plugin.statistics.KotlinBuildStatsConfiguration$Companion: loaded 2 times (x 70B)
Class com.google.common.collect.ImmutableMapEntry$NonTerminalImmutableBiMapEntry      : loaded 2 times (x 84B)
Class org.codehaus.groovy.ast.stmt.SynchronizedStatement                              : loaded 2 times (x 113B)
Class org.codehaus.groovy.reflection.CachedClass$2                                    : loaded 2 times (x 81B)
Class [Lcom.android.prefs.VariableValue;                                              : loaded 2 times (x 68B)
Class it.unimi.dsi.fastutil.objects.Object2IntMap$FastEntrySet                        : loaded 2 times (x 69B)
Class kotlin.reflect.jvm.internal.KClassImpl$Data$$Lambda$10                          : loaded 2 times (x 75B)
Class kotlin.Lazy                                                                     : loaded 2 times (x 69B)
Class org.jetbrains.kotlin.gradle.plugin.mpp.KotlinCompilationsKt$addSourcesToKotlinCompileTask$configureAction$2: loaded 2 times (x 78B)
Class com.google.common.collect.StandardTable$CellIterator                            : loaded 2 times (x 82B)
Class org.codehaus.groovy.reflection.CachedClass$3                                    : loaded 2 times (x 81B)
Class kotlin.comparisons.ComparisonsKt                                                : loaded 2 times (x 70B)
Class kotlin.reflect.jvm.internal.KClassImpl$Data$$Lambda$11                          : loaded 2 times (x 75B)
Class org.jetbrains.kotlin.gradle.targets.KotlinTargetSideEffect                      : loaded 2 times (x 69B)
Class org.codehaus.groovy.reflection.CachedClass$4                                    : loaded 2 times (x 81B)
Class kotlin.reflect.jvm.internal.KClassImpl$Data$$Lambda$12                          : loaded 2 times (x 75B)
Class org.codehaus.groovy.ast.expr.MethodCallExpression                               : loaded 2 times (x 152B)
Class org.codehaus.groovy.reflection.CachedClass$5                                    : loaded 2 times (x 81B)
Class kotlin.reflect.jvm.internal.KClassImpl$Data$$Lambda$13                          : loaded 2 times (x 75B)
Class org.jetbrains.kotlin.gradle.dsl.KotlinTopLevelExtensionConfig                   : loaded 2 times (x 69B)
Class org.codehaus.groovy.ast.expr.Expression                                         : loaded 2 times (x 126B)
Class org.codehaus.groovy.reflection.CachedClass$6                                    : loaded 2 times (x 81B)
Class kotlin.io.FilesKt                                                               : loaded 2 times (x 70B)
Class kotlin.reflect.jvm.internal.KClassImpl$Data$$Lambda$14                          : loaded 2 times (x 75B)
Class org.codehaus.groovy.reflection.CachedClass$7                                    : loaded 2 times (x 81B)
Class kotlin.reflect.jvm.internal.KClassImpl$Data$$Lambda$15                          : loaded 2 times (x 75B)
Class kotlin.collections.CollectionsKt__CollectionsKt                                 : loaded 2 times (x 70B)
Class org.jetbrains.kotlin.gradle.plugin.diagnostics.TransformActionUsingKotlinToolingDiagnostics: loaded 2 times (x 69B)
Class org.codehaus.groovy.reflection.CachedClass$8                                    : loaded 2 times (x 81B)
Class kotlin.reflect.jvm.internal.KClassImpl$Data$$Lambda$16                          : loaded 2 times (x 75B)
Class org.jetbrains.kotlin.build.report.metrics.BuildPerformanceMetrics               : loaded 2 times (x 71B)
Class [Lorg.jetbrains.kotlin.gradle.dsl.JvmTarget;                                    : loaded 2 times (x 68B)
Class com.android.utils.DateProvider                                                  : loaded 2 times (x 69B)
Class [Lorg.codehaus.groovy.ast.GenericsType;                                         : loaded 2 times (x 68B)
Class groovy.lang.MissingMethodException                                              : loaded 2 times (x 91B)
Class kotlin.reflect.jvm.internal.KClassImpl$Data$$Lambda$17                          : loaded 2 times (x 75B)
Class org.jetbrains.kotlin.gradle.dsl.abi.AbiFilterSetSpec_Decorated                  : loaded 2 times (x 136B)
Class org.jetbrains.kotlin.gradle.fus.BuildUidService$Inject                          : loaded 2 times (x 99B)
Class org.jetbrains.kotlin.gradle.internal.properties.PropertiesBuildService$localProperties$2: loaded 2 times (x 78B)
Class [Lorg.codehaus.groovy.util.ComplexKeyHashMap$Entry;                             : loaded 2 times (x 68B)
Class kotlin.coroutines.jvm.internal.RestrictedSuspendLambda                          : loaded 2 times (x 90B)
Class com.google.gson.stream.JsonReader$1                                             : loaded 2 times (x 71B)
Class org.codehaus.groovy.runtime.DefaultGroovyStaticMethods                          : loaded 2 times (x 70B)
Class com.google.common.cache.LocalCache$EntryFactory$1                               : loaded 2 times (x 82B)
Class kotlin.collections.ArraysKt__ArraysKt                                           : loaded 2 times (x 70B)
Class org.jetbrains.kotlin.gradle.plugin.KotlinPluginWrapperKt$kotlinPluginVersionFromResources$1$1: loaded 2 times (x 70B)
Class com.google.common.cache.LocalCache$EntryFactory$2                               : loaded 2 times (x 82B)
Class com.google.common.collect.ImmutableSet$SerializedForm                           : loaded 2 times (x 72B)
Class com.google.common.cache.LocalCache$EntryFactory$3                               : loaded 2 times (x 82B)
Class kotlin.reflect.jvm.internal.KMutableProperty1Impl$$Lambda$0                     : loaded 2 times (x 75B)
Class [Lcom.google.common.collect.Maps$EntryFunction;                                 : loaded 2 times (x 68B)
Class org.jetbrains.kotlin.gradle.plugin.ProjectLocalConfigurations                   : loaded 2 times (x 70B)
Class com.google.common.cache.LocalCache$EntryFactory$4                               : loaded 2 times (x 82B)
Class org.jetbrains.kotlin.gradle.plugin.KotlinSourceSet$Companion                    : loaded 2 times (x 70B)
Class com.google.common.cache.LocalCache$EntryFactory$5                               : loaded 2 times (x 82B)
Class org.codehaus.groovy.reflection.ClassInfo$1                                      : loaded 2 times (x 75B)
Class it.unimi.dsi.fastutil.objects.AbstractObjectCollection                          : loaded 2 times (x 142B)
Class com.google.common.cache.LocalCache$EntryFactory$6                               : loaded 2 times (x 82B)
Class com.google.common.reflect.TypeResolver$TypeVariableKey                          : loaded 2 times (x 71B)
Class org.jetbrains.kotlin.gradle.tasks.DefaultKotlinJavaToolchain$getToolsJarFromJvm$1: loaded 2 times (x 74B)
Class com.google.common.cache.LocalCache$EntryFactory$7                               : loaded 2 times (x 82B)
Class org.jetbrains.kotlin.gradle.plugin.PropertiesProvider$PropertyNames             : loaded 2 times (x 70B)
Class com.google.common.cache.LocalCache$EntryFactory$8                               : loaded 2 times (x 82B)
Class kotlin.reflect.KDeclarationContainer                                            : loaded 2 times (x 69B)
Class org.jetbrains.kotlin.gradle.internal.IsInIdeaEnvironmentValueSource             : loaded 2 times (x 79B)
Class org.jetbrains.kotlin.gradle.internal.ClassLoadersCachingBuildService$Companion$registerIfAbsent$2$1$1: loaded 2 times (x 74B)
Class kotlin.collections.ArrayDeque$Companion                                         : loaded 2 times (x 70B)
Class org.jetbrains.kotlin.gradle.artifacts.KotlinTargetArtifact$Companion            : loaded 2 times (x 70B)
Class kotlin.collections.builders.MapBuilder$EntryRef                                 : loaded 2 times (x 80B)
Class kotlin.time.DurationUnitKt__DurationUnitKt                                      : loaded 2 times (x 70B)
Class groovy.lang.MetaClassImpl$MethodIndexAction                                     : loaded 2 times (x 74B)
Class org.jetbrains.kotlin.gradle.tasks.KotlinCompile                                 : loaded 2 times (x 503B)
Class org.jetbrains.kotlin.gradle.dsl.KotlinSingleJavaTargetExtension                 : loaded 2 times (x 123B)
Class org.codehaus.groovy.util.AbstractConcurrentMapBase$Segment                      : loaded 2 times (x 82B)
Class kotlin.text.StringsKt                                                           : loaded 2 times (x 70B)
Class org.jetbrains.kotlin.gradle.plugin.mpp.compilationImpl.KotlinCompilationImpl    : loaded 2 times (x 139B)
Class com.google.common.cache.LocalCache$StrongValueReference                         : loaded 2 times (x 89B)
Class com.google.common.collect.RegularImmutableBiMap$Inverse$InverseEntrySet         : loaded 2 times (x 151B)
Class org.gradle.internal.classloader.FilteringClassLoader                            : loaded 2 times (x 104B)
Class com.google.protobuf.Extension$ExtensionType                                     : loaded 2 times (x 78B)
Class com.android.manifmerger.ManifestMerger2$MergeFailureException                   : loaded 2 times (x 81B)
Class com.google.common.collect.AbstractMapBasedMultimap$WrappedCollection            : loaded 2 times (x 123B)
Class org.jetbrains.kotlin.gradle.plugin.mpp.KotlinTargetSoftwareComponentImplKt$KotlinTargetSoftwareComponent$1: loaded 2 times (x 94B)
Class org.jetbrains.kotlin.gradle.report.GradleBuildMetricsReporter                   : loaded 2 times (x 99B)
Class org.jetbrains.kotlin.gradle.plugin.mpp.KotlinTargetComponentWithPublication     : loaded 2 times (x 69B)
Class org.codehaus.groovy.ast.stmt.BlockStatement                                     : loaded 2 times (x 114B)
Class kotlin.collections.AbstractMutableList                                          : loaded 2 times (x 167B)
Class org.jetbrains.kotlin.gradle.plugin.statistics.BuildFinishFlowAction$Inject      : loaded 2 times (x 106B)
Class com.google.common.reflect.TypeResolver$TypeTable                                : loaded 2 times (x 72B)
Class groovy.lang.GroovyClassLoader                                                   : loaded 2 times (x 141B)
Class com.google.common.reflect.Invokable$MethodInvokable                             : loaded 2 times (x 104B)
Class kotlin.jvm.internal.Lambda                                                      : loaded 2 times (x 74B)
Class org.jetbrains.kotlin.gradle.plugin.internal.BuildIdService                      : loaded 2 times (x 75B)
Class org.jetbrains.kotlin.gradle.targets.jvm.KotlinJvmTargetTestFixturesSideEffectKt$ConfigureJavaTestFixturesSideEffect$1: loaded 2 times (x 73B)
Class org.apache.groovy.io.StringBuilderWriter                                        : loaded 2 times (x 99B)
Class it.unimi.dsi.fastutil.ints.IntArrays$ForkJoinQuickSortIndirect                  : loaded 2 times (x 89B)
Class org.jetbrains.kotlin.gradle.internal.properties.PropertiesBuildService$GradleProperty: loaded 2 times (x 69B)
Class com.google.common.collect.ComparisonChain$InactiveComparisonChain               : loaded 2 times (x 79B)
Class org.jetbrains.kotlin.gradle.utils.GradleUtilsKt$registerClassLoaderScopedBuildService$1: loaded 2 times (x 73B)
Class org.codehaus.groovy.util.SingleKeyHashMap                                       : loaded 2 times (x 83B)
Class org.codehaus.groovy.ast.expr.ClassExpression                                    : loaded 2 times (x 126B)
Class com.android.utils.Pair                                                          : loaded 2 times (x 71B)
Class [Lorg.jetbrains.kotlin.gradle.report.BuildReportMode;                           : loaded 2 times (x 68B)
Class com.android.repository.io.FileOpUtils                                           : loaded 2 times (x 70B)
Class kotlin.reflect.KCallable                                                        : loaded 2 times (x 69B)
Class org.jetbrains.kotlin.incremental.ClasspathChanges                               : loaded 2 times (x 70B)
Class org.jetbrains.kotlin.gradle.plugin.KotlinTarget$DefaultImpls                    : loaded 2 times (x 70B)
Class [Lcom.google.common.cache.LocalCache$Strength;                                  : loaded 2 times (x 68B)
Class org.gradle.internal.classpath.DefaultClassPath$ImmutableUniqueList$Builder      : loaded 2 times (x 74B)
Class com.google.common.collect.ExplicitOrdering                                      : loaded 2 times (x 114B)
Class org.jetbrains.kotlin.gradle.tasks.configuration.AbstractKotlinCompileConfig$2$2$1: loaded 2 times (x 74B)
Class org.jetbrains.kotlin.gradle.model.builder.KotlinModelBuilder                    : loaded 2 times (x 75B)
Class [Lorg.jetbrains.kotlin.gradle.plugin.KotlinCompilation;                         : loaded 2 times (x 68B)
Class kotlin.UninitializedPropertyAccessException                                     : loaded 2 times (x 81B)
Class com.google.gson.JsonSyntaxException                                             : loaded 2 times (x 81B)
Class com.google.common.collect.SortedSetMultimap                                     : loaded 2 times (x 69B)
Class org.jetbrains.kotlin.gradle.plugin.KotlinGradleBuildServices$Parameters         : loaded 2 times (x 69B)
Class com.google.protobuf.Descriptors$Descriptor                                      : loaded 2 times (x 75B)
Class org.codehaus.groovy.reflection.GroovyClassValue                                 : loaded 2 times (x 69B)
Class org.codehaus.groovy.runtime.metaclass.MixinInstanceMetaMethod                   : loaded 2 times (x 95B)
Class com.android.prefs.VariableValue                                                 : loaded 2 times (x 83B)
Class org.jetbrains.kotlin.gradle.plugin.PropertiesProvider$Companion                 : loaded 2 times (x 70B)
Class org.codehaus.groovy.runtime.dgmimpl.arrays.LongArrayGetAtMetaMethod             : loaded 2 times (x 96B)
Class com.android.utils.FileUtils                                                     : loaded 2 times (x 70B)
Class com.google.common.collect.Sets$3$1                                              : loaded 2 times (x 81B)
Class org.jetbrains.kotlin.gradle.plugin.PropertiesProvider$booleanPropertyWithValueReporting$1: loaded 2 times (x 77B)
Class org.codehaus.groovy.ast.NodeMetaDataHandler                                     : loaded 2 times (x 69B)
Class kotlin.reflect.jvm.internal.KPropertyImpl$$Lambda$0                             : loaded 2 times (x 75B)
Class org.jetbrains.kotlin.gradle.plugin.KotlinGradleBuildServices$Companion          : loaded 2 times (x 70B)
Class org.jetbrains.kotlin.gradle.utils.ReportUtilsKt                                 : loaded 2 times (x 70B)
Class org.jetbrains.kotlin.gradle.logging.GradleLoggingUtilsKt                        : loaded 2 times (x 70B)
Class [Lcom.google.common.cache.CacheBuilder$NullListener;                            : loaded 2 times (x 68B)
Class com.google.protobuf.Internal$FloatList                                          : loaded 2 times (x 69B)
Class org.codehaus.groovy.syntax.Token                                                : loaded 2 times (x 110B)
Class kotlin.reflect.jvm.internal.KPropertyImpl$$Lambda$1                             : loaded 2 times (x 75B)
Class com.google.common.io.CharStreams$NullWriter                                     : loaded 2 times (x 98B)
Class [Lkotlin.annotation.AnnotationRetention;                                        : loaded 2 times (x 68B)
Class org.jetbrains.kotlin.gradle.tasks.AbstractKotlinCompile$friendPathsSet$1        : loaded 2 times (x 74B)
Class org.jetbrains.kotlin.gradle.targets.native.internal.PlatformLibrariesGenerator  : loaded 2 times (x 71B)
Class kotlin.Result$Failure                                                           : loaded 2 times (x 71B)
Class com.google.common.collect.HashMultimap                                          : loaded 2 times (x 173B)
Class com.google.common.collect.Maps$KeySet                                           : loaded 2 times (x 136B)
Class org.jetbrains.kotlin.gradle.plugin.diagnostics.ToolingDiagnostic$Severity       : loaded 2 times (x 78B)
Class kotlin.Result$Companion                                                         : loaded 2 times (x 70B)
Class com.google.common.collect.ImmutableMultimap$EntryCollection                     : loaded 2 times (x 127B)
Class org.codehaus.groovy.reflection.CachedClass                                      : loaded 2 times (x 94B)
Class org.jetbrains.kotlin.statistics.metrics.IMetricContainer                        : loaded 2 times (x 69B)
Class com.google.protobuf.Android                                                     : loaded 2 times (x 70B)
Class com.google.gson.internal.bind.JsonTreeWriter                                    : loaded 2 times (x 97B)
Class kotlin.reflect.jvm.internal.KPackageImpl$$Lambda$0                              : loaded 2 times (x 75B)
Class kotlin.jvm.internal.markers.KMutableIterator                                    : loaded 2 times (x 69B)
Class org.jetbrains.kotlin.statistics.metrics.BooleanOverridePolicy$OVERRIDE          : loaded 2 times (x 84B)
Class com.android.ide.common.resources.configuration.HighDynamicRangeQualifier        : loaded 2 times (x 90B)
Class kotlin.collections.builders.ListBuilderKt                                       : loaded 2 times (x 70B)
Class org.jetbrains.kotlin.gradle.plugin.mpp.compilationImpl.factory.KotlinCompilationImplFactory$create$1: loaded 2 times (x 74B)
Class org.jetbrains.kotlin.statistics.metrics.StringOverridePolicy$OVERRIDE           : loaded 2 times (x 84B)
Class com.google.protobuf.WireFormat                                                  : loaded 2 times (x 70B)
Class com.google.protobuf.UnknownFieldSet                                             : loaded 2 times (x 86B)
Class kotlin.collections.IntIterator                                                  : loaded 2 times (x 81B)
Class org.jetbrains.kotlin.gradle.internal.StdlibDependencyManagementKt$configureStdlibVersionAlignment$1$1: loaded 2 times (x 74B)
Class org.jetbrains.kotlin.gradle.plugin.internal.MavenPublicationComponentAccessor$Factory: loaded 2 times (x 69B)
Class kotlin.reflect.jvm.internal.impl.name.ClassId                                   : loaded 2 times (x 71B)
Class org.objectweb.asm.AnnotationWriter                                              : loaded 2 times (x 78B)
Class org.codehaus.groovy.util.ReferenceType                                          : loaded 2 times (x 79B)
Class kotlin.jvm.internal.markers.KMutableIterable                                    : loaded 2 times (x 69B)
Class org.apache.commons.io.output.ThresholdingOutputStream                           : loaded 2 times (x 94B)
Class org.jetbrains.kotlin.gradle.plugin.diagnostics.checkers.OverriddenKotlinNativeHomeChecker$StdlibExistenceCheckerValueSource$Params$Inject: loaded 2 times (x 105B)
Class org.jetbrains.kotlin.gradle.plugin.UsesKotlinGradleBuildServices                : loaded 2 times (x 69B)
Class org.jetbrains.kotlin.gradle.plugin.DefaultKotlinBasePlugin$addKotlinCompilerConfiguration$2$1$1: loaded 2 times (x 74B)
Class org.jetbrains.kotlin.gradle.plugin.diagnostics.checkers.InternalGradlePropertiesUsageChecker: loaded 2 times (x 73B)
Class org.jetbrains.kotlin.statistics.metrics.StringOverridePolicy                    : loaded 2 times (x 84B)
Class org.gradle.internal.classloader.ClassLoaderVisitor                              : loaded 2 times (x 75B)
Class org.codehaus.groovy.runtime.metaclass.MetaMethodIndex                           : loaded 2 times (x 92B)
Class [Lorg.jetbrains.kotlin.tooling.core.HasMutableExtras;                           : loaded 2 times (x 68B)
Class org.jetbrains.kotlin.gradle.dsl.PlatformSourceSetConventionsChecker$nativeTargetPresets$1$1: loaded 2 times (x 78B)
Class org.jetbrains.kotlin.gradle.plugin.BuildEventsListenerRegistryHolder_Decorated  : loaded 2 times (x 118B)
Class org.jetbrains.kotlin.daemon.common.MultiModuleICSettings                        : loaded 2 times (x 71B)
Class org.jetbrains.kotlin.gradle.plugin.statistics.DefaultKotlinBuildStatsBeanService: loaded 2 times (x 91B)
Class kotlin.jvm.internal.TypeIntrinsics                                              : loaded 2 times (x 70B)
Class build_c6vvr91uitvku2u1mhgvzgrov$_run_closure1                                   : loaded 2 times (x 138B)
Class org.jetbrains.kotlin.gradle.plugin.diagnostics.CheckKotlinGradlePluginConfigurationErrors: loaded 2 times (x 318B)
Class org.jetbrains.kotlin.gradle.plugin.KotlinPluginLifecycleKt$await$1              : loaded 2 times (x 87B)
Class org.jetbrains.kotlin.gradle.artifacts.KotlinJvmJarArtifactKt                    : loaded 2 times (x 70B)
Class com.google.common.cache.CacheBuilder$NullListener                               : loaded 2 times (x 81B)
Class org.jetbrains.kotlin.gradle.tasks.DefaultKotlinJavaToolchain$javaVersion$1      : loaded 2 times (x 73B)
Class com.android.tools.lint.model.DefaultLintModelDependency                         : loaded 2 times (x 85B)
Class build_361ccn2dnmdz1kq19ynysa0wn$_run_closure1                                   : loaded 2 times (x 138B)
Class org.jetbrains.kotlin.gradle.tasks.DefaultKotlinJavaToolchain                    : loaded 2 times (x 76B)
Class kotlin.reflect.jvm.internal.KPropertyImpl$Companion                             : loaded 2 times (x 70B)
Class org.codehaus.groovy.reflection.ClassInfo                                        : loaded 2 times (x 91B)
Class org.jetbrains.kotlin.gradle.plugin.KotlinPluginLifecycleImpl$executeCurrentStageAndScheduleNext$3: loaded 2 times (x 74B)
Class org.jetbrains.kotlin.tooling.core.Extras$Type$Companion                         : loaded 2 times (x 70B)
Class org.jetbrains.kotlin.gradle.plugin.KotlinPluginLifecycleImpl$start$3            : loaded 2 times (x 78B)
Class groovy.lang.ExpandoMetaClassCreationHandle                                      : loaded 2 times (x 75B)
Class org.codehaus.groovy.reflection.stdclasses.ArrayCachedClass                      : loaded 2 times (x 94B)
Class org.jetbrains.kotlin.gradle.internal.properties.NativePropertiesLoader$downloadFromMaven$1: loaded 2 times (x 74B)
Class org.jetbrains.kotlin.gradle.plugin.statistics.KotlinBuildStatsLoggerService$initSessionLogger$1: loaded 2 times (x 78B)
Class com.google.common.collect.ImmutableMultimap                                     : loaded 2 times (x 146B)
Class com.google.gson.TypeAdapter$1                                                   : loaded 2 times (x 73B)
Class com.android.ide.common.repository.AgpVersion$Companion                          : loaded 2 times (x 70B)
Class org.jetbrains.kotlin.gradle.plugin.KotlinPluginLifecycle$ProjectConfigurationResult: loaded 2 times (x 70B)
Class org.jetbrains.kotlin.gradle.plugin.internal.CompatibilityConventionRegistrarKt  : loaded 2 times (x 70B)
Class com.android.tools.lint.model.DefaultLintModelArtifact                           : loaded 2 times (x 83B)
Class [Lkotlin.reflect.KProperty;                                                     : loaded 2 times (x 68B)
Class org.apache.commons.io.filefilter.IOFileFilter                                   : loaded 2 times (x 69B)
Class com.android.ide.common.resources.configuration.ScreenSizeQualifier              : loaded 2 times (x 91B)
Class groovy.lang.SpreadMap                                                           : loaded 2 times (x 134B)
Class kotlin.reflect.jvm.internal.KTypeParameterOwnerImpl                             : loaded 2 times (x 69B)
Class org.jetbrains.kotlin.gradle.internal.ClassLoadersCachingBuildService            : loaded 2 times (x 75B)
Class org.jetbrains.kotlin.cli.jvm.compiler.KotlinCoreEnvironment                     : loaded 2 times (x 71B)
Class org.jetbrains.kotlin.cli.common.CompilerSystemProperties                        : loaded 2 times (x 79B)
Class [Lorg.jetbrains.kotlin.konan.target.Family;                                     : loaded 2 times (x 68B)
Class kotlin.jvm.internal.Ref$IntRef                                                  : loaded 2 times (x 70B)
Class org.codehaus.groovy.ast.expr.MethodCall                                         : loaded 2 times (x 69B)
Class org.codehaus.groovy.runtime.metaclass.MethodMetaProperty                        : loaded 2 times (x 77B)
Class org.jetbrains.kotlin.gradle.tasks.AbstractKotlinCompile$compilerRunner$1        : loaded 2 times (x 74B)
Class org.jetbrains.kotlin.gradle.plugin.mpp.compilationImpl.KotlinCompilationSourceSetInclusion: loaded 2 times (x 71B)
Class org.jetbrains.kotlin.gradle.targets.native.ConfigureFrameworkExportSideEffectKt : loaded 2 times (x 70B)
Class org.jetbrains.kotlin.gradle.dsl.KotlinJvmExtension                              : loaded 2 times (x 69B)
Class com.android.ide.common.resources.configuration.Configurable                     : loaded 2 times (x 69B)
Class kotlin.text.StringsKt__RegexExtensionsKt                                        : loaded 2 times (x 70B)
Class org.jetbrains.kotlin.gradle.tasks.configuration.BaseKotlinCompileConfig$1$classpathConfiguration$1: loaded 2 times (x 74B)
Class org.jetbrains.kotlin.gradle.plugin.KotlinPluginLifecycle$IllegalLifecycleException: loaded 2 times (x 81B)
Class org.jetbrains.kotlin.gradle.plugin.diagnostics.ToolingDiagnostic                : loaded 2 times (x 71B)
Class org.jetbrains.kotlin.gradle.plugin.sources.DefaultKotlinSourceSetFactory        : loaded 2 times (x 79B)
Class org.jetbrains.kotlin.gradle.plugin.KotlinCompilationInfo                        : loaded 2 times (x 87B)
Class org.jetbrains.kotlin.tooling.core.Extras$Entry                                  : loaded 2 times (x 71B)
Class org.jetbrains.kotlin.gradle.internal.ClassLoadersCachingBuildService$Companion  : loaded 2 times (x 70B)
Class org.jetbrains.kotlin.konan.target.HostManager$Companion                         : loaded 2 times (x 70B)
Class [Lorg.codehaus.groovy.util.AbstractConcurrentMapBase$Segment;                   : loaded 2 times (x 68B)
Class Build_gradle$3$1                                                                : loaded 2 times (x 77B)
Class it.unimi.dsi.fastutil.ints.IntBidirectionalIterator                             : loaded 2 times (x 69B)
Class org.jetbrains.kotlin.buildtools.api.SourcesChanges                              : loaded 2 times (x 69B)
Class org.gradle.internal.service.DefaultServiceLocator                               : loaded 2 times (x 82B)
Class org.jetbrains.kotlin.gradle.report.UsesBuildMetricsService                      : loaded 2 times (x 69B)
Class org.jetbrains.kotlin.gradle.plugin.diagnostics.ProblemsReporter                 : loaded 2 times (x 69B)
Class it.unimi.dsi.fastutil.objects.Object2IntOpenHashMap                             : loaded 2 times (x 246B)
Class kotlin.text.StringsKt__StringBuilderJVMKt                                       : loaded 2 times (x 70B)
Class org.gradle.internal.service.UnknownServiceException                             : loaded 2 times (x 82B)
Class it.unimi.dsi.fastutil.objects.ReferenceCollection                               : loaded 2 times (x 69B)
Class org.jetbrains.kotlin.gradle.plugin.mpp.InternalKotlinTargetKt                   : loaded 2 times (x 70B)
Class org.jetbrains.kotlin.gradle.plugin.mpp.compilationImpl.DefaultKotlinCompilationConfigurationsContainer: loaded 2 times (x 83B)
Class kotlin.collections.SetsKt___SetsKt                                              : loaded 2 times (x 70B)
Class org.jetbrains.kotlin.gradle.tasks.DefaultKotlinJavaToolchain_Decorated          : loaded 2 times (x 125B)
Class org.jetbrains.kotlin.gradle.tasks.CInteropProcess                               : loaded 2 times (x 346B)
Class org.jetbrains.kotlin.gradle.plugin.abi.AbiValidationTaskSet$addSingleJvmTarget$1: loaded 2 times (x 74B)
Class org.jetbrains.kotlin.gradle.plugin.mpp.KotlinWithJavaTarget                     : loaded 2 times (x 159B)
Class org.codehaus.groovy.runtime.InvokerInvocationException                          : loaded 2 times (x 86B)
Class com.android.tools.lint.model.LintModelExternalLibrary                           : loaded 2 times (x 69B)
Class com.android.prefs.QueryResult                                                   : loaded 2 times (x 83B)
Class org.jetbrains.kotlin.gradle.internal.properties.NativePropertiesLoader$isUseXcodeMessageStyleEnabled$1: loaded 2 times (x 74B)
Class org.jetbrains.kotlin.gradle.targets.native.internal.AddKotlinPlatformIntegersSupportLibraryKt$AddKotlinPlatformIntegersSupportLibrary$1: loaded 2 times (x 94B)
Class org.jetbrains.kotlin.gradle.dsl.ExplicitApiMode                                 : loaded 2 times (x 78B)
Class com.android.ide.common.resources.ResourceItem                                   : loaded 2 times (x 69B)
Class com.google.common.collect.Collections2$FilteredCollection                       : loaded 2 times (x 118B)
Class org.codehaus.groovy.runtime.dgmimpl.arrays.CharacterArrayPutAtMetaMethod        : loaded 2 times (x 96B)
Class kotlin.reflect.jvm.internal.impl.builtins.jvm.JavaToKotlinClassMap$PlatformMutabilityMapping: loaded 2 times (x 71B)
Class org.jetbrains.kotlin.gradle.tasks.DefaultKotlinJavaToolchain$getToolsJarFromJvm$1$1: loaded 2 times (x 78B)
Class [Lcom.android.resources.ScreenRound;                                            : loaded 2 times (x 68B)
Class org.codehaus.groovy.util.Reference                                              : loaded 2 times (x 69B)
Class kotlin.text.StringsKt__StringsJVMKt                                             : loaded 2 times (x 70B)
Class org.jetbrains.kotlin.gradle.plugin.diagnostics.ProblemsReporterKt               : loaded 2 times (x 70B)
Class [Lorg.jetbrains.kotlin.konan.target.KonanTarget;                                : loaded 2 times (x 68B)
Class org.jetbrains.kotlin.gradle.utils.ConfigurationsKt                              : loaded 2 times (x 70B)
Class groovy.lang.MetaClassImpl$1                                                     : loaded 2 times (x 74B)
Class kotlin.sequences.DropTakeSequence                                               : loaded 2 times (x 69B)
Class groovy.lang.MetaClassImpl$2                                                     : loaded 2 times (x 95B)
Class org.codehaus.groovy.util.ComplexKeyHashMap$Entry                                : loaded 2 times (x 73B)
Class jdk.internal.jrtfs.JrtFileStore                                                 : loaded 2 times (x 82B)
Class [Lcom.android.ide.common.resources.configuration.ResourceQualifier;             : loaded 2 times (x 68B)
Class groovy.lang.MetaClassImpl$3                                                     : loaded 2 times (x 77B)
Class org.codehaus.groovy.reflection.stdclasses.FloatCachedClass                      : loaded 2 times (x 94B)
Class [Lcom.android.utils.StdLogger$Level;                                            : loaded 2 times (x 68B)
Class org.jetbrains.kotlin.gradle.internal.abi.AbiValidationExtensionKt               : loaded 2 times (x 70B)
Class org.jetbrains.kotlin.konan.target.KonanTarget$MINGW_X64                         : loaded 2 times (x 77B)
Class org.jetbrains.kotlin.gradle.targets.native.KonanPropertiesBuildService          : loaded 2 times (x 75B)
Class org.codehaus.groovy.ast.expr.ConstructorCallExpression                          : loaded 2 times (x 140B)
Class groovy.lang.MetaClassImpl$4                                                     : loaded 2 times (x 76B)
Class org.codehaus.groovy.vmplugin.v9.ClassFinder$1                                   : loaded 2 times (x 83B)
Class groovy.lang.MetaClassImpl$5                                                     : loaded 2 times (x 77B)
Class kotlin.collections.AbstractMutableSet                                           : loaded 2 times (x 141B)
Class org.jetbrains.kotlin.gradle.targets.NativeForwardImplementationToApiElementsSideEffectKt$special$$inlined$KotlinTargetSideEffect$1: loaded 2 times (x 73B)
Class [Lorg.jetbrains.kotlin.statistics.metrics.BooleanMetrics;                       : loaded 2 times (x 68B)
Class groovy.lang.MetaClassImpl$6                                                     : loaded 2 times (x 76B)
Class build_92tdog73k3495ac5z2rxe2bqx                                                 : loaded 2 times (x 179B)
Class com.google.common.collect.HashMultimapGwtSerializationDependencies              : loaded 2 times (x 173B)
Class org.jetbrains.kotlin.incremental.IncrementalCompilationFeatures                 : loaded 2 times (x 70B)
Class org.codehaus.groovy.ast.expr.ClosureExpression                                  : loaded 2 times (x 132B)
Class groovy.lang.MetaClassImpl$7                                                     : loaded 2 times (x 76B)
Class kotlin.reflect.jvm.internal.impl.name.Name                                      : loaded 2 times (x 74B)
Class org.jetbrains.kotlin.compilerRunner.CompilerSystemPropertiesService$Parameters_Decorated: loaded 2 times (x 133B)
Class org.jetbrains.kotlin.gradle.internal.tasks.TaskWithLocalState                   : loaded 2 times (x 69B)
Class groovy.lang.MetaClassImpl$8                                                     : loaded 2 times (x 76B)
Class kotlin.collections.CollectionsKt___CollectionsKt$asSequence$$inlined$Sequence$1 : loaded 2 times (x 74B)
Class org.jetbrains.kotlin.gradle.plugin.mpp.HierarchyAttributeContainer$1            : loaded 2 times (x 77B)
Class org.jetbrains.kotlin.gradle.plugin.diagnostics.checkers.AndroidSourceSetLayoutV1SourceSetsNotFoundChecker$androidSourceSetRegex$2: loaded 2 times (x 77B)
Class groovy.lang.MetaClassImpl$9                                                     : loaded 2 times (x 76B)
Class it.unimi.dsi.fastutil.ints.IntListIterator                                      : loaded 2 times (x 69B)
Class com.google.common.cache.LocalCache$Values                                       : loaded 2 times (x 117B)
Class org.jetbrains.kotlin.gradle.internal.KotlinDependenciesManagementKt$configureDefaultVersionsResolutionStrategy$1$1: loaded 2 times (x 74B)
Class org.jetbrains.kotlin.gradle.internal.Kapt3GradleSubplugin                       : loaded 2 times (x 82B)
Class com.google.common.cache.CacheLoader$InvalidCacheLoadException                   : loaded 2 times (x 81B)
Class build_64s85pqvvoqxulxo7u9klpbia$_run_closure1                                   : loaded 2 times (x 138B)
Class org.jetbrains.kotlin.gradle.internal.abi.AbiFiltersSpecImpl                     : loaded 2 times (x 85B)
Class org.jetbrains.kotlin.gradle.plugin.KotlinPluginLifecycleCoroutineContextElement$Key: loaded 2 times (x 70B)
Class org.gradle.internal.classloader.DefaultClassLoaderFactory                       : loaded 2 times (x 81B)
Class build_92tdog73k3495ac5z2rxe2bqx$_run_closure1                                   : loaded 2 times (x 138B)
Class kotlin.reflect.KClass                                                           : loaded 2 times (x 69B)
Class org.jetbrains.kotlin.gradle.plugin.mpp.compilationImpl.CreateCInteropTasksSideEffectKt$special$$inlined$KotlinCompilationSideEffect$1: loaded 2 times (x 73B)
Class org.jetbrains.kotlin.gradle.dsl.KotlinTargetContainerWithJsPresetFunctions      : loaded 2 times (x 69B)
Class org.jetbrains.kotlin.gradle.internal.properties.PropertiesBuildService$Params$Inject: loaded 2 times (x 105B)
Class org.jetbrains.kotlin.gradle.internal.diagnostics.AgpCompatibilityCheck          : loaded 2 times (x 70B)
Class com.google.common.base.Stopwatch                                                : loaded 2 times (x 71B)
Class org.jetbrains.kotlin.konan.target.KonanTarget$LINUX_ARM32_HFP                   : loaded 2 times (x 77B)
Class com.google.common.collect.AbstractTable                                         : loaded 2 times (x 119B)
Class org.codehaus.groovy.runtime.GroovyCategorySupport                               : loaded 2 times (x 70B)
Class [Lcom.android.resources.ResourceType;                                           : loaded 2 times (x 68B)
Class kotlin.reflect.jvm.internal.impl.name.FqNamesUtilKt                             : loaded 2 times (x 70B)
Class com.google.common.reflect.Types                                                 : loaded 2 times (x 70B)
Class groovy.lang.IntRange                                                            : loaded 2 times (x 208B)
Class com.google.common.collect.Interners$InternerImpl                                : loaded 2 times (x 74B)
Class com.google.protobuf.GeneratedMessageV3                                          : loaded 2 times (x 177B)
Class org.codehaus.groovy.util.ReferenceType$WeakRef                                  : loaded 2 times (x 85B)
Class kotlin.collections.CollectionsKt__MutableCollectionsKt                          : loaded 2 times (x 70B)
Class org.jetbrains.kotlin.statistics.metrics.StatisticsValuesConsumer$DefaultImpls   : loaded 2 times (x 70B)
Class com.google.common.cache.LocalCache$LoadingValueReference                        : loaded 2 times (x 95B)
Class org.codehaus.groovy.util.FastArray                                              : loaded 2 times (x 84B)
Class org.apache.commons.io.output.ByteArrayOutputStream                              : loaded 2 times (x 101B)
Class org.jetbrains.kotlin.gradle.utils.StringUtilsKt$lowerCamelCaseName$1            : loaded 2 times (x 124B)
Class org.codehaus.groovy.util.ManagedConcurrentMap                                   : loaded 2 times (x 82B)
Class kotlin.sequences.SequencesKt___SequencesKt$asIterable$$inlined$Iterable$1       : loaded 2 times (x 78B)
Class Native_plugin_loader_gradle$NativePluginLoader                                  : loaded 2 times (x 71B)
Class org.jetbrains.kotlin.build.report.metrics.BuildTimes                            : loaded 2 times (x 71B)
Class [Lorg.jetbrains.kotlin.build.report.metrics.GradleBuildTime;                    : loaded 2 times (x 68B)
Class kotlin.ResultKt                                                                 : loaded 2 times (x 70B)
Class org.jetbrains.kotlin.build.report.metrics.BuildAttributes$Companion             : loaded 2 times (x 70B)
Class org.jetbrains.kotlin.compilerRunner.UsesCompilerSystemPropertiesService         : loaded 2 times (x 69B)
Class org.jetbrains.kotlin.gradle.plugin.mpp.AbstractKotlinTarget                     : loaded 2 times (x 149B)
Class com.google.protobuf.CodedInputStream$UnsafeDirectNioDecoder                     : loaded 2 times (x 119B)
Class [Lorg.codehaus.groovy.reflection.CachedConstructor;                             : loaded 2 times (x 68B)
Class kotlin.jvm.internal.markers.KMutableMap                                         : loaded 2 times (x 69B)
Class org.jetbrains.kotlin.gradle.plugin.mpp.compilationImpl.KotlinCreateCompilationArchiveTaskKt: loaded 2 times (x 70B)
Class org.jetbrains.kotlin.gradle.fus.BuildUidService$Companion                       : loaded 2 times (x 70B)
Class org.jetbrains.kotlin.gradle.targets.native.UsesKonanPropertiesBuildService      : loaded 2 times (x 69B)
Class org.jetbrains.kotlin.gradle.internal.diagnostics.GradleCompatibilityCheck       : loaded 2 times (x 70B)
Class com.google.common.collect.NullsFirstOrdering                                    : loaded 2 times (x 114B)
Class org.jetbrains.kotlin.gradle.plugin.mpp.InternalKotlinTargetComponentKt          : loaded 2 times (x 70B)
Class org.jetbrains.kotlin.gradle.internal.diagnostics.GradleCompatibilityCheck$CurrentGradleVersionProvider: loaded 2 times (x 69B)
Class org.codehaus.groovy.control.ResolveVisitor$LowerCaseClass                       : loaded 2 times (x 242B)
Class com.google.common.collect.MapMakerInternalMap$AbstractStrongKeyEntry            : loaded 2 times (x 79B)
Class org.jetbrains.kotlin.gradle.tasks.UsesKotlinJavaToolchain$DefaultImpls          : loaded 2 times (x 70B)
Class kotlin.reflect.jvm.internal.KotlinReflectionInternalError                       : loaded 2 times (x 81B)
Class org.jetbrains.kotlin.gradle.plugin.diagnostics.UsesKotlinToolingDiagnosticsKt   : loaded 2 times (x 70B)
Class org.jetbrains.kotlin.gradle.plugin.diagnostics.checkers.InternalGradlePropertiesUsageChecker$runChecks$1: loaded 2 times (x 87B)
Class org.jetbrains.kotlin.gradle.targets.native.toolchain.KotlinNativeBundleBuildService$Parameters: loaded 2 times (x 69B)
Class org.jetbrains.kotlin.gradle.utils.ConfigurationsKt$sam$org_gradle_api_Action$0  : loaded 2 times (x 74B)
Class org.jetbrains.kotlin.statistics.metrics.StringAnonymizationPolicy               : loaded 2 times (x 77B)
Class [Lorg.codehaus.groovy.util.LockableObject;                                      : loaded 2 times (x 68B)
Class build_361ccn2dnmdz1kq19ynysa0wn                                                 : loaded 2 times (x 179B)
Class [Lcom.google.common.reflect.Types$ClassOwnership;                               : loaded 2 times (x 68B)
Class org.codehaus.groovy.ast.stmt.ExpressionStatement                                : loaded 2 times (x 111B)
Class groovy.lang.ListWithDefault                                                     : loaded 2 times (x 136B)
Class kotlin.collections.CollectionsKt__ReversedViewsKt                               : loaded 2 times (x 70B)
Class [Lorg.codehaus.groovy.ast.AnnotatedNode;                                        : loaded 2 times (x 68B)
Class groovy.io.FileType                                                              : loaded 2 times (x 78B)
Class org.jetbrains.kotlin.utils.exceptions.KotlinExceptionWithAttachments            : loaded 2 times (x 69B)
Class com.google.common.collect.NaturalOrdering                                       : loaded 2 times (x 114B)
Class org.jetbrains.kotlin.gradle.dsl.PlatformSourceSetConventionsChecker$CheckedPlatformInfo: loaded 2 times (x 71B)
Class com.android.ide.common.repository.AgpVersion$PreviewKind$Companion              : loaded 2 times (x 70B)
Class com.android.prefs.VariableType                                                  : loaded 2 times (x 78B)
Class com.android.utils.NullLogger                                                    : loaded 2 times (x 84B)
Class org.jetbrains.kotlin.gradle.plugin.KotlinPluginLifecycleKt                      : loaded 2 times (x 70B)
Class com.google.protobuf.GeneratedMessage$GeneratedExtension                         : loaded 2 times (x 86B)
Class com.google.common.collect.ByFunctionOrdering                                    : loaded 2 times (x 114B)
Class com.google.common.base.Optional                                                 : loaded 2 times (x 79B)
Class org.jetbrains.kotlin.gradle.plugin.PropertiesProvider$kotlinCompilerArgumentsLogLevel$1: loaded 2 times (x 73B)
Class [Lorg.jetbrains.kotlin.build.report.metrics.BuildAttribute;                     : loaded 2 times (x 68B)
Class com.google.gson.internal.bind.JsonTreeReader                                    : loaded 2 times (x 97B)
Class org.codehaus.groovy.runtime.dgmimpl.NumberNumberMinus                           : loaded 2 times (x 113B)
Class com.android.utils.PositionXmlParser                                             : loaded 2 times (x 70B)
Class kotlin.internal.jdk8.JDK8PlatformImplementations                                : loaded 2 times (x 75B)
Class org.jetbrains.kotlin.gradle.plugin.internal.CompatibilityConventionRegistrar$Factory: loaded 2 times (x 69B)
Class org.jetbrains.kotlin.gradle.internal.ClassLoadersCachingBuildService$Parameters : loaded 2 times (x 69B)
Class org.jetbrains.kotlin.gradle.plugin.statistics.old.Pre232IdeaKotlinBuildStatsMXBean: loaded 2 times (x 69B)
Class org.codehaus.groovy.runtime.m12n.ExtensionModuleScanner$ExtensionModuleListener : loaded 2 times (x 69B)
Class com.android.tools.lint.model.LintModelLintOptions                               : loaded 2 times (x 69B)
Class [Lcom.google.common.cache.RemovalCause;                                         : loaded 2 times (x 68B)
Class org.jetbrains.kotlin.gradle.plugin.KotlinPluginLifecycle$ProjectConfigurationResult$Success: loaded 2 times (x 70B)
Class org.jetbrains.kotlin.gradle.internal.properties.PropertiesBuildService$MemoizedCallable: loaded 2 times (x 74B)
Class org.jetbrains.kotlin.gradle.utils.StoredLazyProperty$getValue$1                 : loaded 2 times (x 78B)
Class org.jetbrains.kotlin.gradle.plugin.statistics.UsesBuildFusService               : loaded 2 times (x 69B)
Class org.jetbrains.kotlin.gradle.dsl.KotlinAndroidProjectExtension                   : loaded 2 times (x 138B)
Class build_bra2k47db8hxgotmple1u6nta$_run_closure1                                   : loaded 2 times (x 138B)
Class build_crik30vk2h0rmw8eqo8pkc9nv$_run_closure1$_closure3                         : loaded 2 times (x 138B)
Class com.android.ide.common.rendering.api.AttrResourceValue                          : loaded 2 times (x 69B)
Class org.jetbrains.kotlin.gradle.targets.ConfigureNonPackedKlibConsumingSideEffectKt : loaded 2 times (x 70B)
Class org.objectweb.asm.AnnotationVisitor                                             : loaded 2 times (x 77B)
Class org.objectweb.asm.RecordComponentWriter                                         : loaded 2 times (x 77B)
Class kotlin.sequences.SequenceScope                                                  : loaded 2 times (x 72B)
Class org.jetbrains.kotlin.gradle.tasks.configuration.BaseKotlinCompileConfig$2$1     : loaded 2 times (x 74B)
Class org.jetbrains.kotlin.gradle.tasks.abi.KotlinLegacyAbiUpdateTask                 : loaded 2 times (x 317B)
Class [Lorg.jetbrains.kotlin.statistics.metrics.NumberAnonymizationPolicy;            : loaded 2 times (x 68B)
Class org.jetbrains.kotlin.gradle.utils.SingleAction$PerformedActions                 : loaded 2 times (x 71B)
Class org.jetbrains.kotlin.gradle.tasks.configuration.AbstractKotlinCompileConfig$1   : loaded 2 times (x 78B)
Class org.jetbrains.kotlin.gradle.plugin.KotlinCompilation$Companion                  : loaded 2 times (x 70B)
Class com.google.common.cache.LocalCache$1                                            : loaded 2 times (x 88B)
Class com.google.protobuf.UnknownFieldSet$Parser                                      : loaded 2 times (x 149B)
Class org.jetbrains.kotlin.gradle.plugin.mpp.ApplyUserDefinedAttributesKt$UserDefinedAttributesSetupAction$1$1: loaded 2 times (x 78B)
Class org.jetbrains.kotlin.gradle.tasks.configuration.AbstractKotlinCompileConfig$2   : loaded 2 times (x 78B)
Class com.google.common.cache.LocalCache$2                                            : loaded 2 times (x 141B)
Class org.jetbrains.kotlin.statistics.fileloggers.MetricsContainer$Companion          : loaded 2 times (x 70B)
Class org.codehaus.groovy.runtime.wrappers.GroovyObjectWrapper                        : loaded 2 times (x 87B)
Class org.jetbrains.kotlin.compilerRunner.CompilerSystemPropertiesService$Parameters  : loaded 2 times (x 69B)
Class org.jetbrains.kotlin.konan.target.Architecture                                  : loaded 2 times (x 78B)
Class Native_plugin_loader_gradle                                                     : loaded 2 times (x 129B)
Class org.jetbrains.kotlin.gradle.plugin.KotlinPluginLifecycleKt$launchInStage$1      : loaded 2 times (x 94B)
Class org.codehaus.groovy.runtime.dgmimpl.arrays.ArrayGetAtMetaMethod                 : loaded 2 times (x 96B)
Class org.jetbrains.kotlin.gradle.targets.js.npm.SemVer$Companion                     : loaded 2 times (x 70B)
Class org.codehaus.groovy.util.SingleKeyHashMap$Entry                                 : loaded 2 times (x 74B)
Class kotlin.sequences.SequencesKt__SequenceBuilderKt                                 : loaded 2 times (x 70B)
Class com.android.io.CancellableFileIo                                                : loaded 2 times (x 70B)
Class build_c6vvr91uitvku2u1mhgvzgrov$_run_closure1$_closure3                         : loaded 2 times (x 138B)
Class org.jetbrains.kotlin.gradle.internal.properties.PropertiesBuildService$NullableStringGradleProperty: loaded 2 times (x 75B)
Class groovy.lang.MetaClassImpl                                                       : loaded 2 times (x 192B)
Class kotlin.jvm.internal.PropertyReference2Impl                                      : loaded 2 times (x 126B)
Class org.jetbrains.kotlin.konan.target.KonanTarget$MACOS_X64                         : loaded 2 times (x 77B)
Class org.jetbrains.kotlin.gradle.plugin.mpp.KotlinUsages                             : loaded 2 times (x 70B)
Class org.jetbrains.kotlin.gradle.plugin.mpp.compilationImpl.KotlinCompilationSourceSetInclusion$Companion: loaded 2 times (x 70B)
Class org.jetbrains.kotlin.gradle.plugin.KotlinMultiplatformPluginWrapper             : loaded 2 times (x 85B)
Class kotlin.text.StringsKt__StringNumberConversionsKt                                : loaded 2 times (x 70B)
Class org.jetbrains.kotlin.gradle.targets.js.dsl.KotlinJsSubTargetContainerDsl        : loaded 2 times (x 69B)
Class org.jetbrains.kotlin.gradle.dsl.KotlinJvmCompilerOptionsDefault                 : loaded 2 times (x 107B)
Class org.jetbrains.kotlin.gradle.fus.BuildUidService$Companion$registerIfAbsent$1    : loaded 2 times (x 73B)
Class org.gradle.internal.classloader.VisitableURLClassLoader$Spec                    : loaded 2 times (x 73B)
Class com.google.common.collect.RowSortedTable                                        : loaded 2 times (x 69B)
Class org.jetbrains.kotlin.gradle.dsl.KotlinJvmCompile$DefaultImpls                   : loaded 2 times (x 70B)
Class org.jetbrains.kotlin.gradle.plugin.diagnostics.DiagnosticGroup                  : loaded 2 times (x 69B)
Class org.jetbrains.kotlin.statistics.metrics.IMetricContainerFactory                 : loaded 2 times (x 69B)
Class org.gradle.api.GradleException                                                  : loaded 2 times (x 81B)
Class org.jetbrains.kotlin.statistics.metrics.BooleanAnonymizationPolicy$SAFE         : loaded 2 times (x 84B)
Class org.jetbrains.kotlin.gradle.plugin.statistics.BuildFinishBuildService$Inject    : loaded 2 times (x 99B)
Class com.google.protobuf.MessageLite                                                 : loaded 2 times (x 69B)
Class org.gradle.api.internal.classpath.ModuleRegistry                                : loaded 2 times (x 69B)
Class com.android.tools.lint.model.LintModelSerialization                             : loaded 2 times (x 75B)
Class com.google.common.collect.ForwardingObject                                      : loaded 2 times (x 71B)
Class org.jetbrains.kotlin.gradle.plugin.cocoapods.KotlinCocoapodsPlugin$Companion    : loaded 2 times (x 70B)
Class org.jetbrains.kotlin.gradle.plugin.statistics.BuildFusService$Companion$registerIfAbsent$1$1: loaded 2 times (x 78B)
Class kotlin.KotlinNothingValueException                                              : loaded 2 times (x 81B)
Class org.jetbrains.kotlin.cli.common.messages.MessageCollector                       : loaded 2 times (x 69B)
Class com.google.common.collect.CompoundOrdering                                      : loaded 2 times (x 114B)
Class org.jetbrains.kotlin.gradle.plugin.diagnostics.checkers.WasmJsEnvironmentChecker: loaded 2 times (x 75B)
Class org.jetbrains.kotlin.statistics.metrics.NumericalMetrics$Companion              : loaded 2 times (x 70B)
Class groovy.transform.Internal                                                       : loaded 2 times (x 69B)
Class com.android.tools.lint.model.DefaultLintModelDependencies                       : loaded 2 times (x 78B)
Class groovyjarjarasm.asm.Label                                                       : loaded 2 times (x 72B)
Class com.google.common.reflect.TypeToken$1                                           : loaded 2 times (x 107B)
Class org.jetbrains.kotlin.gradle.plugin.mpp.MppSourcesJarKt$sourcesJarTask$1         : loaded 2 times (x 94B)
Class com.google.common.cache.CacheBuilder                                            : loaded 2 times (x 71B)
Class com.google.common.reflect.TypeToken$2                                           : loaded 2 times (x 107B)
Class org.objectweb.asm.ByteVector                                                    : loaded 2 times (x 78B)
Class com.google.protobuf.Message$Builder                                             : loaded 2 times (x 69B)
Class kotlin.collections.ArrayAsCollection                                            : loaded 2 times (x 104B)
Class org.jetbrains.kotlin.gradle.plugin.PropertiesProvider                           : loaded 2 times (x 72B)
Class [Lgroovy.lang.MetaMethod;                                                       : loaded 2 times (x 68B)
Class org.jetbrains.kotlin.gradle.plugin.mpp.DefaultKotlinUsageContext$PublishOnlyIf  : loaded 2 times (x 69B)
Class org.jetbrains.kotlin.gradle.targets.js.npm.NpmDependencyExtensionKt$AddNpmDependencyExtensionProjectSetupAction$1$WhenMappings: loaded 2 times (x 70B)
Class org.jetbrains.kotlin.gradle.plugin.diagnostics.checkers.UnusedSourceSetsChecker : loaded 2 times (x 73B)
Class org.codehaus.groovy.util.ManagedReference$1                                     : loaded 2 times (x 75B)
Class kotlin.jvm.internal.markers.KMutableCollection                                  : loaded 2 times (x 69B)
Class org.jetbrains.kotlin.gradle.utils.FileUtilsKt                                   : loaded 2 times (x 70B)
Class org.jetbrains.kotlin.gradle.plugin.internal.DefaultJavaExecTaskParametersCompatibility$Factory: loaded 2 times (x 75B)
Class kotlin.reflect.jvm.internal.KClassImpl$$Lambda$0                                : loaded 2 times (x 75B)
Class org.jetbrains.kotlin.gradle.tasks.configuration.KaptGenerateStubsConfig$Companion$wireJavaAndKotlinOutputs$1: loaded 2 times (x 78B)
Class org.jetbrains.kotlin.gradle.report.BuildReportType$Companion                    : loaded 2 times (x 70B)
Class com.android.ide.common.rendering.api.StyleItemResourceValue                     : loaded 2 times (x 69B)
Class com.android.resources.NavigationState                                           : loaded 2 times (x 85B)
Class org.codehaus.groovy.ast.Variable                                                : loaded 2 times (x 69B)
Class org.jetbrains.kotlin.gradle.plugin.diagnostics.TransformActionUsingKotlinToolingDiagnostics$Parameters: loaded 2 times (x 69B)
Class org.jetbrains.kotlin.gradle.plugin.ProjectLocalConfigurations$setupAttributesMatchingStrategy$1$1: loaded 2 times (x 73B)
Class com.android.resources.Navigation                                                : loaded 2 times (x 85B)
Class com.android.utils.PositionXmlParser$Position                                    : loaded 2 times (x 77B)
Class org.jetbrains.kotlin.gradle.plugin.diagnostics.KotlinToolingDiagnosticsCollector: loaded 2 times (x 75B)
Class org.jetbrains.kotlin.tooling.core.MutableExtrasImpl                             : loaded 2 times (x 164B)
Class kotlin.internal.PlatformImplementations                                         : loaded 2 times (x 75B)
Class org.jetbrains.kotlin.gradle.plugin.mpp.compilationImpl.DefaultKotlinCompilationFriendPathsResolver: loaded 2 times (x 74B)
Class groovy.lang.Reference                                                           : loaded 2 times (x 85B)
Class groovyjarjarasm.asm.Symbol                                                      : loaded 2 times (x 72B)
Class kotlin.jvm.internal.markers.KMappedMarker                                       : loaded 2 times (x 69B)
Class org.jetbrains.kotlin.gradle.tasks.KotlinCompile$ScriptFilterSpec                : loaded 2 times (x 74B)
Class org.jetbrains.kotlin.gradle.targets.js.npm.DefaultPeerNpmDependencyExtension    : loaded 2 times (x 140B)
Class org.jetbrains.kotlin.gradle.dsl.KotlinGradlePluginPublicDsl                     : loaded 2 times (x 69B)
Class com.google.common.base.Ticker                                                   : loaded 2 times (x 71B)
Class org.jetbrains.kotlin.gradle.plugin.diagnostics.DefaultProblemsReporter_Decorated: loaded 2 times (x 122B)
Class org.codehaus.groovy.vmplugin.VMPlugin                                           : loaded 2 times (x 69B)
Class org.jetbrains.kotlin.gradle.plugin.KotlinJsCompilerTypeHolder                   : loaded 2 times (x 69B)
Class org.gradle.api.internal.ClassPathProvider                                       : loaded 2 times (x 69B)
Class groovy.lang.MetaArrayLengthProperty                                             : loaded 2 times (x 76B)
Class com.google.common.base.Ascii                                                    : loaded 2 times (x 70B)
Class org.codehaus.groovy.ast.ConstructorNode                                         : loaded 2 times (x 157B)
Class org.codehaus.groovy.ast.FieldNode                                               : loaded 2 times (x 161B)
Class com.android.utils.ILogger                                                       : loaded 2 times (x 69B)
Class com.google.common.collect.Tables$1                                              : loaded 2 times (x 83B)
Class kotlin.time.DurationKt                                                          : loaded 2 times (x 70B)
Class org.jetbrains.kotlin.gradle.plugin.KotlinPluginLifecycle$Stage                  : loaded 2 times (x 78B)
Class org.jetbrains.kotlin.tooling.core.MutableExtrasImpl$Companion                   : loaded 2 times (x 70B)
Class org.jetbrains.kotlin.gradle.utils.StoredProperty                                : loaded 2 times (x 69B)
Class kotlin.KotlinVersion$Companion                                                  : loaded 2 times (x 70B)
Class org.codehaus.groovy.reflection.stdclasses.LongCachedClass                       : loaded 2 times (x 94B)
Class org.jetbrains.kotlin.gradle.plugin.diagnostics.checkers.OverriddenKotlinNativeHomeChecker$StdlibExistenceCheckerValueSource$Params_Decorated: loaded 2 times (x 133B)
Class [Lorg.codehaus.groovy.ast.MixinNode;                                            : loaded 2 times (x 68B)
Class org.codehaus.groovy.runtime.NumberAwareComparator                               : loaded 2 times (x 89B)
Class org.jetbrains.kotlin.gradle.plugin.mpp.compilationImpl.KotlinCompilationTaskNamesContainer: loaded 2 times (x 71B)
Class org.objectweb.asm.ModuleWriter                                                  : loaded 2 times (x 81B)
Class org.gradle.internal.classloader.ClasspathUtil$1                                 : loaded 2 times (x 75B)
Class com.android.ide.common.blame.SourcePosition                                     : loaded 2 times (x 70B)
Class org.jetbrains.kotlin.konan.target.KonanTarget$IOS_SIMULATOR_ARM64               : loaded 2 times (x 77B)
Class com.android.ide.common.rendering.api.ResourceNamespace$AaptNamespace            : loaded 2 times (x 79B)
Class org.codehaus.groovy.ast.MixinNode                                               : loaded 2 times (x 242B)
Class groovyjarjarasm.asm.ClassWriter                                                 : loaded 2 times (x 105B)
Class org.jetbrains.kotlin.gradle.tasks.CacheableTasksKt                              : loaded 2 times (x 70B)
Class org.jetbrains.kotlin.gradle.plugin.mpp.compilationImpl.factory.KotlinCompilationImplFactory$ProcessResourcesTaskNameFactory: loaded 2 times (x 69B)
Class org.jetbrains.kotlin.gradle.plugin.KotlinPluginLifecycle                        : loaded 2 times (x 69B)
Class org.jetbrains.kotlin.gradle.plugin.diagnostics.KotlinToolingDiagnostics$WasmWasiEnvironmentNotChosenExplicitly: loaded 2 times (x 72B)
Class org.jetbrains.kotlin.gradle.targets.native.internal.PlatformLibrariesGenerator$Companion: loaded 2 times (x 70B)
Class org.codehaus.groovy.runtime.dgmimpl.arrays.ByteArrayGetAtMetaMethod             : loaded 2 times (x 96B)
Class groovy.lang.GString                                                             : loaded 2 times (x 120B)
Class kotlin.reflect.jvm.internal.KProperty2Impl                                      : loaded 2 times (x 127B)
Class org.jetbrains.kotlin.gradle.plugin.mpp.compilationImpl.KotlinCompilationCompilerOptionsFromTargetConfigurator: loaded 2 times (x 73B)
Class org.jetbrains.kotlin.gradle.targets.android.internal.InternalKotlinTargetPreset : loaded 2 times (x 69B)
Class org.jetbrains.kotlin.gradle.plugin.KotlinGradleBuildServices$Companion$registerIfAbsent$2$1$1: loaded 2 times (x 74B)
Class org.codehaus.groovy.util.TripleKeyHashMap                                       : loaded 2 times (x 81B)
Class groovy.util.BufferedIterator                                                    : loaded 2 times (x 69B)
Class org.jetbrains.kotlin.gradle.plugin.sources.KotlinSourceSetFactory               : loaded 2 times (x 79B)
Class groovy.lang.MetaClassRegistryChangeEvent                                        : loaded 2 times (x 78B)
Class org.codehaus.groovy.runtime.dgmimpl.arrays.DoubleArrayPutAtMetaMethod           : loaded 2 times (x 96B)
Class androidx.startup.lint.InitializerConstructorDetector$Companion                  : loaded 2 times (x 70B)
Class com.google.protobuf.AbstractParser                                              : loaded 2 times (x 149B)
Class org.jetbrains.kotlin.gradle.plugin.KotlinJvmPlugin$Companion                    : loaded 2 times (x 70B)
Class org.jetbrains.kotlin.gradle.plugin.statistics.BuildFusServiceKt                 : loaded 2 times (x 70B)
Class org.jetbrains.kotlin.gradle.tasks.configuration.BaseKotlinCompileConfig$1$jvmToolchain$1: loaded 2 times (x 73B)
Class org.jetbrains.kotlin.konan.target.KonanTarget$TVOS_SIMULATOR_ARM64              : loaded 2 times (x 77B)
Class org.codehaus.groovy.runtime.metaclass.ClosureStaticMetaMethod                   : loaded 2 times (x 101B)
Class org.jetbrains.kotlin.gradle.tasks.KotlinCompile$ClasspathSnapshotProperties_Decorated: loaded 2 times (x 136B)
Class org.jetbrains.kotlin.gradle.plugin.DefaultKotlinBasePlugin$apply$1              : loaded 2 times (x 74B)
Class org.codehaus.groovy.reflection.GroovyClassValueFactory                          : loaded 2 times (x 70B)
Class kotlin.sequences.TransformingSequence                                           : loaded 2 times (x 74B)
Class com.google.protobuf.Utf8$UnpairedSurrogateException                             : loaded 2 times (x 81B)
Class org.jetbrains.kotlin.gradle.plugin.sources.KotlinSourceSetFactory$Companion     : loaded 2 times (x 70B)
Class org.jetbrains.kotlin.gradle.plugin.internal.CustomPropertiesFileValueSource$Parameters$Inject: loaded 2 times (x 105B)
Class org.jetbrains.kotlin.gradle.plugin.diagnostics.checkers.WasmWasiEnvironmentChecker$1: loaded 2 times (x 77B)
Class org.jetbrains.kotlin.gradle.report.BuildMetricsService                          : loaded 2 times (x 85B)
Class org.codehaus.groovy.ast.expr.ListExpression                                     : loaded 2 times (x 131B)
Class kotlin.collections.CollectionsKt__MutableCollectionsJVMKt                       : loaded 2 times (x 70B)
Class org.jetbrains.kotlin.gradle.plugin.statistics.ExecutedTaskMetrics               : loaded 2 times (x 70B)
Class org.jetbrains.kotlin.gradle.plugin.diagnostics.checkers.WasmWasiEnvironmentChecker$2: loaded 2 times (x 77B)
Class com.google.protobuf.Extension                                                   : loaded 2 times (x 84B)
Class org.codehaus.groovy.reflection.v7.GroovyClassValueJava7                         : loaded 2 times (x 83B)
Class org.jetbrains.kotlin.gradle.utils.WhenPluginEnabledKt                           : loaded 2 times (x 70B)
Class groovy.lang.StringWriterIOException                                             : loaded 2 times (x 82B)
Class kotlin.collections.EmptyList                                                    : loaded 2 times (x 135B)
Class org.codehaus.groovy.reflection.CachedMethod                                     : loaded 2 times (x 111B)
Class groovy.lang.GroovyCallable                                                      : loaded 2 times (x 69B)
Class kotlin.coroutines.ContinuationKt                                                : loaded 2 times (x 70B)
Class org.jetbrains.kotlin.gradle.tasks.GradleCompileTaskProvider                     : loaded 2 times (x 71B)
Class org.jetbrains.kotlin.gradle.plugin.mpp.compilationImpl.KotlinCompilationSourceSetInclusion$Companion$includedSourceSets$2: loaded 2 times (x 77B)
Class org.jetbrains.kotlin.gradle.plugin.DefaultKotlinBasePlugin$setupAttributeMatchingStrategy$1$1: loaded 2 times (x 78B)
Class org.codehaus.groovy.ast.expr.MethodPointerExpression                            : loaded 2 times (x 130B)
Class org.jetbrains.kotlin.gradle.plugin.diagnostics.CheckKotlinGradlePluginConfigurationErrors$Companion: loaded 2 times (x 70B)
Class org.jetbrains.kotlin.gradle.plugin.DefaultKotlinBasePlugin$setupAttributeMatchingStrategy$1$2: loaded 2 times (x 78B)
Class org.jetbrains.kotlin.gradle.plugin.statistics.KotlinBuildStatsLoggerService     : loaded 2 times (x 71B)
Class com.google.protobuf.UninitializedMessageException                               : loaded 2 times (x 83B)
Class groovyjarjarasm.asm.MethodWriter                                                : loaded 2 times (x 105B)
Class com.google.common.cache.AbstractCache$StatsCounter                              : loaded 2 times (x 69B)
Class com.google.common.collect.Maps$EntryFunction$1                                  : loaded 2 times (x 90B)
Class org.jetbrains.kotlin.gradle.tasks.configuration.BaseKotlinCompileConfig$1$1     : loaded 2 times (x 74B)
Class com.google.common.collect.Maps$EntryFunction$2                                  : loaded 2 times (x 90B)
Class org.jetbrains.kotlin.gradle.targets.KotlinTargetSideEffect$Companion            : loaded 2 times (x 70B)
Class org.objectweb.asm.FieldVisitor                                                  : loaded 2 times (x 76B)
Class org.codehaus.groovy.runtime.typehandling.DefaultTypeTransformation              : loaded 2 times (x 70B)
Class org.jetbrains.kotlin.gradle.tasks.KotlinCompilationTask                         : loaded 2 times (x 69B)
Class org.jetbrains.kotlin.statistics.metrics.NumberOverridePolicy$AVERAGE            : loaded 2 times (x 84B)
Class [Lcom.android.resources.LayoutDirection;                                        : loaded 2 times (x 68B)
Class org.jetbrains.kotlin.gradle.plugin.diagnostics.checkers.DeprecatedKotlinNativeTargetsChecker$runChecks$1: loaded 2 times (x 87B)
Class com.android.tools.lint.model.DefaultLintModelDependencyGraph                    : loaded 2 times (x 77B)
Class com.google.protobuf.CodedInputStream$StreamDecoder                              : loaded 2 times (x 119B)
Class org.codehaus.groovy.ast.stmt.ContinueStatement                                  : loaded 2 times (x 110B)
Class it.unimi.dsi.fastutil.objects.ObjectCollection                                  : loaded 2 times (x 69B)
Class org.objectweb.asm.Symbol                                                        : loaded 2 times (x 72B)
Class com.android.resources.ScreenOrientation                                         : loaded 2 times (x 85B)
Class org.jetbrains.kotlin.gradle.tasks.GradleCompileTaskProviderKt                   : loaded 2 times (x 70B)
Class org.jetbrains.kotlin.gradle.tasks.KotlinJvmCompile                              : loaded 2 times (x 69B)
Class org.codehaus.groovy.runtime.dgmimpl.NumberNumberMultiply                        : loaded 2 times (x 113B)
Class it.unimi.dsi.fastutil.HashCommon                                                : loaded 2 times (x 70B)
Class [Lorg.jetbrains.kotlin.statistics.metrics.StringOverridePolicy;                 : loaded 2 times (x 68B)
Class [Lcom.android.resources.WideGamutColor;                                         : loaded 2 times (x 68B)
Class org.codehaus.groovy.runtime.memoize.EvictableCache$Action                       : loaded 2 times (x 69B)
Class kotlin.reflect.jvm.internal.CachesKt$$Lambda$0                                  : loaded 2 times (x 74B)
Class com.google.common.reflect.TypeToken                                             : loaded 2 times (x 72B)
Class com.google.common.collect.Ordering                                              : loaded 2 times (x 113B)
Class org.jetbrains.kotlin.gradle.plugin.diagnostics.checkers.CInteropInputChecker$runChecks$1: loaded 2 times (x 87B)
Class org.jetbrains.kotlin.gradle.plugin.diagnostics.KotlinToolingDiagnostics$JsLikeEnvironmentNotChosenExplicitly: loaded 2 times (x 72B)
Class kotlin.reflect.jvm.internal.ReflectProperties$Val$1                             : loaded 2 times (x 70B)
Class kotlin.reflect.jvm.internal.CachesKt$$Lambda$1                                  : loaded 2 times (x 74B)
Class org.jetbrains.kotlin.gradle.plugin.diagnostics.checkers.CInteropInputChecker$runChecks$2: loaded 2 times (x 74B)
Class com.google.common.cache.LocalCache$Strength$1                                   : loaded 2 times (x 80B)
Class kotlin.reflect.jvm.internal.CachesKt$$Lambda$2                                  : loaded 2 times (x 74B)
Class [Lcom.google.common.base.Predicate;                                             : loaded 2 times (x 68B)
Class com.google.common.collect.EmptyImmutableListMultimap                            : loaded 2 times (x 175B)
Class org.jetbrains.kotlin.gradle.targets.native.toolchain.KotlinNativeBundleBuildService: loaded 2 times (x 76B)
Class com.google.common.cache.LocalCache$Strength$2                                   : loaded 2 times (x 80B)
Class kotlin.reflect.jvm.internal.CachesKt$$Lambda$3                                  : loaded 2 times (x 74B)
Class org.jetbrains.kotlin.gradle.plugin.hierarchy.KotlinSourceSetTreeClassifierKt    : loaded 2 times (x 70B)
Class org.jetbrains.kotlin.statistics.metrics.NumericalMetrics                        : loaded 2 times (x 79B)
Class com.google.common.cache.LocalCache$Strength$3                                   : loaded 2 times (x 80B)
Class org.gradle.internal.classloader.ClassLoaderFactory                              : loaded 2 times (x 69B)
Class kotlin.reflect.jvm.internal.CachesKt$$Lambda$4                                  : loaded 2 times (x 74B)
Class com.google.protobuf.Internal                                                    : loaded 2 times (x 70B)
Class org.codehaus.groovy.runtime.dgmimpl.arrays.FloatArrayGetAtMetaMethod            : loaded 2 times (x 96B)
Class it.unimi.dsi.fastutil.ints.AbstractIntCollection                                : loaded 2 times (x 184B)
Class [Lkotlin.reflect.jvm.internal.impl.name.FqName;                                 : loaded 2 times (x 68B)
Class org.jetbrains.kotlin.gradle.plugin.abi.JvmOrAndroidKt                           : loaded 2 times (x 70B)
Class org.jetbrains.kotlin.gradle.utils.ProviderApiUtilsKt$mapOrNull$1                : loaded 2 times (x 74B)
Class com.google.protobuf.Utf8$Processor                                              : loaded 2 times (x 76B)
Class org.codehaus.groovy.ast.ClassHelper                                             : loaded 2 times (x 70B)
Class groovy.lang.MetaProperty                                                        : loaded 2 times (x 76B)
Class kotlin.io.LinesSequence$iterator$1                                              : loaded 2 times (x 78B)
Class org.jetbrains.kotlin.gradle.tasks.abi.AbiToolsTask                              : loaded 2 times (x 320B)
Class org.jetbrains.kotlin.gradle.plugin.mpp.compilationImpl.KotlinCreateCompilationArchiveTaskKt$KotlinCreateCompilationArchivesTask$1: loaded 2 times (x 73B)
Class groovy.lang.MissingFieldException                                               : loaded 2 times (x 88B)
Class com.google.common.base.Absent                                                   : loaded 2 times (x 79B)
Class org.jetbrains.kotlin.gradle.plugin.diagnostics.DefaultProblemsReporter$Factory  : loaded 2 times (x 75B)
Class com.android.tools.lint.model.LintModelSerialization$LintModelSerializationAdapter: loaded 2 times (x 69B)
Class kotlin.jvm.internal.FunctionReference                                           : loaded 2 times (x 121B)
Class org.jetbrains.kotlin.gradle.targets.CreateNonPackedKlibVariantsSideEffectKt$CreateNonPackedKlibVariantsSideEffect$1: loaded 2 times (x 73B)
Class org.jetbrains.kotlin.gradle.utils.Future                                        : loaded 2 times (x 69B)
Class org.jetbrains.kotlin.gradle.plugin.mpp.compilationImpl.KotlinCompilationSourceSetInclusion$include$1: loaded 2 times (x 78B)
Class org.jetbrains.kotlin.gradle.utils.WhenEvaluatedKt$whenEvaluated$3               : loaded 2 times (x 78B)
Class com.google.common.util.concurrent.Uninterruptibles                              : loaded 2 times (x 70B)
Class kotlin.coroutines.EmptyCoroutineContext                                         : loaded 2 times (x 76B)
Class org.jetbrains.kotlin.gradle.utils.WhenEvaluatedKt$whenEvaluated$4               : loaded 2 times (x 74B)
Class org.codehaus.groovy.util.ManagedConcurrentMap$Segment                           : loaded 2 times (x 84B)
Class org.codehaus.groovy.reflection.CachedClass$CachedMethodComparatorWithString     : loaded 2 times (x 89B)
Class com.android.tools.lint.model.LintModelMavenName                                 : loaded 2 times (x 69B)
Class kotlin.reflect.jvm.internal.impl.name.StandardClassIdsKt                        : loaded 2 times (x 70B)
Class kotlin.time.DurationJvmKt                                                       : loaded 2 times (x 70B)
Class org.gradle.api.internal.classpath.ManifestUtil                                  : loaded 2 times (x 70B)
Class org.gradle.api.specs.Spec                                                       : loaded 2 times (x 69B)
Class org.codehaus.groovy.ast.stmt.DoWhileStatement                                   : loaded 2 times (x 117B)
Class org.jetbrains.kotlin.gradle.plugin.statistics.BuildFinishBuildService$Parameters$Inject: loaded 2 times (x 111B)
Class org.jetbrains.kotlin.utils.KotlinExceptionWithAttachments                       : loaded 2 times (x 93B)
Class [Lorg.jetbrains.kotlin.gradle.targets.js.npm.NpmDependency$Scope;               : loaded 2 times (x 68B)
Class org.jetbrains.kotlin.gradle.targets.CreateDefaultCompilationsSideEffectKt$CreateDefaultCompilationsSideEffect$1: loaded 2 times (x 73B)
Class kotlin.jvm.internal.Intrinsics                                                  : loaded 2 times (x 70B)
Class org.jetbrains.kotlin.gradle.plugin.VariantImplementationFactories$Inject        : loaded 2 times (x 105B)
Class com.google.common.cache.CacheLoader$UnsupportedLoadingOperationException        : loaded 2 times (x 81B)
Class com.google.gson.JsonIOException                                                 : loaded 2 times (x 81B)
Class org.codehaus.groovy.runtime.metaclass.DefaultMetaClassInfo$ConstantMetaClassVersioning: loaded 2 times (x 71B)
Class org.jetbrains.kotlin.gradle.dsl.DefaultToolchainSupport$wireToolchainToTasks$1  : loaded 2 times (x 74B)
Class com.google.common.base.CharMatcher$Whitespace                                   : loaded 2 times (x 111B)
Class org.jetbrains.kotlin.gradle.plugin.diagnostics.DiagnosticGroup$Kgp              : loaded 2 times (x 81B)
Class org.jetbrains.kotlin.gradle.internal.properties.PropertiesBuildService$IntGradleProperty: loaded 2 times (x 75B)
Class kotlin.jvm.internal.ReflectionFactory                                           : loaded 2 times (x 90B)
Class build_2oxvnf7ia8644kjcvqhcscl0w$_run_closure1$_closure2                         : loaded 2 times (x 138B)
Class groovy.grape.GrapeEngine                                                        : loaded 2 times (x 69B)
Class kotlin.reflect.jvm.internal.impl.name.SpecialNames                              : loaded 2 times (x 70B)
Class org.jetbrains.kotlin.gradle.plugin.mpp.KotlinUsages$KotlinUsagesDisambiguation  : loaded 2 times (x 75B)
Class org.jetbrains.kotlin.gradle.utils.ProviderApiUtilsKt                            : loaded 2 times (x 70B)
Class com.google.common.util.concurrent.ListenableFuture                              : loaded 2 times (x 69B)
Class groovyjarjarasm.asm.RecordComponentWriter                                       : loaded 2 times (x 77B)
Class org.codehaus.groovy.runtime.m12n.ExtensionModuleScanner                         : loaded 2 times (x 73B)
Class org.codehaus.groovy.runtime.MetaClassHelper                                     : loaded 2 times (x 70B)
Class com.google.common.collect.MapMaker$Dummy                                        : loaded 2 times (x 78B)
Class org.jetbrains.kotlin.gradle.tooling.BuildKotlinToolingMetadataTaskKt$RegisterBuildKotlinToolingMetadataTask$1: loaded 2 times (x 73B)
Class org.codehaus.groovy.classgen.asm.BytecodeHelper                                 : loaded 2 times (x 70B)
Class kotlin.jvm.internal.Ref$ObjectRef                                               : loaded 2 times (x 71B)
Class org.jetbrains.kotlin.tooling.core.ExtrasLazyProperty                            : loaded 2 times (x 69B)
Class androidx.annotation.experimental.lint.ExperimentalDetector                      : loaded 2 times (x 170B)
Class it.unimi.dsi.fastutil.objects.AbstractObject2IntMap                             : loaded 2 times (x 238B)
Class com.google.protobuf.AbstractMessageLite$Builder                                 : loaded 2 times (x 125B)
Class it.unimi.dsi.fastutil.objects.Object2IntMap                                     : loaded 2 times (x 69B)
Class kotlin.jvm.internal.ArrayIterator                                               : loaded 2 times (x 78B)
Class kotlin.text.StringsKt___StringsJvmKt                                            : loaded 2 times (x 70B)
Class org.jetbrains.kotlin.build.report.metrics.BuildMetricsReporter                  : loaded 2 times (x 69B)
Class groovy.lang.ClosureInvokingMethod                                               : loaded 2 times (x 69B)
Class org.jetbrains.kotlin.gradle.plugin.KotlinCompilationInfo$TCS                    : loaded 2 times (x 88B)
Class org.jetbrains.kotlin.gradle.internal.abi.AbiValidationExtensionImpl_Decorated   : loaded 2 times (x 140B)
Class org.jetbrains.kotlin.gradle.plugin.KotlinGradlePluginExtensionPointInternalKt   : loaded 2 times (x 70B)
Class org.jetbrains.kotlin.gradle.plugin.internal.MavenPublicationComponentAccessor   : loaded 2 times (x 69B)
Class build_a17zssowby5u5y11ddl9usckl                                                 : loaded 2 times (x 180B)
Class org.jetbrains.kotlin.gradle.plugin.statistics.BuildFinishBuildService$Parameters: loaded 2 times (x 69B)
Class [Lorg.jetbrains.kotlin.gradle.plugin.mpp.compilationImpl.factory.KotlinCompilationImplFactory$PostConfigure;: loaded 2 times (x 68B)
Class org.jetbrains.kotlin.gradle.targets.native.internal.SetupKotlinNativePlatformDependenciesAndStdlibKt: loaded 2 times (x 70B)
Class org.jetbrains.kotlin.gradle.plugin.mpp.KotlinTargetSoftwareComponentImplKt$KotlinTargetSoftwareComponent$1$1$1: loaded 2 times (x 74B)
Class org.jetbrains.kotlin.konan.target.KonanTarget$TVOS_X64                          : loaded 2 times (x 77B)
Class org.jetbrains.kotlin.gradle.artifacts.KotlinMetadataArtifactKt                  : loaded 2 times (x 70B)
Class kotlin.collections.builders.ListBuilder$Companion                               : loaded 2 times (x 70B)
Class kotlin.coroutines.jvm.internal.ContinuationImpl                                 : loaded 2 times (x 86B)
Class com.google.common.collect.BaseImmutableMultimap                                 : loaded 2 times (x 122B)
Class org.jetbrains.kotlin.gradle.utils.KotlinExtensionUtilsKt                        : loaded 2 times (x 70B)
Class org.jetbrains.kotlin.konan.target.UtilsKt$evaluatePresetName$1                  : loaded 2 times (x 77B)
Class org.jetbrains.kotlin.gradle.plugin.diagnostics.CheckKotlinGradlePluginConfigurationErrorsKt$locateOrRegisterCheckKotlinGradlePluginErrorsTask$taskProvider$1$2: loaded 2 times (x 74B)
Class org.jetbrains.kotlin.gradle.plugin.mpp.compilationImpl.factory.KotlinCompilationDependencyConfigurationsFactoriesKt: loaded 2 times (x 70B)
Class org.jetbrains.kotlin.gradle.internal.properties.NativePropertiesLoader$forceDisableRunningInProcess$1: loaded 2 times (x 74B)
Class kotlin.ranges.OpenEndRange                                                      : loaded 2 times (x 69B)
Class org.jetbrains.kotlin.gradle.plugin.diagnostics.CheckKotlinGradlePluginConfigurationErrorsKt$locateOrRegisterCheckKotlinGradlePluginErrorsTask$taskProvider$1$3: loaded 2 times (x 74B)
Class org.jetbrains.kotlin.gradle.internal.build.SourcesUtilsKt                       : loaded 2 times (x 70B)
Class org.jetbrains.kotlin.gradle.utils.SingleAction                                  : loaded 2 times (x 72B)
Class com.google.common.collect.Iterators$6                                           : loaded 2 times (x 80B)
Class org.jetbrains.kotlin.gradle.plugin.diagnostics.CheckKotlinGradlePluginConfigurationErrorsKt$locateOrRegisterCheckKotlinGradlePluginErrorsTask$taskProvider$1$4: loaded 2 times (x 73B)
Class org.jetbrains.kotlin.gradle.plugin.diagnostics.CheckKotlinGradlePluginConfigurationErrorsKt$locateOrRegisterCheckKotlinGradlePluginErrorsTask$taskProvider$1$5: loaded 2 times (x 73B)
Class org.jetbrains.kotlin.gradle.tasks.KotlinCompilerPluginData                      : loaded 2 times (x 71B)
Class org.jetbrains.kotlin.gradle.plugin.attributes.KlibPackaging$Companion           : loaded 2 times (x 70B)
Class org.jetbrains.kotlin.gradle.plugin.statistics.KotlinBuildStatsServicesRegistry  : loaded 2 times (x 77B)
Class com.google.protobuf.Parser                                                      : loaded 2 times (x 69B)
Class build_c6vvr91uitvku2u1mhgvzgrov                                                 : loaded 2 times (x 179B)
Class org.jetbrains.kotlin.statistics.metrics.OverrideMetricContainer                 : loaded 2 times (x 79B)
Class org.jetbrains.kotlin.gradle.plugin.diagnostics.UsesKotlinToolingDiagnosticsParameters: loaded 2 times (x 69B)
Class com.android.ide.common.rendering.api.StyleResourceValue                         : loaded 2 times (x 69B)
Class [Lcom.android.ide.common.gradle.Separator;                                      : loaded 2 times (x 68B)
Class org.jetbrains.kotlin.gradle.plugin.internal.DefaultCompatibilityConventionRegistrar: loaded 2 times (x 73B)
Class org.codehaus.groovy.ast.PackageNode                                             : loaded 2 times (x 122B)
Class kotlin.reflect.full.IllegalPropertyDelegateAccessException                      : loaded 2 times (x 81B)
Class [Lkotlin.reflect.KClassifier;                                                   : loaded 2 times (x 68B)
Class com.google.protobuf.GeneratedMessageV3$1                                        : loaded 2 times (x 77B)
Class kotlin.coroutines.CoroutineContext                                              : loaded 2 times (x 69B)
Class org.jetbrains.kotlin.gradle.plugin.mpp.KotlinUsageContext$MavenScope            : loaded 2 times (x 78B)
Class org.jetbrains.kotlin.gradle.tasks.KotlinCompile$disableMultiModuleIC$2$1        : loaded 2 times (x 74B)
Class org.jetbrains.kotlin.gradle.tasks.KotlinCompile$defaultKotlinJavaToolchain$1    : loaded 2 times (x 78B)
Class [Lkotlin.reflect.KClass;                                                        : loaded 2 times (x 68B)
Class org.jetbrains.kotlin.gradle.utils.ConfigurationsKt$createResolvable$1           : loaded 2 times (x 77B)
Class org.jetbrains.kotlin.gradle.plugin.statistics.KotlinBuildStatsServicesRegistry$Companion: loaded 2 times (x 70B)
Class kotlin.jvm.internal.Reflection                                                  : loaded 2 times (x 70B)
Class org.jetbrains.kotlin.gradle.plugin.KotlinProjectSetupAction$Companion           : loaded 2 times (x 70B)
Class org.codehaus.groovy.reflection.stdclasses.CachedSAMClass                        : loaded 2 times (x 94B)
Class org.jetbrains.kotlin.cli.common.messages.MessageCollector$Companion$NONE$1      : loaded 2 times (x 75B)
Class build_bra2k47db8hxgotmple1u6nta                                                 : loaded 2 times (x 179B)
Class org.jetbrains.kotlin.gradle.plugin.mpp.compilationImpl.DefaultKotlinCompilationSourceSetsContainer$source$1: loaded 2 times (x 78B)
Class org.jetbrains.kotlin.gradle.plugin.sources.FragmentConsistencyChecks$optInAnnotationsCheck$1: loaded 2 times (x 78B)
Class org.jetbrains.kotlin.gradle.plugin.KotlinCompilation                            : loaded 2 times (x 69B)
Class org.jetbrains.kotlin.gradle.plugin.statistics.FusUtilKt                         : loaded 2 times (x 70B)
Class org.gradle.internal.IoActions                                                   : loaded 2 times (x 70B)
Class org.jetbrains.kotlin.gradle.plugin.sources.FragmentConsistencyChecks$optInAnnotationsCheck$2: loaded 2 times (x 77B)
Class org.jetbrains.kotlin.gradle.plugin.diagnostics.checkers.KotlinTargetAlreadyDeclaredChecker: loaded 2 times (x 73B)
Class com.google.common.collect.MapMakerInternalMap$StrongKeyDummyValueEntry$Helper   : loaded 2 times (x 78B)
Class org.jetbrains.kotlin.gradle.dsl.KotlinCompile                                   : loaded 2 times (x 69B)
Class org.jetbrains.kotlin.gradle.artifacts.KotlinNativeHostSpecificMetadataArtifactKt: loaded 2 times (x 70B)
Class org.codehaus.groovy.ast.expr.TernaryExpression                                  : loaded 2 times (x 129B)
Class com.google.common.collect.AllEqualOrdering                                      : loaded 2 times (x 113B)
Class org.jetbrains.kotlin.gradle.plugin.diagnostics.KotlinToolingDiagnosticsCollector$Parameter$Inject: loaded 2 times (x 105B)
Class org.jetbrains.kotlin.gradle.plugin.mpp.apple.swiftexport.internal.SwiftExportInitKt$maybeCreateSwiftExportClasspathDependenciesConfiguration$1$1: loaded 2 times (x 74B)
Class com.google.protobuf.UnsafeUtil$JvmMemoryAccessor                                : loaded 2 times (x 90B)
Class org.codehaus.groovy.ast.tools.GeneralUtils                                      : loaded 2 times (x 70B)
Class kotlin.text.MatchResult$Destructured                                            : loaded 2 times (x 71B)
Class kotlin.text.MatchResult$DefaultImpls                                            : loaded 2 times (x 70B)
Class org.jetbrains.kotlin.gradle.targets.native.toolchain.KotlinNativeBundleBuildService$Companion$registerIfAbsent$2$1$1: loaded 2 times (x 74B)
Class org.jetbrains.kotlin.gradle.plugin.VariantImplementationFactories$Companion$getProvider$1: loaded 2 times (x 74B)
Class com.android.tools.lint.model.PathVariables$Companion                            : loaded 2 times (x 70B)
Class com.google.common.collect.ComparatorOrdering                                    : loaded 2 times (x 114B)
Class org.jetbrains.kotlin.gradle.plugin.mpp.apple.swiftexport.internal.SwiftExportInitKt: loaded 2 times (x 70B)
Class com.android.resources.ResourceFolderType                                        : loaded 2 times (x 78B)
Class org.jetbrains.kotlin.gradle.plugin.diagnostics.ToolingDiagnosticRenderingOptionsKt$isAttachedToTerminal$1: loaded 2 times (x 73B)
Class org.jetbrains.kotlin.gradle.plugin.mpp.DecoratedKotlinCompilation               : loaded 2 times (x 190B)
Class [Lorg.jetbrains.kotlin.build.report.metrics.BuildTime;                          : loaded 2 times (x 68B)
Class org.jetbrains.kotlin.gradle.targets.js.ir.KotlinJsIrTarget                      : loaded 2 times (x 253B)
Class org.jetbrains.kotlin.gradle.plugin.diagnostics.ToolingDiagnosticRenderingOptionsKt$isAttachedToTerminal$2: loaded 2 times (x 73B)
Class org.jetbrains.kotlin.statistics.metrics.BooleanOverridePolicy$OR                : loaded 2 times (x 84B)
Class kotlin.collections.ArrayDeque                                                   : loaded 2 times (x 168B)
Class org.jetbrains.kotlin.gradle.plugin.mpp.compilationImpl.DefaultKotlinCompilationSourceSetsContainer$allKotlinSourceSetsImpl$1$1: loaded 2 times (x 79B)
Class org.jetbrains.kotlin.gradle.plugin.diagnostics.checkers.DeprecatedKotlinNativeTargetsChecker: loaded 2 times (x 73B)
Class org.jetbrains.kotlin.gradle.artifacts.KotlinTargetArtifact                      : loaded 2 times (x 69B)
Class groovy.lang.GroovyInterceptable                                                 : loaded 2 times (x 69B)
Class com.android.sdklib.IAndroidTarget                                               : loaded 2 times (x 69B)
Class kotlin.reflect.jvm.internal.impl.builtins.functions.FunctionTypeKind$KFunction  : loaded 2 times (x 71B)
Class org.jetbrains.kotlin.gradle.internal.transforms.BuildToolsApiClasspathEntrySnapshotTransform$Parameters_Decorated: loaded 2 times (x 156B)
Class com.google.common.cache.ReferenceEntry                                          : loaded 2 times (x 69B)
Class org.jetbrains.kotlin.gradle.plugin.diagnostics.checkers.JsLikeEnvironmentChecker$runChecks$1: loaded 2 times (x 87B)
Class kotlin.reflect.jvm.internal.impl.name.FqName                                    : loaded 2 times (x 71B)
Class [Lorg.jetbrains.kotlin.statistics.metrics.BooleanOverridePolicy;                : loaded 2 times (x 68B)
Class kotlin.jvm.internal.PropertyReference1Impl                                      : loaded 2 times (x 126B)
Class kotlin.sequences.SequencesKt                                                    : loaded 2 times (x 70B)
Class [Lcom.google.common.base.Function;                                              : loaded 2 times (x 68B)
Class com.google.common.collect.LexicographicalOrdering                               : loaded 2 times (x 114B)
Class com.google.common.collect.ImmutableSortedMap$Builder                            : loaded 2 times (x 89B)
Class org.jetbrains.kotlin.gradle.plugin.cocoapods.KotlinCocoapodsPlugin              : loaded 2 times (x 75B)
Class org.codehaus.groovy.reflection.GroovyClassValue$ComputeValue                    : loaded 2 times (x 69B)
Class kotlin.io.TextStreamsKt                                                         : loaded 2 times (x 70B)
Class org.jetbrains.kotlin.gradle.internal.report.BuildScanApi                        : loaded 2 times (x 69B)
Class kotlin.collections.EmptyIterator                                                : loaded 2 times (x 88B)
Class org.jetbrains.kotlin.gradle.plugin.diagnostics.checkers.KotlinSourceSetTreeDependsOnMismatchChecker$runChecks$1: loaded 2 times (x 87B)
Class [Lorg.jetbrains.kotlin.statistics.metrics.IMetricContainerFactory;              : loaded 2 times (x 68B)
Class org.codehaus.groovy.reflection.stdclasses.BooleanCachedClass                    : loaded 2 times (x 94B)
Class org.jetbrains.kotlin.gradle.plugin.sources.DefaultLanguageSettingsBuilder$freeCompilerArgsProvider$1: loaded 2 times (x 94B)
Class org.jetbrains.kotlin.gradle.plugin.diagnostics.KotlinToolingDiagnosticsCollectorKt$kotlinToolingDiagnosticsCollectorProvider$1: loaded 2 times (x 74B)
Class org.jetbrains.kotlin.gradle.plugin.VariantImplementationFactories$Parameters$Inject: loaded 2 times (x 105B)
Class groovy.lang.ReadOnlyPropertyException                                           : loaded 2 times (x 88B)
Class com.android.resources.WideGamutColor                                            : loaded 2 times (x 85B)
Class org.jetbrains.kotlin.gradle.internal.Kapt3GradleSubplugin$Kapt3SubpluginContext : loaded 2 times (x 71B)
Class org.jetbrains.kotlin.gradle.internal.properties.NativePropertiesKt              : loaded 2 times (x 70B)
Class org.jetbrains.kotlin.gradle.targets.CreateNonPackedKlibVariantsSideEffectKt     : loaded 2 times (x 70B)
Class org.jetbrains.kotlin.gradle.utils.GradleAttributesContainerUtilsKt$copyAttributeTo$1: loaded 2 times (x 78B)
Class [Lorg.jetbrains.kotlin.build.report.metrics.ValueType;                          : loaded 2 times (x 68B)
Class [Lgroovyjarjarasm.asm.SymbolTable$Entry;                                        : loaded 2 times (x 68B)
Class com.android.ide.common.resources.configuration.LocaleQualifier                  : loaded 2 times (x 88B)
Class kotlin.jvm.internal.FunctionReferenceImpl                                       : loaded 2 times (x 121B)
Class org.jetbrains.kotlin.gradle.utils.FutureImpl                                    : loaded 2 times (x 79B)
Class kotlin.comparisons.ComparisonsKt___ComparisonsJvmKt                             : loaded 2 times (x 70B)
Class com.google.common.collect.ImmutableMultimap$Builder                             : loaded 2 times (x 85B)
Class org.codehaus.groovy.reflection.AccessPermissionChecker                          : loaded 2 times (x 70B)
Class org.codehaus.groovy.runtime.metaclass.MissingMethodExecutionFailed              : loaded 2 times (x 91B)
Class org.jetbrains.kotlin.konan.target.UtilsKt                                       : loaded 2 times (x 70B)
Class org.jetbrains.kotlin.statistics.metrics.NumberAnonymizationPolicy$RANDOM_10_PERCENT: loaded 2 times (x 84B)
Class org.jetbrains.kotlin.gradle.plugin.KotlinPluginLifecycleKt$kotlinPluginLifecycle$2: loaded 2 times (x 77B)
Class com.google.protobuf.ExtensionRegistry                                           : loaded 2 times (x 86B)
Class com.android.ide.common.gradle.DEV                                               : loaded 2 times (x 76B)
Class org.jetbrains.kotlin.gradle.plugin.diagnostics.checkers.OverriddenKotlinNativeHomeChecker$allKonanMainSubdirectoriesExist$1: loaded 2 times (x 74B)
Class com.android.resources.ScreenSize                                                : loaded 2 times (x 85B)
Class com.android.tools.lint.model.DefaultLintModelSourceProvider                     : loaded 2 times (x 83B)
Class com.android.sdklib.AndroidApiLevel                                              : loaded 2 times (x 73B)
Class org.jetbrains.kotlin.compilerRunner.KotlinCompilerArgumentsLogLevel             : loaded 2 times (x 78B)
Class org.jetbrains.kotlin.gradle.targets.native.internal.CInteropConfigurationsKt    : loaded 2 times (x 70B)
Class org.jetbrains.kotlin.build.report.metrics.GradleBuildTime$Companion             : loaded 2 times (x 70B)
Class com.android.prefs.AbstractAndroidLocations$Companion                            : loaded 2 times (x 70B)
Class com.google.common.collect.Tables                                                : loaded 2 times (x 70B)
Class org.codehaus.groovy.runtime.callsite.ClassMetaClassGetPropertySite              : loaded 2 times (x 145B)
Class kotlin.internal.jdk7.JDK7PlatformImplementations                                : loaded 2 times (x 75B)
Class [Lorg.apache.commons.io.StandardLineSeparator;                                  : loaded 2 times (x 68B)
Class org.jetbrains.kotlin.gradle.targets.native.KonanPropertiesBuildService$Parameters_Decorated: loaded 2 times (x 133B)
Class org.jetbrains.kotlin.gradle.plugin.BuildEventsListenerRegistryHolder            : loaded 2 times (x 71B)
Class org.codehaus.groovy.ast.expr.BinaryExpression                                   : loaded 2 times (x 133B)
Class groovy.lang.MetaMethod                                                          : loaded 2 times (x 95B)
Class org.jetbrains.kotlin.gradle.plugin.diagnostics.KotlinToolingDiagnosticsCollector$Parameter_Decorated: loaded 2 times (x 133B)
Class kotlin.reflect.KType                                                            : loaded 2 times (x 69B)
Class org.jetbrains.kotlin.gradle.tasks.TasksProviderKt$sam$org_gradle_api_Action$0   : loaded 2 times (x 74B)
Class org.gradle.api.internal.classpath.EffectiveClassPath                            : loaded 2 times (x 89B)
Class kotlin.time.Duration                                                            : loaded 2 times (x 73B)
Class groovy.lang.Tuple                                                               : loaded 2 times (x 167B)
Class org.codehaus.groovy.runtime.dgmimpl.arrays.ObjectArrayPutAtMetaMethod           : loaded 2 times (x 96B)
Class org.apache.commons.io.StandardLineSeparator                                     : loaded 2 times (x 78B)
Class org.apache.commons.io.output.AppendableWriter                                   : loaded 2 times (x 99B)
Class org.jetbrains.kotlin.gradle.tasks.DefaultKotlinJavaToolchain$DefaultJavaToolchainSetter: loaded 2 times (x 74B)
Class build_b6od53d3lxqiy7ioifuzvicfk$_run_closure1                                   : loaded 2 times (x 138B)
Class org.jetbrains.kotlin.gradle.plugin.KotlinJvmFactory                             : loaded 2 times (x 69B)
Class org.jetbrains.kotlin.gradle.tasks.configuration.AbstractKotlinCompileConfig$getClasspathSnapshotDir$1: loaded 2 times (x 73B)
Class org.jetbrains.kotlin.konan.target.HostManager$Companion$targetAliases$2         : loaded 2 times (x 77B)
Class org.jetbrains.kotlin.gradle.internal.properties.PropertiesBuildServiceKt        : loaded 2 times (x 70B)
Class org.jetbrains.kotlin.gradle.plugin.internal.DefaultConfigurationCacheStartParameterAccessor: loaded 2 times (x 76B)
Class org.codehaus.groovy.reflection.GeneratedMetaMethod$DgmMethodRecord              : loaded 2 times (x 71B)
Class com.android.utils.StdLogger                                                     : loaded 2 times (x 85B)
Class kotlin.jvm.internal.DefaultConstructorMarker                                    : loaded 2 times (x 70B)
Class org.jetbrains.kotlin.gradle.targets.js.npm.DefaultNpmDependencyExtension        : loaded 2 times (x 151B)
Class org.jetbrains.kotlin.gradle.targets.native.KonanPropertiesBuildService$Companion: loaded 2 times (x 70B)
Class jdk.internal.jimage.ImageReader$LinkNode                                        : loaded 2 times (x 83B)
Class kotlin.text.MatchGroupCollection                                                : loaded 2 times (x 69B)
Class [Lkotlin.reflect.jvm.internal.impl.builtins.jvm.JavaToKotlinClassMap$PlatformMutabilityMapping;: loaded 2 times (x 68B)
Class org.jetbrains.kotlin.gradle.tasks.KotlinCompile$scriptSources$1                 : loaded 2 times (x 74B)
Class org.jetbrains.kotlin.gradle.plugin.mpp.compilationImpl.KotlinCompilationProcessorSideEffectKt: loaded 2 times (x 70B)
Class org.jetbrains.kotlin.build.report.metrics.BuildPerformanceMetric                : loaded 2 times (x 69B)
Class com.google.common.cache.CacheLoader$FunctionToCacheLoader                       : loaded 2 times (x 74B)
Class com.google.common.cache.CacheBuilder$1                                          : loaded 2 times (x 84B)
Class org.jetbrains.kotlin.gradle.plugin.mpp.KotlinCompilationFactory$DefaultImpls    : loaded 2 times (x 70B)
Class org.jetbrains.kotlin.statistics.metrics.BooleanMetrics$Companion                : loaded 2 times (x 70B)
Class com.google.common.cache.CacheBuilder$2                                          : loaded 2 times (x 78B)
Class com.android.ide.common.resources.configuration.GrammaticalGenderQualifier       : loaded 2 times (x 90B)
Class [Lcom.google.gson.Strictness;                                                   : loaded 2 times (x 68B)
Class com.google.common.cache.CacheBuilder$3                                          : loaded 2 times (x 71B)
Class org.codehaus.groovy.util.URLStreams                                             : loaded 2 times (x 70B)
Class groovy.lang.MetaClassRegistry                                                   : loaded 2 times (x 69B)
Class org.jetbrains.kotlin.gradle.plugin.statistics.NonSynchronizedMetricsContainer$MetricDescriptor: loaded 2 times (x 74B)
Class com.google.common.io.CharStreams                                                : loaded 2 times (x 70B)
Class org.jetbrains.kotlin.gradle.utils.GradleAttributesContainerUtilsKt              : loaded 2 times (x 70B)
Class org.jetbrains.kotlin.gradle.targets.js.dsl.KotlinWasmJsTargetDsl                : loaded 2 times (x 69B)
Class org.codehaus.groovy.runtime.dgmimpl.arrays.ShortArrayPutAtMetaMethod            : loaded 2 times (x 96B)
Class org.codehaus.groovy.reflection.ClassInfo$LazyCachedClassRef                     : loaded 2 times (x 81B)
Class androidx.startup.lint.InitializerConstructorDetector                            : loaded 2 times (x 169B)
Class org.apache.groovy.util.SystemUtil                                               : loaded 2 times (x 70B)
Class kotlin.reflect.jvm.internal.KClassImpl                                          : loaded 2 times (x 114B)
Class com.google.common.base.Predicates$CompositionPredicate                          : loaded 2 times (x 87B)
Class org.jetbrains.kotlin.gradle.tasks.KotlinCompile$disableMultiModuleIC$2          : loaded 2 times (x 78B)
Class org.jetbrains.kotlin.gradle.tasks.DefaultKotlinJavaToolchain$currentJvmJdkToolsJar$1: loaded 2 times (x 73B)
Class [Lcom.google.common.cache.RemovalListener;                                      : loaded 2 times (x 68B)
Class org.jetbrains.kotlin.gradle.plugin.KotlinTargetConfiguratorKt$WhenMappings      : loaded 2 times (x 70B)
Class com.google.common.collect.Interners                                             : loaded 2 times (x 70B)
Class org.jetbrains.kotlin.gradle.incremental.IncrementalModuleInfoProvider           : loaded 2 times (x 69B)
Class com.google.protobuf.FieldSet$FieldDescriptorLite                                : loaded 2 times (x 69B)
Class org.codehaus.groovy.runtime.DefaultGroovyMethodsSupport                         : loaded 2 times (x 70B)
Class [Lkotlin.reflect.KDeclarationContainer;                                         : loaded 2 times (x 68B)
Class kotlin.reflect.jvm.internal.KProperty1Impl                                      : loaded 2 times (x 127B)
Class kotlin.LazyKt__LazyJVMKt$WhenMappings                                           : loaded 2 times (x 70B)
Class org.jetbrains.kotlin.gradle.tasks.publishing.HelpersKt$addPomValidationHelpers$1: loaded 2 times (x 74B)
Class org.jetbrains.kotlin.cli.common.messages.GradleStyleMessageRenderer             : loaded 2 times (x 77B)
Class org.jetbrains.kotlin.gradle.internal.properties.PropertiesBuildService$property$1$valueFromGradleAndLocalProperties$1: loaded 2 times (x 74B)
Class kotlin.jvm.internal.ClassBasedDeclarationContainer                              : loaded 2 times (x 69B)
Class org.codehaus.groovy.runtime.dgmimpl.arrays.IntegerArrayGetAtMetaMethod          : loaded 2 times (x 96B)
Class Native_plugin_loader_gradle$NativePluginLoader$Companion                        : loaded 2 times (x 70B)
Class org.jetbrains.kotlin.build.report.metrics.BuildTimes$Companion                  : loaded 2 times (x 70B)
Class org.jetbrains.kotlin.gradle.plugin.mpp.KotlinCompilationsKt                     : loaded 2 times (x 70B)
Class org.gradle.internal.installation.CurrentGradleInstallation                      : loaded 2 times (x 72B)
Class org.jetbrains.kotlin.gradle.plugin.sources.FragmentConsistencyChecks$languageVersionCheck$1: loaded 2 times (x 78B)
Class kotlin.Metadata                                                                 : loaded 2 times (x 69B)
Class [Lorg.jetbrains.kotlin.konan.target.Architecture;                               : loaded 2 times (x 68B)
Class org.jetbrains.kotlin.gradle.plugin.sources.FragmentConsistencyChecks$languageVersionCheck$2: loaded 2 times (x 77B)
Class org.jetbrains.kotlin.gradle.internal.diagnostics.GradleCompatibilityCheck$DefaultCurrentGradleVersionProvider: loaded 2 times (x 73B)
Class org.gradle.internal.installation.CurrentGradleInstallationLocator               : loaded 2 times (x 70B)
Class kotlin.collections.CollectionsKt__IteratorsJVMKt                                : loaded 2 times (x 70B)
Class [Lcom.google.common.cache.LocalCache$Segment;                                   : loaded 2 times (x 68B)
Class org.gradle.api.internal.classpath.Module                                        : loaded 2 times (x 69B)
Class com.android.ide.common.resources.configuration.EnumBasedResourceQualifier       : loaded 2 times (x 88B)
Class com.android.resources.LayoutDirection                                           : loaded 2 times (x 85B)
Class com.android.tools.lint.model.LintModelSerialization$LintModelSerializationFileAdapter: loaded 2 times (x 88B)
Class org.jetbrains.kotlin.gradle.plugin.KotlinGradlePluginExtensionPointInternal$registeredExtensions$2: loaded 2 times (x 77B)
Class com.google.protobuf.Internal$IntList                                            : loaded 2 times (x 69B)
Class com.google.common.collect.Multimaps$CustomSetMultimap                           : loaded 2 times (x 177B)
Class org.jetbrains.kotlin.gradle.plugin.abi.AbiValidationTaskSet                     : loaded 2 times (x 71B)
Class org.codehaus.groovy.runtime.GeneratedClosure                                    : loaded 2 times (x 69B)
Class com.android.tools.lint.model.DefaultLintModelAndroidLibrary                     : loaded 2 times (x 110B)
Class kotlin.reflect.KProperty                                                        : loaded 2 times (x 69B)
Class kotlin.sequences.FilteringSequence                                              : loaded 2 times (x 74B)
Class com.android.tools.lint.model.DefaultLintModelJavaLibrary                        : loaded 2 times (x 102B)
Class kotlin.annotation.Target                                                        : loaded 2 times (x 69B)
Class com.google.common.base.Splitter$1$1                                             : loaded 2 times (x 85B)
Class org.jetbrains.kotlin.gradle.plugin.KotlinProjectSetupActionKt                   : loaded 2 times (x 70B)
Class org.jetbrains.kotlin.gradle.plugin.mpp.KotlinTargetSoftwareComponent            : loaded 2 times (x 88B)
Class org.jetbrains.kotlin.gradle.tasks.FailedCompilationException                    : loaded 2 times (x 81B)
Class [Lorg.codehaus.groovy.reflection.CachedMethod;                                  : loaded 2 times (x 68B)
Class groovy.lang.groovydoc.Groovydoc                                                 : loaded 2 times (x 75B)
Class kotlin.sequences.DistinctSequence                                               : loaded 2 times (x 74B)
Class groovy.lang.Tuple10                                                             : loaded 2 times (x 167B)
Class org.jetbrains.kotlin.gradle.tasks.KotlinCompile$androidLayoutResources$1        : loaded 2 times (x 73B)
Class org.jetbrains.kotlin.gradle.plugin.mpp.compilationImpl.KotlinCompilationSourceSetsContainerKt: loaded 2 times (x 70B)
Class org.jetbrains.kotlin.gradle.internal.ClassLoadersCachingBuildService$Companion$registerIfAbsent$2$1: loaded 2 times (x 78B)
Class org.jetbrains.kotlin.gradle.report.BuildReportMode                              : loaded 2 times (x 78B)
Class groovy.lang.Tuple11                                                             : loaded 2 times (x 167B)
Class org.codehaus.groovy.runtime.IOGroovyMethods                                     : loaded 2 times (x 70B)
Class groovy.lang.Tuple12                                                             : loaded 2 times (x 167B)
Class kotlin.reflect.jvm.internal.impl.descriptors.runtime.structure.ReflectClassUtilKt: loaded 2 times (x 70B)
Class kotlin.jvm.internal.MutablePropertyReference0                                   : loaded 2 times (x 136B)
Class kotlin.sequences.SequencesKt__SequencesKt                                       : loaded 2 times (x 70B)
Class org.jetbrains.kotlin.gradle.plugin.StatisticsBuildFlowManager$subscribeForBuildResultAndConfigurationTimeMetrics$1: loaded 2 times (x 74B)
Class groovy.lang.Tuple13                                                             : loaded 2 times (x 167B)
Class kotlin.jvm.internal.MutablePropertyReference1                                   : loaded 2 times (x 136B)
Class kotlin.LazyKt                                                                   : loaded 2 times (x 70B)
Class kotlin.sequences.SequencesKt__SequencesJVMKt                                    : loaded 2 times (x 70B)
Class groovy.lang.Tuple14                                                             : loaded 2 times (x 167B)
Class org.codehaus.groovy.util.LazyReference                                          : loaded 2 times (x 80B)
Class kotlin.jvm.internal.MutablePropertyReference2                                   : loaded 2 times (x 136B)
Class org.jetbrains.kotlin.gradle.tasks.publishing.UploadPgpKeyTask                   : loaded 2 times (x 316B)
Class groovy.lang.Tuple15                                                             : loaded 2 times (x 167B)
Class org.jetbrains.kotlin.gradle.plugin.diagnostics.KotlinToolingDiagnosticsCollector$Inject: loaded 2 times (x 95B)
Class groovy.lang.Tuple16                                                             : loaded 2 times (x 167B)
Class com.google.common.reflect.Types$TypeVariableInvocationHandler                   : loaded 2 times (x 74B)
Class org.jetbrains.kotlin.build.report.metrics.GcMetrics                             : loaded 2 times (x 71B)
Class org.jetbrains.kotlin.gradle.plugin.KotlinPluginLifecycleImpl$launch$1           : loaded 2 times (x 78B)
Class it.unimi.dsi.fastutil.ints.IntOpenHashSet                                       : loaded 2 times (x 238B)
Class kotlin.reflect.jvm.internal.KClassImpl$Data$$Lambda$0                           : loaded 2 times (x 75B)
Class org.jetbrains.kotlin.gradle.plugin.statistics.BuildFinishMetrics                : loaded 2 times (x 70B)
Class com.google.common.reflect.Types$ClassOwnership                                  : loaded 2 times (x 79B)
Class org.jetbrains.kotlin.gradle.plugin.diagnostics.KotlinToolingDiagnosticsCollector$Parameter: loaded 2 times (x 69B)
Class com.android.tools.analytics.AnalyticsPaths                                      : loaded 2 times (x 70B)
Class kotlin.reflect.jvm.internal.KClassImpl$Data$$Lambda$1                           : loaded 2 times (x 75B)
Class org.jetbrains.kotlin.gradle.utils.CompilerOptionsKt                             : loaded 2 times (x 70B)
Class org.jetbrains.kotlin.gradle.plugin.statistics.FlowActionBuildFusService         : loaded 2 times (x 83B)
Class kotlin.collections.builders.ListBuilder$Itr                                     : loaded 2 times (x 93B)
Class kotlin.reflect.jvm.internal.KClassImpl$Data$$Lambda$2                           : loaded 2 times (x 75B)
Class org.codehaus.groovy.runtime.DefaultCachedMethodKey                              : loaded 2 times (x 78B)
Class kotlin.reflect.jvm.internal.KClassImpl$Data$$Lambda$3                           : loaded 2 times (x 75B)
Class org.jetbrains.kotlin.build.report.metrics.ValueType                             : loaded 2 times (x 78B)
Class org.jetbrains.kotlin.gradle.plugin.PropertiesProvider$kotlinExperimentalTryNext$1: loaded 2 times (x 74B)
Class [Lcom.android.ide.common.resources.DataFile$FileType;                           : loaded 2 times (x 68B)
Class kotlin.reflect.jvm.internal.KClassImpl$Data$$Lambda$4                           : loaded 2 times (x 75B)
Class build_2oxvnf7ia8644kjcvqhcscl0w                                                 : loaded 2 times (x 180B)
Class [Lorg.objectweb.asm.AnnotationWriter;                                           : loaded 2 times (x 68B)
Class com.android.ide.common.rendering.api.ArrayResourceValue                         : loaded 2 times (x 69B)
Class kotlin.reflect.jvm.internal.KClassImpl$Data$$Lambda$5                           : loaded 2 times (x 75B)
Class org.gradle.internal.service.CachingServiceLocator                               : loaded 2 times (x 81B)
Class kotlin.sequences.GeneratorSequence$iterator$1                                   : loaded 2 times (x 78B)
Class kotlin.reflect.jvm.internal.KClassImpl$Data$$Lambda$6                           : loaded 2 times (x 75B)
Class kotlin.time.DurationUnitKt                                                      : loaded 2 times (x 70B)
Class kotlin.reflect.jvm.internal.KClassImpl$Data$$Lambda$7                           : loaded 2 times (x 75B)
Class kotlin.NoWhenBranchMatchedException                                             : loaded 2 times (x 81B)
Class [Lorg.jetbrains.kotlin.gradle.plugin.KotlinPluginLifecycle$CoroutineStart;      : loaded 2 times (x 68B)
Class org.jetbrains.kotlin.konan.target.KonanTarget$Companion                         : loaded 2 times (x 70B)
Class org.jetbrains.kotlin.gradle.plugin.KotlinPlatformType$Companion                 : loaded 2 times (x 70B)
Class kotlin.reflect.jvm.internal.KClassImpl$Data$$Lambda$8                           : loaded 2 times (x 75B)
Class org.jetbrains.kotlin.gradle.fus.internal.SynchronizedConfigurationMetrics$add$1 : loaded 2 times (x 78B)
Class org.jetbrains.kotlin.gradle.plugin.AndroidGradlePluginVersion$Companion         : loaded 2 times (x 70B)
Class kotlin.reflect.jvm.internal.KClassImpl$Data$$Lambda$9                           : loaded 2 times (x 75B)
Class kotlin.reflect.jvm.internal.impl.name.StandardClassIds                          : loaded 2 times (x 70B)
Class org.jetbrains.kotlin.gradle.tooling.BuildKotlinToolingMetadataTaskKt            : loaded 2 times (x 70B)
Class org.jetbrains.kotlin.statistics.BuildSessionLogger                              : loaded 2 times (x 76B)
Class com.android.resources.GrammaticalGender                                         : loaded 2 times (x 85B)
Class com.android.ide.common.resources.configuration.ScreenOrientationQualifier       : loaded 2 times (x 89B)
Class com.android.tools.lint.model.LintModelModuleLibrary                             : loaded 2 times (x 69B)
Class org.jetbrains.kotlin.gradle.plugin.internal.CustomPropertiesFileValueSource     : loaded 2 times (x 81B)
Class org.jetbrains.kotlin.gradle.plugin.abi.AbiValidationActionKt                    : loaded 2 times (x 70B)
Class org.jetbrains.kotlin.statistics.metrics.BooleanOverridePolicy                   : loaded 2 times (x 84B)
Class kotlin.text.StringsKt__StringBuilderKt                                          : loaded 2 times (x 70B)
Class org.jetbrains.kotlin.gradle.plugin.KotlinBaseApiPlugin                          : loaded 2 times (x 117B)
Class org.codehaus.groovy.runtime.dgmimpl.arrays.BooleanArrayPutAtMetaMethod          : loaded 2 times (x 96B)
Class kotlin.sequences.FilteringSequence$iterator$1                                   : loaded 2 times (x 78B)
Class org.jetbrains.kotlin.gradle.plugin.mpp.compilationImpl.KotlinCreateSourcesJarTaskSideEffectKt$KotlinCreateSourcesJarTaskSideEffect$1: loaded 2 times (x 73B)
Class org.jetbrains.kotlin.gradle.internal.UsesClassLoadersCachingBuildService        : loaded 2 times (x 69B)
Class org.jetbrains.kotlin.gradle.plugin.VariantImplementationFactoriesConfigurator$Companion$getProvider$1: loaded 2 times (x 73B)
Class org.jetbrains.kotlin.gradle.plugin.PropertiesProvider$classLoaderCacheTimeoutInSeconds$1: loaded 2 times (x 74B)
Class kotlin.collections.MutableMapWithDefaultImpl                                    : loaded 2 times (x 143B)
Class com.google.common.collect.MapMakerInternalMap$WeakKeyStrongValueEntry$Helper    : loaded 2 times (x 78B)
Class com.android.utils.SdkUtils                                                      : loaded 2 times (x 70B)
Class com.google.common.collect.Sets$ImprovedAbstractSet                              : loaded 2 times (x 134B)
Class com.android.ide.common.resources.configuration.NavigationStateQualifier         : loaded 2 times (x 89B)
Class groovy.lang.MetaClassImpl$Index                                                 : loaded 2 times (x 87B)
Class com.android.tools.lint.model.LintModelArtifactType                              : loaded 2 times (x 78B)
Class com.android.SdkConstants                                                        : loaded 2 times (x 70B)
Class com.google.common.collect.AbstractMapBasedMultimap$AsMap                        : loaded 2 times (x 127B)
Class org.gradle.internal.classpath.DefaultClassPath                                  : loaded 2 times (x 89B)
Class com.google.common.collect.AbstractMultimap$Values                               : loaded 2 times (x 117B)
Class kotlin.reflect.jvm.internal.KDeclarationContainerImpl$Data                      : loaded 2 times (x 71B)
Class com.google.common.collect.AbstractSetMultimap                                   : loaded 2 times (x 173B)
Class org.jetbrains.kotlin.gradle.tasks.configuration.BaseKotlinCompileConfig$2$1$1$1 : loaded 2 times (x 73B)
Class org.jetbrains.kotlin.gradle.tasks.configuration.KaptGenerateStubsConfig         : loaded 2 times (x 71B)
Class org.jetbrains.kotlin.gradle.plugin.KotlinBasePlugin                             : loaded 2 times (x 69B)
Class org.codehaus.groovy.ast.CompileUnit$ConstructedOuterNestedClassNode             : loaded 2 times (x 244B)
Class groovy.lang.GroovyRuntimeException                                              : loaded 2 times (x 86B)
Class org.jetbrains.kotlin.gradle.tasks.configuration.BaseKotlinCompileConfig$2$1$1$2 : loaded 2 times (x 73B)
Class org.jetbrains.kotlin.statistics.metrics.BooleanMetrics                          : loaded 2 times (x 79B)
Class org.jetbrains.kotlin.gradle.plugin.diagnostics.checkers.WasmSourceSetsNotFoundChecker: loaded 2 times (x 73B)
Class org.jetbrains.kotlin.gradle.plugin.diagnostics.checkers.JsEnvironmentChecker$1  : loaded 2 times (x 77B)
Class com.google.common.collect.AbstractMapBasedMultimap$1                            : loaded 2 times (x 83B)
Class [Lcom.android.resources.ScreenSize;                                             : loaded 2 times (x 68B)
Class groovy.lang.Closure$1                                                           : loaded 2 times (x 132B)
Class kotlin.sequences.FlatteningSequence                                             : loaded 2 times (x 74B)
Class org.jetbrains.kotlin.gradle.plugin.mpp.KotlinCompilationsKt$moduleNameForCompilation$1: loaded 2 times (x 74B)
Class org.jetbrains.kotlin.gradle.plugin.diagnostics.checkers.JsEnvironmentChecker$2  : loaded 2 times (x 77B)
Class org.jetbrains.kotlin.gradle.plugin.KotlinGradlePluginExtensionPointInternal     : loaded 2 times (x 75B)
Class kotlin.reflect.jvm.internal.KProperty0Impl$$Lambda$0                            : loaded 2 times (x 75B)
Class kotlin.reflect.jvm.internal.ReflectProperties$LazySoftVal                       : loaded 2 times (x 77B)
Class com.google.common.collect.AbstractMapBasedMultimap$2                            : loaded 2 times (x 84B)
Class org.jetbrains.kotlin.gradle.plugin.mpp.KotlinNativeTarget                       : loaded 2 times (x 166B)
Class org.jetbrains.kotlin.gradle.plugin.diagnostics.checkers.JsEnvironmentChecker$3  : loaded 2 times (x 77B)
Class org.jetbrains.kotlin.gradle.plugin.KotlinGradleBuildServices$detectKotlinPluginLoadedInMultipleProjects$onRegister$1: loaded 2 times (x 78B)
Class groovy.lang.GroovyClassLoader$1                                                 : loaded 2 times (x 75B)
Class kotlin.reflect.jvm.internal.KProperty0Impl$$Lambda$1                            : loaded 2 times (x 75B)
Class kotlin.Result                                                                   : loaded 2 times (x 71B)
Class [Lorg.jetbrains.kotlin.compilerRunner.KotlinCompilerArgumentsLogLevel;          : loaded 2 times (x 68B)
Class com.android.tools.lint.model.DefaultLintModelAndroidArtifact                    : loaded 2 times (x 92B)
Class com.android.Version                                                             : loaded 2 times (x 70B)
Class org.codehaus.groovy.ast.expr.LambdaExpression                                   : loaded 2 times (x 134B)
Class kotlin.annotation.Retention                                                     : loaded 2 times (x 69B)
Class kotlin.io.path.PathsKt__PathUtilsKt                                             : loaded 2 times (x 70B)
Class org.jetbrains.kotlin.gradle.targets.js.dsl.KotlinTargetWithNodeJsDsl            : loaded 2 times (x 69B)
Class [Lorg.jetbrains.kotlin.gradle.report.BuildReportType;                           : loaded 2 times (x 68B)
Class kotlin.collections.CollectionsKt__CollectionsJVMKt                              : loaded 2 times (x 70B)
Class org.jetbrains.kotlin.gradle.fus.BuildUidService                                 : loaded 2 times (x 79B)
Class org.codehaus.groovy.runtime.metaclass.ThreadManagedMetaBeanProperty             : loaded 2 times (x 85B)
Class kotlin.sequences.SequencesKt___SequencesKt                                      : loaded 2 times (x 70B)
Class org.jetbrains.kotlin.gradle.internal.StdlibDependencyManagementKt               : loaded 2 times (x 70B)
Class org.jetbrains.kotlin.gradle.plugin.diagnostics.checkers.OverriddenKotlinNativeHomeChecker$allKonanMainSubdirectoriesExist$1$1: loaded 2 times (x 74B)
Class jdk.internal.jrtfs.ExplodedImage                                                : loaded 2 times (x 76B)
Class com.google.protobuf.ExtensionRegistryLite                                       : loaded 2 times (x 73B)
Class [Lcom.android.tools.lint.model.LintModelModuleType;                             : loaded 2 times (x 68B)
Class com.android.tools.lint.model.LintModelVariant                                   : loaded 2 times (x 69B)
Class com.google.protobuf.MessageLite$Builder                                         : loaded 2 times (x 69B)
Class kotlin.collections.builders.MapBuilder$Itr                                      : loaded 2 times (x 71B)
Class org.jetbrains.kotlin.gradle.plugin.internal.state.TaskExecutionResults          : loaded 2 times (x 70B)
Class org.jetbrains.kotlin.gradle.plugin.mpp.KotlinUsages$KotlinCinteropDisambiguation: loaded 2 times (x 75B)
Class org.jetbrains.kotlin.statistics.metrics.NumberOverridePolicy                    : loaded 2 times (x 84B)
Class com.android.ide.common.resources.configuration.TouchScreenQualifier             : loaded 2 times (x 89B)
Class kotlin.jvm.internal.Ref$BooleanRef                                              : loaded 2 times (x 70B)
Class org.jetbrains.kotlin.gradle.plugin.statistics.BuildFinishBuildService$Companion$registerIfAbsent$1$1: loaded 2 times (x 73B)
Class [Lorg.codehaus.groovy.runtime.callsite.CallSite;                                : loaded 2 times (x 68B)
Class com.android.resources.KeyboardState                                             : loaded 2 times (x 85B)
Class com.google.common.collect.MapMakerInternalMap$WeakKeyStrongValueEntry$LinkedWeakKeyStrongValueEntry: loaded 2 times (x 89B)
Class org.codehaus.groovy.reflection.stdclasses.CharacterCachedClass                  : loaded 2 times (x 94B)
Class org.jetbrains.kotlin.gradle.plugin.AbstractKotlinPlugin                         : loaded 2 times (x 77B)
Class org.jetbrains.kotlin.gradle.plugin.diagnostics.checkers.WasmWasiEnvironmentChecker: loaded 2 times (x 75B)
Class [Lcom.android.resources.TouchScreen;                                            : loaded 2 times (x 68B)
Class com.android.tools.lint.model.LintModelBuildFeatures                             : loaded 2 times (x 69B)
Class kotlin.sequences.FlatteningSequence$iterator$1                                  : loaded 2 times (x 78B)
Class kotlin.annotation.MustBeDocumented                                              : loaded 2 times (x 69B)
Class org.codehaus.groovy.runtime.metaclass.MetaMethodIndex$CacheEntry                : loaded 2 times (x 71B)
Class kotlin.reflect.jvm.internal.impl.utils.CollectionsKt                            : loaded 2 times (x 70B)
Class kotlin.collections.SetsKt__SetsJVMKt                                            : loaded 2 times (x 70B)
Class com.google.common.collect.ImmutableSortedMap$1EntrySet                          : loaded 2 times (x 154B)
Class org.jetbrains.kotlin.gradle.dsl.KotlinMultiplatformSourceSetConventions         : loaded 2 times (x 69B)
Class org.jetbrains.kotlin.gradle.plugin.statistics.BuildFinishFlowProviderManager    : loaded 2 times (x 71B)
Class it.unimi.dsi.fastutil.BidirectionalIterator                                     : loaded 2 times (x 69B)
Class kotlin.reflect.jvm.internal.KPropertyImpl                                       : loaded 2 times (x 114B)
Class kotlin.collections.MapsKt___MapsJvmKt                                           : loaded 2 times (x 70B)
Class org.jetbrains.kotlin.gradle.internal.abi.AbiValidationVariantSpecImpl           : loaded 2 times (x 85B)
Class com.android.resources.ResourceType$Kind                                         : loaded 2 times (x 78B)
Class org.jetbrains.kotlin.gradle.plugin.diagnostics.checkers.OverriddenKotlinNativeHomeChecker: loaded 2 times (x 73B)
Class org.jetbrains.kotlin.statistics.AnonymizerUtilsKt                               : loaded 2 times (x 70B)
Class org.jetbrains.kotlin.build.report.metrics.BuildAttributeKind                    : loaded 2 times (x 78B)
Class org.jetbrains.kotlin.gradle.plugin.diagnostics.DiagnosticGroup$Kgp$Misconfiguration: loaded 2 times (x 81B)
Class kotlin.annotation.AnnotationRetention                                           : loaded 2 times (x 78B)
Class [Lorg.jetbrains.kotlin.gradle.tasks.KotlinCompilerExecutionStrategy;            : loaded 2 times (x 68B)
Class org.jetbrains.kotlin.gradle.plugin.mpp.compilationImpl.KotlinCompilationSourceSetInclusion$DefaultAddSourcesToCompileTask: loaded 2 times (x 73B)
Class org.jetbrains.kotlin.gradle.targets.js.npm.DefaultDevNpmDependencyExtension     : loaded 2 times (x 144B)
Class org.jetbrains.kotlin.gradle.internal.IdeaKt$isInIdeaSync$1                      : loaded 2 times (x 73B)
Class kotlin.reflect.jvm.internal.impl.builtins.functions.FunctionTypeKind$KSuspendFunction: loaded 2 times (x 71B)
Class org.jetbrains.kotlin.gradle.plugin.mpp.KotlinOnlyTarget                         : loaded 2 times (x 152B)
Class com.android.ide.common.resources.configuration.ScreenRatioQualifier             : loaded 2 times (x 90B)
Class groovyjarjarasm.asm.ByteVector                                                  : loaded 2 times (x 78B)
Class com.android.ide.common.gradle.Version$Companion$ParseState$EMPTY                : loaded 2 times (x 73B)
Class org.jetbrains.kotlin.gradle.plugin.mpp.compilationImpl.KotlinCompilationFriendPathsResolver: loaded 2 times (x 69B)
Class groovy.lang.Writable                                                            : loaded 2 times (x 69B)
Class kotlin.reflect.jvm.internal.impl.name.ClassId$Companion                         : loaded 2 times (x 70B)
Class com.android.sdklib.AndroidVersion                                               : loaded 2 times (x 74B)
Class org.jetbrains.kotlin.gradle.dsl.KotlinJvmCompile                                : loaded 2 times (x 69B)
Class org.jetbrains.kotlin.gradle.plugin.sources.DefaultKotlinSourceSetKt$defaultSourceSetLanguageSettingsChecker$1: loaded 2 times (x 77B)
Class com.google.protobuf.CodedInputStream$ArrayDecoder                               : loaded 2 times (x 119B)
Class com.google.common.collect.ImmutableMultisetGwtSerializationDependencies         : loaded 2 times (x 124B)
Class org.jetbrains.kotlin.gradle.plugin.sources.DefaultKotlinSourceSetKt$defaultSourceSetLanguageSettingsChecker$2: loaded 2 times (x 77B)
Class org.jetbrains.kotlin.gradle.tasks.publishing.CheckSigningTask                   : loaded 2 times (x 335B)
Class org.jetbrains.kotlin.gradle.plugin.statistics.BuildFinishFlowProviderManager$Companion: loaded 2 times (x 70B)
Class [Lcom.android.resources.ScreenRatio;                                            : loaded 2 times (x 68B)
Class org.codehaus.groovy.control.MultipleCompilationErrorsException                  : loaded 2 times (x 89B)
Class kotlin.reflect.KTypeParameter                                                   : loaded 2 times (x 69B)
Class org.jetbrains.kotlin.statistics.metrics.StringAnonymizationPolicy$AllowedListAnonymizer$Companion: loaded 2 times (x 70B)
Class org.codehaus.groovy.classgen.BytecodeExpression                                 : loaded 2 times (x 127B)
Class kotlin.reflect.jvm.internal.ClassValueCache                                     : loaded 2 times (x 73B)
Class org.jetbrains.kotlin.gradle.plugin.statistics.BuildFinishMetrics$reportGlobalMetrics$1: loaded 2 times (x 78B)
Class com.google.common.reflect.TypeParameter                                         : loaded 2 times (x 71B)
Class androidx.startup.lint.EnsureInitializerMetadataDetector                         : loaded 2 times (x 179B)
Class org.codehaus.groovy.runtime.MethodClosure                                       : loaded 2 times (x 134B)
Class kotlin.enums.EnumEntriesList                                                    : loaded 2 times (x 184B)
Class com.google.common.collect.ImmutableListMultimap                                 : loaded 2 times (x 175B)
Class org.jetbrains.kotlin.gradle.plugin.mpp.KotlinTargetSoftwareComponentImpl        : loaded 2 times (x 89B)
Class com.google.common.cache.LocalCache$LocalManualCache$1                           : loaded 2 times (x 74B)
Class kotlin.ranges.IntProgressionIterator                                            : loaded 2 times (x 81B)
Class kotlin.reflect.jvm.internal.impl.builtins.jvm.JavaToKotlinClassMap              : loaded 2 times (x 70B)
Class org.jetbrains.kotlin.gradle.plugin.diagnostics.KotlinGradleProjectChecker       : loaded 2 times (x 69B)
Class [Lorg.jetbrains.kotlin.statistics.metrics.StringMetrics;                        : loaded 2 times (x 68B)
Class kotlin.jvm.JvmClassMappingKt                                                    : loaded 2 times (x 70B)
Class org.jetbrains.kotlin.gradle.plugin.diagnostics.IsAttachedToTerminalValueSource  : loaded 2 times (x 79B)
Class com.android.tools.lint.model.LintModelArtifact                                  : loaded 2 times (x 69B)
Class org.jetbrains.kotlin.gradle.tasks.configuration.AbstractKotlinCompileConfigKt   : loaded 2 times (x 70B)
Class [Lorg.jetbrains.kotlin.gradle.plugin.sources.ConsistencyCheck;                  : loaded 2 times (x 68B)
Class org.jetbrains.kotlin.gradle.plugin.KotlinSourceSet                              : loaded 2 times (x 69B)
Class org.jetbrains.kotlin.gradle.plugin.statistics.KotlinBuildStatisticsUtilsKt$collectGeneralConfigurationTimeMetrics$statisticOverhead$1$2: loaded 2 times (x 74B)
Class Build_gradle$4                                                                  : loaded 2 times (x 74B)
Class com.google.common.reflect.Types$ClassOwnership$1LocalClass                      : loaded 2 times (x 70B)
Class org.jetbrains.kotlin.gradle.plugin.ProjectLocalConfigurations$ProjectLocalCompatibility: loaded 2 times (x 75B)
Class [Lcom.android.prefs.VariableType;                                               : loaded 2 times (x 68B)
Class org.jetbrains.kotlin.konan.target.HostManager                                   : loaded 2 times (x 71B)
Class org.jetbrains.kotlin.gradle.targets.js.npm.NpmDirectoryDependencyWithExternalsExtension: loaded 2 times (x 69B)
Class org.jetbrains.kotlin.gradle.report.BuildMetricsService$Companion                : loaded 2 times (x 70B)
Class kotlin.jvm.functions.Function0                                                  : loaded 2 times (x 69B)
Class com.google.common.collect.Lists$RandomAccessReverseList                         : loaded 2 times (x 161B)
Class org.jetbrains.kotlin.gradle.plugin.KotlinGradlePluginExtensionPoint             : loaded 2 times (x 69B)
Class org.jetbrains.kotlin.gradle.plugin.StatisticsBuildFlowManager_Decorated         : loaded 2 times (x 118B)
Class kotlin.jvm.functions.Function1                                                  : loaded 2 times (x 69B)
Class [Lorg.jetbrains.kotlin.gradle.plugin.mpp.KotlinUsageContext$MavenScope;         : loaded 2 times (x 68B)
Class kotlin.jvm.functions.Function2                                                  : loaded 2 times (x 69B)
Class com.android.ide.common.resources.configuration.VersionQualifier$Companion       : loaded 2 times (x 70B)
Class org.codehaus.groovy.util.ReferenceManager                                       : loaded 2 times (x 75B)
Class kotlin.jvm.functions.Function3                                                  : loaded 2 times (x 69B)
Class [Lcom.google.common.collect.AbstractIterator$State;                             : loaded 2 times (x 68B)
Class org.objectweb.asm.SymbolTable$Entry                                             : loaded 2 times (x 73B)
Class [Lcom.google.common.cache.LocalCache$EntryFactory;                              : loaded 2 times (x 68B)
Class kotlin.jvm.functions.Function4                                                  : loaded 2 times (x 69B)
Class kotlin.sequences.ConstrainedOnceSequence                                        : loaded 2 times (x 74B)
Class [Lorg.jetbrains.kotlin.tooling.core.HasExtras;                                  : loaded 2 times (x 68B)
Class kotlin.jvm.functions.Function5                                                  : loaded 2 times (x 69B)
Class groovyjarjarasm.asm.Opcodes                                                     : loaded 2 times (x 69B)
Class kotlin.jvm.internal.PropertyReference0Impl                                      : loaded 2 times (x 126B)
Class kotlin.jvm.functions.Function6                                                  : loaded 2 times (x 69B)
Class org.jetbrains.kotlin.gradle.internal.abi.ConfigsKt$configureLegacyTasks$1       : loaded 2 times (x 74B)
Class org.jetbrains.kotlin.gradle.tasks.abi.KotlinLegacyAbiCheckTaskImpl              : loaded 2 times (x 329B)
Class org.jetbrains.kotlin.gradle.dsl.abi.AbiValidationExtension                      : loaded 2 times (x 69B)
Class org.jetbrains.kotlin.konan.target.KonanTarget$IOS_ARM64                         : loaded 2 times (x 77B)
Class org.jetbrains.kotlin.gradle.plugin.KotlinTarget                                 : loaded 2 times (x 69B)
Class kotlin.jvm.functions.Function7                                                  : loaded 2 times (x 69B)
Class org.jetbrains.kotlin.gradle.internal.abi.ConfigsKt$configureLegacyTasks$2       : loaded 2 times (x 74B)
Class org.jetbrains.kotlin.gradle.targets.js.npm.NpmDependencyExtensionKt             : loaded 2 times (x 70B)
Class groovyjarjarasm.asm.MethodTooLargeException                                     : loaded 2 times (x 82B)
Class org.codehaus.groovy.util.ReferenceManager$CallBackedManager                     : loaded 2 times (x 75B)
Class kotlin.jvm.functions.Function8                                                  : loaded 2 times (x 69B)
Class org.jetbrains.kotlin.gradle.tasks.KotlinCompilerPluginData$InputsOutputsState   : loaded 2 times (x 71B)
Class com.google.protobuf.UnsafeUtil$Android64MemoryAccessor                          : loaded 2 times (x 90B)
Class kotlin.jvm.functions.Function9                                                  : loaded 2 times (x 69B)
Class org.jetbrains.kotlin.konan.target.KonanTarget$ANDROID_ARM32                     : loaded 2 times (x 77B)
Class org.jetbrains.kotlin.konan.target.KonanTarget$LINUX_X64                         : loaded 2 times (x 77B)
Class com.google.common.collect.Maps$AbstractFilteredMap                              : loaded 2 times (x 126B)
Class org.jetbrains.kotlin.gradle.plugin.diagnostics.DefaultProblemsReporter          : loaded 2 times (x 75B)
Class com.google.common.base.Suppliers$NonSerializableMemoizingSupplier               : loaded 2 times (x 78B)
Class org.jetbrains.kotlin.gradle.plugin.diagnostics.checkers.PreHmppDependenciesUsageChecker: loaded 2 times (x 73B)
Class org.codehaus.groovy.vmplugin.v9.ClassFinder                                     : loaded 2 times (x 70B)
Class org.codehaus.groovy.ast.stmt.IfStatement                                        : loaded 2 times (x 115B)
Class org.jetbrains.kotlin.gradle.plugin.mpp.InternalKotlinTargetKt$isSourcesPublishableFuture$2: loaded 2 times (x 94B)
Class org.codehaus.groovy.control.CompilationUnit$PhaseOperation                      : loaded 2 times (x 69B)
Class org.jetbrains.kotlin.gradle.plugin.KotlinCompilationInfoKt                      : loaded 2 times (x 70B)
Class com.android.prefs.PathLocator$WhenMappings                                      : loaded 2 times (x 70B)
Class org.jetbrains.kotlin.gradle.plugin.statistics.KotlinBuildStatsLoggerService$reportBuildFinished$1: loaded 2 times (x 78B)
Class org.jetbrains.kotlin.gradle.dsl.KotlinPublishingDsl                             : loaded 2 times (x 69B)
Class com.google.protobuf.Reader                                                      : loaded 2 times (x 69B)
Class [Lcom.google.common.base.Supplier;                                              : loaded 2 times (x 68B)
Class org.jetbrains.kotlin.gradle.plugin.KotlinGradleFinishBuildHandler$Companion     : loaded 2 times (x 70B)
Class org.jetbrains.kotlin.gradle.plugin.statistics.SynchronizedMetricsContainer      : loaded 2 times (x 81B)
Class org.jetbrains.kotlin.gradle.artifacts.KotlinJsKlibArtifactKt$KotlinJsKlibArtifact$1: loaded 2 times (x 73B)
Class org.jetbrains.kotlin.gradle.plugin.KotlinTargetsContainer                       : loaded 2 times (x 69B)
Class org.jetbrains.kotlin.gradle.internal.IsInIdeaSyncValueSource$Inject             : loaded 2 times (x 108B)
Class org.codehaus.groovy.util.ManagedConcurrentMap$Entry                             : loaded 2 times (x 91B)
Class kotlin.reflect.jvm.internal.CachesKt                                            : loaded 2 times (x 70B)
Class org.jetbrains.kotlin.project.model.LanguageSettings                             : loaded 2 times (x 69B)
Class it.unimi.dsi.fastutil.ints.IntSpliterator                                       : loaded 2 times (x 69B)
Class [Lkotlin.sequences.Sequence;                                                    : loaded 2 times (x 68B)
Class com.google.common.collect.ImmutableSetMultimap                                  : loaded 2 times (x 179B)
Class org.jetbrains.kotlin.gradle.tasks.configuration.AbstractKotlinCompileConfigKt$sam$org_gradle_api_Action$0: loaded 2 times (x 74B)
Class org.codehaus.groovy.ast.PropertyNode                                            : loaded 2 times (x 154B)
Class org.codehaus.groovy.runtime.metaclass.NewStaticMetaMethod                       : loaded 2 times (x 98B)
Class kotlin._Assertions                                                              : loaded 2 times (x 70B)
Class org.jetbrains.kotlin.gradle.plugin.sources.DefaultKotlinSourceSetKt             : loaded 2 times (x 70B)
Class kotlin.io.path.PathsKt__PathReadWriteKt                                         : loaded 2 times (x 70B)
Class [Lkotlin.coroutines.intrinsics.CoroutineSingletons;                             : loaded 2 times (x 68B)
Class org.codehaus.groovy.runtime.dgmimpl.NumberNumberDiv                             : loaded 2 times (x 113B)
Class kotlin.sequences.EmptySequence                                                  : loaded 2 times (x 77B)
Class kotlin.reflect.jvm.internal.CacheByClass                                        : loaded 2 times (x 72B)
Class org.jetbrains.kotlin.gradle.tasks.CompileUsingKotlinDaemonWithNormalization     : loaded 2 times (x 69B)
Class org.codehaus.groovy.util.AbstractConcurrentMap$Segment                          : loaded 2 times (x 84B)
Class com.android.tools.lint.model.LintModelLibrary                                   : loaded 2 times (x 69B)
Class kotlin.ranges.ClosedRange                                                       : loaded 2 times (x 69B)
Class com.google.common.collect.AbstractMapBasedMultimap$WrappedSet                   : loaded 2 times (x 141B)
Class com.google.common.io.Resources$UrlByteSource                                    : loaded 2 times (x 84B)
Class kotlin.KotlinNullPointerException                                               : loaded 2 times (x 82B)
Class org.apache.commons.io.CloseableURLConnection                                    : loaded 2 times (x 115B)
Class org.jetbrains.kotlin.gradle.tasks.KotlinJvmCompile$DefaultImpls                 : loaded 2 times (x 70B)
Class org.jetbrains.kotlin.gradle.plugin.sources.DefaultKotlinSourceSet$special$$inlined$Iterable$1: loaded 2 times (x 78B)
Class org.jetbrains.kotlin.gradle.plugin.diagnostics.KotlinGradleProjectCheckersRunnerKt: loaded 2 times (x 70B)
Class org.codehaus.groovy.util.AbstractConcurrentMapBase                              : loaded 2 times (x 76B)
Class org.jetbrains.kotlin.statistics.BuildSession                                    : loaded 2 times (x 71B)
Class org.jetbrains.kotlin.gradle.plugin.abi.AbiValidationActionKt$AbiValidationSetupAction$1: loaded 2 times (x 94B)
Class org.jetbrains.kotlin.gradle.plugin.statistics.KotlinBuildStatsBeanService$Companion$initStatsService$1: loaded 2 times (x 78B)
Class kotlin.jvm.internal.AdaptedFunctionReference                                    : loaded 2 times (x 76B)
Class com.google.common.reflect.TypeResolver$TypeTable$1                              : loaded 2 times (x 72B)
Class org.jetbrains.kotlin.gradle.targets.jvm.KotlinJvmTargetTestFixturesSideEffectKt : loaded 2 times (x 70B)
Class kotlin.collections.CharIterator                                                 : loaded 2 times (x 81B)
Class org.jetbrains.kotlin.gradle.plugin.KotlinTargetWithTests                        : loaded 2 times (x 69B)
Class kotlin.sequences.GeneratorSequence                                              : loaded 2 times (x 74B)
Class kotlin.Triple                                                                   : loaded 2 times (x 71B)
Class build_3x2eci9f0bzzchngr8fxk7g2f                                                 : loaded 2 times (x 179B)
Class org.jetbrains.kotlin.gradle.plugin.mpp.compilationImpl.KotlinCompilationSourceSetInclusion$DefaultAddSourcesToCompileTask$addSources$1: loaded 2 times (x 78B)
Class org.jetbrains.kotlin.gradle.plugin.diagnostics.checkers.WasmJsEnvironmentChecker$1: loaded 2 times (x 77B)
Class org.jetbrains.kotlin.gradle.internal.utils.CollectionsKt                        : loaded 2 times (x 70B)
Class org.jetbrains.kotlin.gradle.plugin.mpp.compilationImpl.KotlinCompilationSourceSetInclusion$DefaultAddSourcesToCompileTask$addSources$2: loaded 2 times (x 78B)
Class org.jetbrains.kotlin.gradle.plugin.KotlinTargetComponent                        : loaded 2 times (x 69B)
Class org.jetbrains.kotlin.gradle.plugin.diagnostics.checkers.WasmJsEnvironmentChecker$2: loaded 2 times (x 77B)
Class org.codehaus.groovy.control.CompilationUnit$ISourceUnitOperation                : loaded 2 times (x 69B)
Class org.jetbrains.kotlin.gradle.plugin.sources.DefaultKotlinSourceSet$MetadataDependencyTransformation: loaded 2 times (x 71B)
Class org.jetbrains.kotlin.gradle.plugin.diagnostics.checkers.WasmJsEnvironmentChecker$3: loaded 2 times (x 77B)
Class org.codehaus.groovy.ast.stmt.CatchStatement                                     : loaded 2 times (x 113B)
Class org.jetbrains.kotlin.gradle.plugin.diagnostics.checkers.WasmJsEnvironmentChecker$4: loaded 2 times (x 77B)
Class com.google.common.cache.CacheLoader                                             : loaded 2 times (x 73B)
Class org.codehaus.groovy.ast.MethodNode                                              : loaded 2 times (x 156B)
Class org.jetbrains.kotlin.gradle.plugin.statistics.BuildFinishBuildService$Companion$collectAllFusReportsIntoOne$2$1: loaded 2 times (x 78B)
Class org.objectweb.asm.Opcodes                                                       : loaded 2 times (x 69B)
Class org.jetbrains.kotlin.gradle.plugin.mpp.KotlinUsageContext                       : loaded 2 times (x 69B)
Class org.jetbrains.kotlin.gradle.plugin.statistics.KotlinBuildStatsBeanService$Companion: loaded 2 times (x 70B)
Class org.jetbrains.kotlin.gradle.internal.Kapt3GradleSubplugin$Companion             : loaded 2 times (x 70B)
Class org.jetbrains.kotlin.gradle.internal.properties.NativePropertiesLoader$isToolchainEnabled$1: loaded 2 times (x 74B)
Class kotlin.jvm.internal.SpreadBuilder                                               : loaded 2 times (x 75B)
Class kotlin.reflect.KAnnotatedElement                                                : loaded 2 times (x 69B)
Class org.jetbrains.kotlin.gradle.plugin.mpp.KotlinVariantWithCoordinates             : loaded 2 times (x 107B)
Class [Lorg.jetbrains.kotlin.statistics.metrics.BooleanAnonymizationPolicy;           : loaded 2 times (x 68B)
Class org.objectweb.asm.MethodTooLargeException                                       : loaded 2 times (x 82B)
Class com.android.ide.common.resources.configuration.WideGamutColorQualifier          : loaded 2 times (x 90B)
Class kotlin.text.CharsKt                                                             : loaded 2 times (x 70B)
Class com.android.resources.Density                                                   : loaded 2 times (x 91B)
Class org.codehaus.groovy.runtime.ComposedClosure                                     : loaded 2 times (x 131B)
Class org.codehaus.groovy.reflection.ParameterTypes                                   : loaded 2 times (x 81B)
Class kotlin.ranges.RangesKt___RangesKt                                               : loaded 2 times (x 70B)
Class org.jetbrains.kotlin.gradle.plugin.diagnostics.checkers.DisabledNativeTargetsChecker$runChecks$1: loaded 2 times (x 87B)
Class org.jetbrains.kotlin.gradle.utils.StoredPropertyKt$projectStoredProperty$1      : loaded 2 times (x 77B)
Class org.jetbrains.kotlin.gradle.targets.native.KotilnNativeConfigureBinariesSideEffectKt: loaded 2 times (x 70B)
Class com.android.tools.lint.model.LintModelSerialization$TargetFile                  : loaded 2 times (x 78B)
Class kotlin.reflect.jvm.internal.KProperty0Impl                                      : loaded 2 times (x 127B)
Class org.jetbrains.kotlin.gradle.plugin.diagnostics.checkers.OverriddenKotlinNativeHomeChecker$StdlibExistenceCheckerValueSource$Companion: loaded 2 times (x 70B)
Class [Lorg.codehaus.groovy.reflection.CachedClass;                                   : loaded 2 times (x 68B)
Class kotlin.collections.CollectionsKt___CollectionsKt                                : loaded 2 times (x 70B)
Class [Lorg.codehaus.groovy.reflection.ParameterTypes;                                : loaded 2 times (x 68B)
Class [Lgroovy.lang.groovydoc.GroovydocHolder;                                        : loaded 2 times (x 68B)
Class org.jetbrains.kotlin.gradle.utils.GradleUtilsKt                                 : loaded 2 times (x 70B)
Class com.android.ide.common.rendering.api.StyleResourceValueImpl                     : loaded 2 times (x 118B)
Class kotlin.InitializedLazyImpl                                                      : loaded 2 times (x 75B)
Class kotlin.sequences.SequencesKt__SequenceBuilderKt$sequence$$inlined$Sequence$1    : loaded 2 times (x 74B)
Class org.apache.commons.io.output.NullWriter                                         : loaded 2 times (x 98B)
Class org.jetbrains.kotlin.gradle.plugin.statistics.old.Pre232IdeaKotlinBuildStatsBeanService: loaded 2 times (x 94B)
Class com.google.common.cache.Cache                                                   : loaded 2 times (x 69B)
Class com.android.tools.analytics.Environment$SystemProperty                          : loaded 2 times (x 78B)
Class groovy.lang.GroovySystem                                                        : loaded 2 times (x 70B)
Class com.android.resources.ResourceType                                              : loaded 2 times (x 78B)
Class com.google.common.collect.Maps$EntrySet                                         : loaded 2 times (x 135B)
Class com.android.ide.common.resources.configuration.UiModeQualifier                  : loaded 2 times (x 89B)
Class org.jetbrains.kotlin.gradle.plugin.mpp.AbstractKotlinCompilationToRunnableFiles : loaded 2 times (x 195B)
Class groovy.lang.MetaClassImpl$MethodIndex                                           : loaded 2 times (x 88B)
Class com.android.tools.lint.model.LintModelDependency                                : loaded 2 times (x 69B)
Class kotlin.UNINITIALIZED_VALUE                                                      : loaded 2 times (x 70B)
Class org.jetbrains.kotlin.statistics.fileloggers.MetricsContainer$Companion$readFromFile$1: loaded 2 times (x 78B)
Class org.jetbrains.kotlin.gradle.plugin.mpp.apple.swiftexport.internal.SwiftExportInitKt$SwiftExportClasspathResolvableConfiguration$1: loaded 2 times (x 78B)
Class org.jetbrains.kotlin.gradle.targets.native.KonanPropertiesBuildService$Companion$registerIfAbsent$1: loaded 2 times (x 74B)
Class org.jetbrains.kotlin.gradle.dsl.KotlinBaseExtension                             : loaded 2 times (x 69B)
Class org.gradle.internal.classloader.SystemClassLoaderSpec                           : loaded 2 times (x 70B)
Class kotlin.collections.builders.MapBuilderEntries                                   : loaded 2 times (x 144B)
Class org.codehaus.groovy.util.ReferenceBundle                                        : loaded 2 times (x 73B)
Class com.google.common.io.LineBuffer                                                 : loaded 2 times (x 74B)
Class org.jetbrains.kotlin.gradle.plugin.LanguageSettingsBuilder                      : loaded 2 times (x 69B)
Class org.jetbrains.kotlin.gradle.targets.native.ConfigureFrameworkExportSideEffectKt$special$$inlined$KotlinTargetSideEffect$1: loaded 2 times (x 73B)
Class org.jetbrains.kotlin.gradle.targets.native.toolchain.UsesKotlinNativeBundleBuildService: loaded 2 times (x 69B)
Class groovyjarjarasm.asm.SymbolTable                                                 : loaded 2 times (x 71B)
Class [Lorg.codehaus.groovy.runtime.metaclass.MetaMethodIndex$Entry;                  : loaded 2 times (x 68B)
Class org.jetbrains.kotlin.statistics.metrics.OrMetricContainer                       : loaded 2 times (x 79B)
Class org.jetbrains.kotlin.statistics.metrics.StringAnonymizationPolicy$ComponentVersionAnonymizer: loaded 2 times (x 77B)
Class com.google.common.util.concurrent.internal.InternalFutureFailureAccess          : loaded 2 times (x 71B)
Class org.codehaus.groovy.runtime.InvokerHelper$NullScript                            : loaded 2 times (x 94B)
Class org.jetbrains.kotlin.build.report.metrics.BuildAttributeKind$Companion          : loaded 2 times (x 70B)
Class [Lkotlin.reflect.KCallable;                                                     : loaded 2 times (x 68B)
Class org.jetbrains.kotlin.gradle.plugin.KotlinSourceSetTree                          : loaded 2 times (x 71B)
Class com.android.ide.common.resources.configuration.VersionQualifier                 : loaded 2 times (x 88B)
Class org.codehaus.groovy.ast.ClassHelper$ClassHelperCache                            : loaded 2 times (x 70B)
Class org.codehaus.groovy.reflection.ReflectionUtils$ClassContextHelper               : loaded 2 times (x 100B)
Class [Lcom.android.tools.lint.model.LintModelNamespacingMode;                        : loaded 2 times (x 68B)
Class org.jetbrains.kotlin.gradle.plugin.VariantImplementationFactories$VariantImplementationFactory: loaded 2 times (x 69B)
Class org.jetbrains.kotlin.build.report.metrics.BuildAttribute                        : loaded 2 times (x 78B)
Class org.codehaus.groovy.runtime.memoize.EvictableCache                              : loaded 2 times (x 69B)
Class org.codehaus.groovy.ast.expr.ConstantExpression                                 : loaded 2 times (x 133B)
Class org.jetbrains.kotlin.gradle.targets.native.internal.PlatformLibrariesGenerator$GeneratedPlatformLibrariesService: loaded 2 times (x 75B)
Class org.codehaus.groovy.util.ManagedConcurrentMap$EntryWithValue                    : loaded 2 times (x 91B)
Class com.google.protobuf.Message                                                     : loaded 2 times (x 69B)
Class com.android.ide.common.rendering.api.ResourceNamespace$ResAutoNamespace         : loaded 2 times (x 79B)
Class org.codehaus.groovy.runtime.callsite.CallSiteAwareMetaMethod                    : loaded 2 times (x 96B)
Class it.unimi.dsi.fastutil.ints.IntArrays$ArrayHashStrategy                          : loaded 2 times (x 74B)
Class org.jetbrains.kotlin.gradle.plugin.mpp.compilationImpl.factory.ConfigurationNaming$Default: loaded 2 times (x 74B)
Class org.jetbrains.kotlin.gradle.plugin.KotlinGradleBuildServices$Parameters$Inject  : loaded 2 times (x 105B)
Class org.jetbrains.kotlin.gradle.utils.FileUtilsKt$localProperties$1                 : loaded 2 times (x 74B)
Class com.google.common.reflect.Types$TypeVariableImpl                                : loaded 2 times (x 71B)
Class com.google.common.collect.Interners$InternerBuilder                             : loaded 2 times (x 75B)
Class [Lcom.android.resources.Keyboard;                                               : loaded 2 times (x 68B)
Class org.jetbrains.kotlin.gradle.plugin.mpp.compilationImpl.KotlinCompilationSourceSetInclusion$AddSourcesToCompileTask: loaded 2 times (x 69B)
Class it.unimi.dsi.fastutil.Function                                                  : loaded 2 times (x 69B)
Class org.jetbrains.kotlin.gradle.plugin.diagnostics.IsAttachedToTerminalValueSource$Inject: loaded 2 times (x 99B)
Class org.jetbrains.kotlin.konan.util.Named                                           : loaded 2 times (x 69B)
Class org.jetbrains.kotlin.gradle.plugin.KotlinBasePluginWrapper                      : loaded 2 times (x 85B)
Class groovy.lang.EmptyRange                                                          : loaded 2 times (x 203B)
Class it.unimi.dsi.fastutil.objects.Object2IntOpenHashMap$KeySet                      : loaded 2 times (x 179B)
Class kotlin.reflect.jvm.internal.KCallableImpl$$Lambda$0                             : loaded 2 times (x 75B)
Class org.jetbrains.kotlin.gradle.plugin.mpp.compilationImpl.KotlinCreateCompilationArchiveTaskKt$KotlinRegisterCompilationArchiveTasksExtension$1: loaded 2 times (x 73B)
Class groovyjarjarasm.asm.Edge                                                        : loaded 2 times (x 71B)
Class kotlin.reflect.jvm.internal.KCallableImpl$$Lambda$1                             : loaded 2 times (x 75B)
Class com.google.common.io.LineReader$1                                               : loaded 2 times (x 74B)
Class org.jetbrains.kotlin.gradle.tasks.configuration.TaskConfigAction                : loaded 2 times (x 71B)
Class kotlin.reflect.jvm.internal.KCallableImpl$$Lambda$2                             : loaded 2 times (x 75B)
Class org.jetbrains.kotlin.cli.common.messages.MessageRenderer                        : loaded 2 times (x 69B)
Class org.jetbrains.kotlin.gradle.plugin.diagnostics.KotlinToolingDiagnosticsSetupActionKt$KotlinToolingDiagnosticsSetupAction$1$reporterProvider$1: loaded 2 times (x 73B)
Class org.codehaus.groovy.control.ResolveVisitor                                      : loaded 2 times (x 235B)
Class org.codehaus.groovy.util.SingleKeyHashMap$Copier                                : loaded 2 times (x 69B)
Class kotlin.reflect.jvm.internal.KCallableImpl$$Lambda$3                             : loaded 2 times (x 75B)
Class org.jetbrains.kotlin.cli.common.CompilerSystemProperties$Companion              : loaded 2 times (x 70B)
Class org.jetbrains.kotlin.konan.target.KonanTarget$WATCHOS_X64                       : loaded 2 times (x 77B)
Class org.jetbrains.kotlin.gradle.plugin.diagnostics.KotlinToolingDiagnosticsSetupActionKt$KotlinToolingDiagnosticsSetupAction$1$reporterProvider$2: loaded 2 times (x 74B)
Class org.jetbrains.kotlin.compilerRunner.GradleCliCommonizerKt$maybeCreateCommonizerClasspathConfiguration$1$1: loaded 2 times (x 74B)
Class kotlin.reflect.jvm.internal.KCallableImpl$$Lambda$4                             : loaded 2 times (x 75B)
Class org.jetbrains.kotlin.gradle.plugin.mpp.KotlinJvmAndroidCompilation              : loaded 2 times (x 197B)
Class org.jetbrains.kotlin.gradle.plugin.internal.DefaultMavenPublicationComponentAccessor: loaded 2 times (x 74B)
Class org.jetbrains.kotlin.gradle.dsl.KotlinProjectExtension                          : loaded 2 times (x 121B)
Class com.android.resources.HighDynamicRange                                          : loaded 2 times (x 85B)
Class kotlin.reflect.jvm.internal.KCallableImpl$$Lambda$5                             : loaded 2 times (x 75B)
Class org.jetbrains.kotlin.gradle.plugin.KotlinPlatformType$CompatibilityRule         : loaded 2 times (x 75B)
Class org.jetbrains.kotlin.gradle.dsl.KotlinGradlePluginDsl                           : loaded 2 times (x 69B)
Class org.jetbrains.kotlin.gradle.internal.IdeaKt                                     : loaded 2 times (x 70B)
Class org.objectweb.asm.ClassWriter                                                   : loaded 2 times (x 105B)
Class org.codehaus.groovy.control.messages.Message                                    : loaded 2 times (x 71B)
Class org.jetbrains.kotlin.gradle.tasks.KotlinJavaToolchain$JdkSetter                 : loaded 2 times (x 69B)
Class org.jetbrains.kotlin.gradle.targets.js.npm.NpmDependency                        : loaded 2 times (x 96B)
Class org.jetbrains.kotlin.gradle.plugin.AbstractKotlinMultiplatformPluginWrapper     : loaded 2 times (x 85B)
Class org.jetbrains.kotlin.gradle.tasks.publishing.HelpersKt$inlined$sam$i$org_gradle_api_Action$0: loaded 2 times (x 74B)
Class org.jetbrains.kotlin.gradle.plugin.KotlinGradleFinishBuildHandler               : loaded 2 times (x 71B)
Class org.jetbrains.kotlin.gradle.plugin.statistics.FlowActionBuildFusService$Companion: loaded 2 times (x 70B)
Class org.jetbrains.kotlin.gradle.plugin.mpp.MppSourcesJarKt                          : loaded 2 times (x 70B)
Class org.jetbrains.kotlin.gradle.plugin.internal.UsesBuildIdProviderService          : loaded 2 times (x 69B)
Class org.jetbrains.kotlin.gradle.internal.KotlinDomApiDependencyManagementKt$configureKotlinDomApiDefaultDependency$1: loaded 2 times (x 78B)
Class org.codehaus.groovy.runtime.callsite.AbstractCallSite                           : loaded 2 times (x 144B)
Class it.unimi.dsi.fastutil.ints.IntList                                              : loaded 2 times (x 69B)
Class org.jetbrains.kotlin.gradle.targets.js.dsl.KotlinWasmSubTargetContainerDsl      : loaded 2 times (x 69B)
Class org.jetbrains.kotlin.gradle.plugin.diagnostics.ToolingDiagnosticFactory         : loaded 2 times (x 72B)
Class org.jetbrains.kotlin.gradle.plugin.mpp.SyncLanguageSettingsWithKotlinExtensionSetupActionKt: loaded 2 times (x 70B)
Class kotlin.text.Charsets                                                            : loaded 2 times (x 70B)
Class org.jetbrains.kotlin.gradle.plugin.sources.KotlinDependencyScope$Companion      : loaded 2 times (x 70B)
Class org.jetbrains.kotlin.gradle.plugin.mpp.InternalKotlinTargetKt$special$$inlined$extrasStoredFuture$1: loaded 2 times (x 78B)
Class org.jetbrains.kotlin.gradle.plugin.mpp.compilationImpl.KotlinCreateLifecycleTasksSideEffectKt$KotlinCreateLifecycleTasksSideEffect$1: loaded 2 times (x 73B)
Class org.jetbrains.kotlin.gradle.targets.native.toolchain.KotlinNativeBundleBuildService$Companion: loaded 2 times (x 70B)
Class org.jetbrains.kotlin.gradle.plugin.KotlinGradleBuildServices$Companion$registerIfAbsent$1: loaded 2 times (x 74B)
Class org.codehaus.groovy.runtime.metaclass.MetaClassRegistryImpl                     : loaded 2 times (x 100B)
Class org.apache.commons.io.IOUtils                                                   : loaded 2 times (x 70B)
Class org.jetbrains.kotlin.gradle.plugin.hierarchy.KotlinSourceSetTreeClassifierKt$classify$1: loaded 2 times (x 87B)
Class org.jetbrains.kotlin.gradle.plugin.KotlinProjectSetupActionKt$KotlinProjectSetupCoroutine$1: loaded 2 times (x 74B)
Class org.codehaus.groovy.ast.stmt.ForStatement                                       : loaded 2 times (x 121B)
Class kotlin.collections.SetsKt                                                       : loaded 2 times (x 70B)
Class kotlin.jvm.internal.FunctionBase                                                : loaded 2 times (x 69B)
Class org.jetbrains.kotlin.gradle.internal.KotlinTestDependencyManagementKt$maybeAddTestDependencyCapability$1: loaded 2 times (x 74B)
Class com.android.ide.common.rendering.api.StyleableResourceValue                     : loaded 2 times (x 69B)
Class org.codehaus.groovy.runtime.callsite.CallSiteArray                              : loaded 2 times (x 71B)
Class org.codehaus.groovy.util.ReferenceManager$ThreadedReferenceManager              : loaded 2 times (x 76B)
Class it.unimi.dsi.fastutil.ints.IntArrays$ForkJoinQuickSort2                         : loaded 2 times (x 89B)
Class it.unimi.dsi.fastutil.objects.ObjectBidirectionalIterator                       : loaded 2 times (x 69B)
Class org.jetbrains.kotlin.gradle.plugin.diagnostics.checkers.IncorrectCompileOnlyDependenciesChecker$runChecks$1: loaded 2 times (x 87B)
Class com.android.ide.common.resources.configuration.ScreenHeightQualifier            : loaded 2 times (x 87B)
Class org.codehaus.groovy.ast.stmt.ThrowStatement                                     : loaded 2 times (x 111B)
Class org.jetbrains.kotlin.gradle.plugin.diagnostics.checkers.UnusedSourceSetsChecker$runChecks$1: loaded 2 times (x 87B)
Class com.android.ide.common.rendering.api.ResourceNamespace                          : loaded 2 times (x 79B)
Class kotlin.text.MatcherMatchResult                                                  : loaded 2 times (x 79B)
Class kotlin.collections.MapWithDefault                                               : loaded 2 times (x 69B)
Class kotlin.io.LinesSequence                                                         : loaded 2 times (x 74B)
Class kotlin.Function                                                                 : loaded 2 times (x 69B)
Class [Lcom.google.common.cache.CacheBuilder$OneWeigher;                              : loaded 2 times (x 68B)
Class org.codehaus.groovy.runtime.DefaultGroovyMethods$1                              : loaded 2 times (x 77B)
Class com.google.common.collect.ComparisonChain$1                                     : loaded 2 times (x 80B)
Class org.jetbrains.kotlin.gradle.plugin.internal.BuildIdService$Companion            : loaded 2 times (x 70B)
Class org.jetbrains.kotlin.gradle.targets.js.npm.NpmDependency$Scope                  : loaded 2 times (x 78B)
Class org.jetbrains.kotlin.gradle.plugin.statistics.FlowActionBuildFusService$Inject  : loaded 2 times (x 103B)
Class org.jetbrains.kotlin.gradle.plugin.mpp.KotlinUsages$KotlinMetadataDisambiguation: loaded 2 times (x 75B)
Class org.jetbrains.kotlin.gradle.tasks.publishing.HelpersKt$addPgpSignatureHelpers$1 : loaded 2 times (x 74B)
Class org.jetbrains.kotlin.gradle.plugin.mpp.KotlinCompilationFactory                 : loaded 2 times (x 69B)
Class org.jetbrains.kotlin.gradle.tasks.publishing.HelpersKt$addPgpSignatureHelpers$2 : loaded 2 times (x 73B)
Class com.google.common.cache.LocalCache$ComputingValueReference                      : loaded 2 times (x 95B)
Class org.jetbrains.kotlin.gradle.tasks.DefaultKotlinJavaToolchain$Companion$wireJvmTargetToToolchain$1: loaded 2 times (x 74B)
Class kotlin.KotlinVersion                                                            : loaded 2 times (x 73B)
Class com.android.sdklib.AndroidApiLevel$Companion                                    : loaded 2 times (x 70B)
Class com.google.common.cache.LocalCache$SoftValueReference                           : loaded 2 times (x 96B)
Class org.jetbrains.kotlin.compilerRunner.KotlinCompilerArgumentsLogLevel$Companion   : loaded 2 times (x 70B)
Class org.jetbrains.kotlin.cli.common.arguments.CommonCompilerArguments               : loaded 2 times (x 74B)
Class org.jetbrains.kotlin.gradle.tasks.DefaultKotlinJavaToolchain$Companion$wireJvmTargetToToolchain$2: loaded 2 times (x 74B)
Class groovyjarjarasm.asm.AnnotationVisitor                                           : loaded 2 times (x 77B)
Class com.android.tools.lint.model.DefaultLintModelLibraryResolver                    : loaded 2 times (x 75B)
Class kotlin.reflect.jvm.internal.impl.builtins.PrimitiveType                         : loaded 2 times (x 78B)
Class kotlin.reflect.jvm.internal.KProperty2Impl$$Lambda$0                            : loaded 2 times (x 75B)
Class com.google.common.collect.ImmutableList$SerializedForm                          : loaded 2 times (x 72B)
Class org.jetbrains.kotlin.gradle.dsl.KotlinJvmOptions                                : loaded 2 times (x 69B)
Class kotlin.reflect.jvm.internal.KProperty2Impl$$Lambda$1                            : loaded 2 times (x 75B)
Class org.jetbrains.kotlin.gradle.internal.diagnostics.KotlinCompilerEmbeddableCheck  : loaded 2 times (x 70B)
Class org.gradle.api.UncheckedIOException                                             : loaded 2 times (x 81B)
Class kotlin.collections.builders.ListBuilder                                         : loaded 2 times (x 168B)
Class org.jetbrains.kotlin.gradle.plugin.diagnostics.checkers.AndroidSourceSetLayoutV1SourceSetsNotFoundChecker$runChecks$1: loaded 2 times (x 87B)
Class kotlin.reflect.jvm.internal.CacheByClassKt                                      : loaded 2 times (x 70B)
Class org.jetbrains.kotlin.gradle.tasks.KotlinCompile_Decorated                       : loaded 2 times (x 609B)
Class org.jetbrains.kotlin.gradle.plugin.internal.state.TaskLoggers                   : loaded 2 times (x 70B)
Class org.jetbrains.kotlin.statistics.metrics.StringMetrics$Companion                 : loaded 2 times (x 70B)
Class com.google.protobuf.UnsafeUtil$1                                                : loaded 2 times (x 75B)
Class kotlin.coroutines.jvm.internal.RestrictedContinuationImpl                       : loaded 2 times (x 86B)
Class org.jetbrains.kotlin.gradle.plugin.mpp.ApplyUserDefinedAttributesKt             : loaded 2 times (x 70B)
Class [Lorg.codehaus.groovy.util.ReferenceType;                                       : loaded 2 times (x 68B)
Class kotlin.io.FilesKt__FileReadWriteKt                                              : loaded 2 times (x 70B)
Class org.jetbrains.kotlin.gradle.plugin.statistics.BuildFusService$Companion$registerIfAbsentImpl$generalConfigurationMetricsProvider$1: loaded 2 times (x 74B)
Class org.codehaus.groovy.runtime.memoize.MemoizeCache                                : loaded 2 times (x 69B)
Class org.jetbrains.kotlin.gradle.utils.MutableObservableSet                          : loaded 2 times (x 69B)
Class kotlin.sequences.DistinctIterator                                               : loaded 2 times (x 82B)
Class org.jetbrains.kotlin.gradle.plugin.KotlinCompilation$DefaultImpls               : loaded 2 times (x 70B)
Class org.jetbrains.kotlin.gradle.internal.KotlinDomApiDependencyManagementKt$addKotlinDomApiDependency$1: loaded 2 times (x 74B)
Class org.jetbrains.kotlin.konan.target.KonanTarget$ANDROID_ARM64                     : loaded 2 times (x 77B)
Class com.google.common.collect.MapMakerInternalMap$WeakKeyStrongValueSegment         : loaded 2 times (x 141B)
Class org.jetbrains.kotlin.konan.target.KonanTarget$WATCHOS_DEVICE_ARM64              : loaded 2 times (x 77B)
Class org.jetbrains.kotlin.gradle.plugin.diagnostics.checkers.DisabledNativeTargetsChecker: loaded 2 times (x 73B)
Class org.jetbrains.kotlin.gradle.internal.properties.NativePropertiesLoader$actualNativeHomeDirectory$1: loaded 2 times (x 74B)
Class org.jetbrains.kotlin.gradle.plugin.internal.ConfigurationCacheStartParameterAccessorKt: loaded 2 times (x 70B)
Class groovyjarjarasm.asm.Handler                                                     : loaded 2 times (x 71B)
Class org.jetbrains.kotlin.gradle.internal.properties.NativePropertiesLoader$actualNativeHomeDirectory$2: loaded 2 times (x 73B)
Class com.android.ide.common.repository.AgpVersion$PreviewKind                        : loaded 2 times (x 78B)
Class org.jetbrains.kotlin.gradle.internal.properties.NativePropertiesLoader$actualNativeHomeDirectory$3: loaded 2 times (x 74B)
Class [Lkotlin.annotation.AnnotationTarget;                                           : loaded 2 times (x 68B)
Class org.codehaus.groovy.ast.stmt.WhileStatement                                     : loaded 2 times (x 117B)
Class org.jetbrains.kotlin.gradle.plugin.statistics.DaemonReuseCounter                : loaded 2 times (x 75B)
Class org.jetbrains.kotlin.gradle.plugin.diagnostics.KotlinToolingDiagnosticsSetupActionKt: loaded 2 times (x 70B)
Class org.jetbrains.kotlin.gradle.plugin.internal.DefaultProjectIsolationStartParameterAccessor$Factory: loaded 2 times (x 75B)
Class org.jetbrains.kotlin.gradle.plugin.KotlinPluginWrapperKt$kotlinToolingVersion$2 : loaded 2 times (x 77B)
Class groovyjarjarasm.asm.MethodVisitor                                               : loaded 2 times (x 104B)
Class org.codehaus.groovy.runtime.metaclass.MethodMetaProperty$GetMethodMetaProperty  : loaded 2 times (x 77B)
Class org.codehaus.groovy.ast.ClassCodeVisitorSupport                                 : loaded 2 times (x 210B)
Class org.codehaus.groovy.ast.CodeVisitorSupport                                      : loaded 2 times (x 185B)
Class com.google.common.collect.ForwardingCollection                                  : loaded 2 times (x 129B)
Class org.jetbrains.kotlin.gradle.utils.StoredPropertyKt                              : loaded 2 times (x 70B)
Class org.jetbrains.kotlin.gradle.plugin.KotlinSourceSetContainer                     : loaded 2 times (x 69B)
Class org.jetbrains.kotlin.gradle.tasks.DefaultKotlinJavaToolchain$DefaultJavaToolchainSetter$useAsConvention$1: loaded 2 times (x 74B)
Class org.jetbrains.kotlin.gradle.plugin.internal.ProjectIsolationStartParameterAccessor$Factory: loaded 2 times (x 69B)
Class org.jetbrains.kotlin.gradle.plugin.statistics.BuildFinishBuildService           : loaded 2 times (x 79B)
Class org.codehaus.groovy.reflection.stdclasses.StringCachedClass                     : loaded 2 times (x 94B)
Class [Lkotlin.jvm.functions.Function1;                                               : loaded 2 times (x 68B)
Class kotlin.reflect.full.IllegalCallableAccessException                              : loaded 2 times (x 81B)
Class org.jetbrains.kotlin.statistics.metrics.NumberOverridePolicy$OVERRIDE           : loaded 2 times (x 84B)
Class org.jetbrains.kotlin.statistics.metrics.StringOverridePolicy$CONCAT             : loaded 2 times (x 84B)
Class org.jetbrains.kotlin.tooling.core.Extras$Key                                    : loaded 2 times (x 71B)
Class com.google.gson.JsonParseException                                              : loaded 2 times (x 81B)
Class org.jetbrains.kotlin.gradle.tasks.K2MultiplatformCompilationTask                : loaded 2 times (x 69B)
Class org.jetbrains.kotlin.gradle.artifacts.KotlinNativeHostSpecificMetadataArtifactKt$KotlinNativeHostSpecificMetadataArtifact$1: loaded 2 times (x 73B)
Class org.jetbrains.kotlin.gradle.targets.js.npm.NpmDependencyExtensionKt$AddNpmDependencyExtensionProjectSetupAction$1: loaded 2 times (x 73B)
Class kotlin.coroutines.CoroutineContext$Element$DefaultImpls                         : loaded 2 times (x 70B)
Class org.jetbrains.kotlin.gradle.ExternalKotlinTargetApi                             : loaded 2 times (x 69B)
Class org.jetbrains.kotlin.gradle.plugin.mpp.compilationImpl.DefaultKotlinCompilationFriendPathsResolver$CompositeFriendArtifactResolver: loaded 2 times (x 74B)
Class com.android.ide.common.resources.ResourceMergerItem$1                           : loaded 2 times (x 122B)
Class org.apache.commons.io.output.UnsynchronizedByteArrayOutputStream                : loaded 2 times (x 101B)
Class com.android.ide.common.resources.ResourceMergerItem$2                           : loaded 2 times (x 116B)
Class kotlin.properties.ReadOnlyProperty                                              : loaded 2 times (x 69B)
Class org.jetbrains.kotlin.gradle.plugin.mpp.compilationImpl.KotlinCompilationImpl$associateWith$2: loaded 2 times (x 78B)
Class groovy.lang.MetaClassImpl$1MOPIter                                              : loaded 2 times (x 75B)
Class org.jetbrains.kotlin.gradle.dsl.abi.ExperimentalAbiValidation                   : loaded 2 times (x 69B)
Class org.jetbrains.kotlin.gradle.utils.ConfigurationCacheOpaqueValueSource           : loaded 2 times (x 78B)
Class com.android.prefs.PathLocator                                                   : loaded 2 times (x 72B)
Class kotlin.reflect.jvm.internal.ReflectProperties$Val                               : loaded 2 times (x 73B)
Class com.google.common.cache.LocalCache$Strength                                     : loaded 2 times (x 80B)
Class org.codehaus.groovy.ast.ClassCodeExpressionTransformer                          : loaded 2 times (x 214B)
Class org.jetbrains.kotlin.gradle.plugin.diagnostics.CheckKotlinGradlePluginConfigurationErrorsKt: loaded 2 times (x 70B)
Class org.jetbrains.kotlin.gradle.tooling.BuildKotlinToolingMetadataTaskKt$buildKotlinToolingMetadataTask$1: loaded 2 times (x 77B)
Class org.jetbrains.kotlin.gradle.utils.ConfigurationCacheOpaqueValue                 : loaded 2 times (x 71B)
Class org.jetbrains.kotlin.gradle.utils.FailuresKt                                    : loaded 2 times (x 70B)
Class org.jetbrains.kotlin.gradle.internal.properties.NativePropertiesLoader$nativeCacheKind$1: loaded 2 times (x 74B)
Class kotlin.collections.builders.MapBuilder$EntriesItr                               : loaded 2 times (x 80B)
Class com.google.common.collect.AbstractMapBasedMultimap$KeySet                       : loaded 2 times (x 136B)
Class kotlin.reflect.jvm.internal.impl.builtins.functions.FunctionTypeKind$Function   : loaded 2 times (x 71B)
Class kotlin.reflect.KProperty$Getter                                                 : loaded 2 times (x 69B)
Class org.jetbrains.kotlin.gradle.plugin.mpp.KotlinTargetSoftwareComponentImplKt      : loaded 2 times (x 70B)
Class org.jetbrains.kotlin.gradle.plugin.KotlinPluginLifecycle$ProjectConfigurationResult$Failure: loaded 2 times (x 71B)
Class org.jetbrains.kotlin.gradle.plugin.statistics.BuildFinishFlowAction$Parameters_Decorated: loaded 2 times (x 136B)
Class groovyjarjarasm.asm.ModuleVisitor                                               : loaded 2 times (x 80B)
Class kotlin.text.MatcherMatchResult$groupValues$1                                    : loaded 2 times (x 159B)
Class org.jetbrains.kotlin.gradle.targets.native.KonanPropertiesBuildService$Companion$registerIfAbsent$2$1: loaded 2 times (x 78B)
Class org.codehaus.groovy.reflection.stdclasses.ObjectCachedClass                     : loaded 2 times (x 94B)
Class groovy.lang.SpreadMapEvaluatingException                                        : loaded 2 times (x 86B)
Class kotlin.Unit                                                                     : loaded 2 times (x 70B)
Class it.unimi.dsi.fastutil.Hash$Strategy                                             : loaded 2 times (x 69B)
Class com.android.ide.common.rendering.api.ArrayResourceValueImpl                     : loaded 2 times (x 122B)
Class com.android.tools.analytics.AnalyticsSettingsData$DataTypeAdapter               : loaded 2 times (x 72B)
Class groovyjarjarasm.asm.ModuleWriter                                                : loaded 2 times (x 81B)
Class org.codehaus.groovy.ast.expr.BooleanExpression                                  : loaded 2 times (x 127B)
Class com.google.common.collect.AbstractMapBasedMultimap$RandomAccessWrappedList      : loaded 2 times (x 166B)
Class org.jetbrains.kotlin.gradle.plugin.mpp.compilationImpl.KotlinCompilationImpl$Params: loaded 2 times (x 71B)
Class org.codehaus.groovy.runtime.memoize.UnlimitedConcurrentCache                    : loaded 2 times (x 133B)
Class org.objectweb.asm.Handler                                                       : loaded 2 times (x 71B)
Class org.gradle.api.internal.classpath.GlobalCacheRootsProvider                      : loaded 2 times (x 69B)
Class com.google.protobuf.IterableByteBufferInputStream                               : loaded 2 times (x 91B)
Class kotlin.reflect.jvm.internal.KDeclarationContainerImpl$Data$$Lambda$0            : loaded 2 times (x 75B)
Class org.jetbrains.kotlin.gradle.plugin.mpp.SyncLanguageSettingsWithKotlinExtensionSetupActionKt$SyncLanguageSettingsWithKotlinExtensionSetupAction$1$1: loaded 2 times (x 74B)
Class org.jetbrains.kotlin.gradle.plugin.mpp.SyncLanguageSettingsWithKotlinExtensionSetupActionKt$SyncLanguageSettingsWithKotlinExtensionSetupAction$1$2: loaded 2 times (x 74B)
Class com.google.protobuf.MutabilityOracle                                            : loaded 2 times (x 69B)
Class org.codehaus.groovy.runtime.wrappers.PojoWrapper                                : loaded 2 times (x 87B)
Class kotlin.reflect.jvm.internal.impl.name.FqNameUnsafe                              : loaded 2 times (x 71B)
Class org.jetbrains.kotlin.gradle.plugin.ProjectLocalConfigurationsKt                 : loaded 2 times (x 70B)
Class com.google.protobuf.AbstractMessageLite                                         : loaded 2 times (x 100B)
Class org.codehaus.groovy.util.ManagedReference                                       : loaded 2 times (x 75B)
Class kotlin.coroutines.CoroutineContext$Key                                          : loaded 2 times (x 69B)
Class kotlin.collections.CollectionsKt                                                : loaded 2 times (x 70B)
Class com.android.ide.common.gradle.Numeric                                           : loaded 2 times (x 76B)
Class com.google.common.collect.ImmutableSortedSet$Builder                            : loaded 2 times (x 85B)
Class org.jetbrains.kotlin.gradle.tasks.configuration.AbstractKotlinCompileConfig$2$1 : loaded 2 times (x 78B)
Class kotlin.collections.ArraysKt___ArraysJvmKt                                       : loaded 2 times (x 70B)
Class org.jetbrains.kotlin.gradle.dsl.KotlinJvmCompilerOptionsHelper                  : loaded 2 times (x 70B)
Class com.google.protobuf.InvalidProtocolBufferException                              : loaded 2 times (x 87B)
Class org.jetbrains.kotlin.gradle.tasks.configuration.AbstractKotlinCompileConfig$2$3 : loaded 2 times (x 74B)
Class org.jetbrains.kotlin.gradle.plugin.mpp.ApplyUserDefinedAttributesKt$UserDefinedAttributesSetupAction$1$1$3: loaded 2 times (x 74B)
Class kotlin.collections.CollectionsKt___CollectionsJvmKt                             : loaded 2 times (x 70B)
Class org.jetbrains.kotlin.gradle.tasks.configuration.AbstractKotlinCompileConfig$2$4 : loaded 2 times (x 74B)
Class org.codehaus.groovy.util.ReferenceType$HardRef                                  : loaded 2 times (x 79B)
Class [Lorg.jetbrains.kotlin.konan.util.Named;                                        : loaded 2 times (x 68B)
Class org.jetbrains.kotlin.gradle.plugin.diagnostics.checkers.CommonMainOrTestWithDependsOnChecker: loaded 2 times (x 73B)
Class [Lorg.codehaus.groovy.ast.ClassNode;                                            : loaded 2 times (x 68B)
Class org.codehaus.groovy.runtime.GroovyCategorySupport$MyThreadLocal                 : loaded 2 times (x 82B)
Class org.jetbrains.kotlin.gradle.plugin.diagnostics.DiagnosticGroup$Base             : loaded 2 times (x 80B)
Class org.jetbrains.kotlin.gradle.internal.transforms.BuildToolsApiClasspathEntrySnapshotTransform$Parameters$Inject: loaded 2 times (x 118B)
Class org.codehaus.groovy.reflection.CachedMethod$MyComparator                        : loaded 2 times (x 89B)
Class org.jetbrains.kotlin.gradle.plugin.mpp.KotlinUsages$setupAttributesMatchingStrategy$1: loaded 2 times (x 73B)
Class com.google.common.cache.LocalCache$ValueReference                               : loaded 2 times (x 69B)
Class com.google.common.collect.CollectSpliterators                                   : loaded 2 times (x 70B)
Class org.jetbrains.kotlin.gradle.dsl.KotlinTopLevelExtension                         : loaded 2 times (x 69B)
Class com.google.protobuf.UnsafeUtil                                                  : loaded 2 times (x 70B)
Class com.android.ide.common.resources.configuration.ScreenWidthQualifier             : loaded 2 times (x 87B)
Class org.codehaus.groovy.ast.expr.CastExpression                                     : loaded 2 times (x 132B)
Class kotlin.coroutines.jvm.internal.CompletedContinuation                            : loaded 2 times (x 74B)
Class org.codehaus.groovy.runtime.dgmimpl.arrays.CharacterArrayGetAtMetaMethod        : loaded 2 times (x 96B)
Class com.android.tools.lint.model.DefaultLintModelLintOptions                        : loaded 2 times (x 102B)
Class org.jetbrains.kotlin.gradle.dsl.JvmTarget                                       : loaded 2 times (x 78B)
Class com.android.ide.common.rendering.api.ResourceNamespace$Resolver                 : loaded 2 times (x 69B)
Class org.jetbrains.kotlin.gradle.plugin.diagnostics.checkers.WasmSourceSetsNotFoundChecker$runChecks$1: loaded 2 times (x 87B)
Class org.jetbrains.kotlin.gradle.utils.ObservableSet                                 : loaded 2 times (x 69B)
Class it.unimi.dsi.fastutil.objects.AbstractObject2IntFunction                        : loaded 2 times (x 118B)
Class com.google.common.io.Java8Compatibility                                         : loaded 2 times (x 70B)
Class groovyjarjarasm.asm.FieldVisitor                                                : loaded 2 times (x 76B)
Class org.codehaus.groovy.runtime.MethodKey                                           : loaded 2 times (x 78B)
Class groovy.lang.Buildable                                                           : loaded 2 times (x 69B)
Class org.jetbrains.kotlin.gradle.plugin.mpp.MppSourcesJarKt$sourcesJarTaskNamed$result$1: loaded 2 times (x 78B)
Class org.jetbrains.kotlin.gradle.utils.KotlinExtensionUtilsKt$forAllTargets$1        : loaded 2 times (x 94B)
Class org.gradle.internal.classloader.ClasspathUtil                                   : loaded 2 times (x 70B)
Class kotlin.ranges.RangesKt__RangesKt                                                : loaded 2 times (x 70B)
Class org.apache.commons.io.FileUtils                                                 : loaded 2 times (x 70B)
Class org.jetbrains.kotlin.gradle.plugin.statistics.BuildFusService$Companion$registerIfAbsent$1$1$1: loaded 2 times (x 74B)
Class groovy.lang.MetaBeanProperty                                                    : loaded 2 times (x 82B)
Class org.jetbrains.kotlin.gradle.internal.StdlibDependencyManagementKt$configureStdlibVersionAlignment$1: loaded 2 times (x 74B)
Class org.objectweb.asm.CurrentFrame                                                  : loaded 2 times (x 72B)
Class org.codehaus.groovy.runtime.ProcessGroovyMethods                                : loaded 2 times (x 70B)
Class org.jetbrains.kotlin.gradle.plugin.abi.AbiValidationTaskSet$setClasspath$1      : loaded 2 times (x 74B)
Class com.google.common.util.concurrent.AbstractFuture                                : loaded 2 times (x 94B)
Class com.android.tools.analytics.AnalyticsSettingsData                               : loaded 2 times (x 71B)
Class com.android.tools.analytics.Environment$Companion$SYSTEM$1                      : loaded 2 times (x 72B)
Class com.android.ide.common.gradle.Version$Companion                                 : loaded 2 times (x 70B)
Class kotlin.NotImplementedError                                                      : loaded 2 times (x 81B)
Class com.google.common.reflect.TypeResolver                                          : loaded 2 times (x 71B)
Class org.jetbrains.kotlin.gradle.plugin.abi.AbiValidationTaskSet$setClasspath$2      : loaded 2 times (x 74B)
Class org.jetbrains.kotlin.gradle.targets.native.internal.CommonizerTasksKt           : loaded 2 times (x 70B)
Class org.jetbrains.kotlin.gradle.plugin.KotlinPluginLifecycleImpl$WhenMappings       : loaded 2 times (x 70B)
Class org.codehaus.groovy.runtime.memoize.CommonCache                                 : loaded 2 times (x 153B)
Class it.unimi.dsi.fastutil.objects.ObjectSpliterator                                 : loaded 2 times (x 69B)
Class org.jetbrains.kotlin.gradle.targets.native.toolchain.KotlinNativeBundleBuildService$Companion$registerIfAbsent$1: loaded 2 times (x 74B)
Class org.jetbrains.kotlin.gradle.plugin.BuildEventsListenerRegistryHolder$Companion  : loaded 2 times (x 70B)
Class org.jetbrains.kotlin.gradle.plugin.BuildFinishAndConfigurationTimeMetricsFlowAction$Parameters_Decorated: loaded 2 times (x 142B)
Class org.codehaus.groovy.ast.ClassNode                                               : loaded 2 times (x 242B)
Class org.jetbrains.kotlin.gradle.dsl.KotlinCommonCompilerToolOptions                 : loaded 2 times (x 69B)
Class org.jetbrains.kotlin.gradle.utils.GradleConfigurationUtilsKt$addGradlePluginMetadataAttributes$1: loaded 2 times (x 74B)
Class kotlin.reflect.jvm.internal.impl.builtins.functions.FunctionTypeKind            : loaded 2 times (x 71B)
Class org.jetbrains.kotlin.tooling.core.HasMutableExtras                              : loaded 2 times (x 69B)
Class kotlin.properties.ReadWriteProperty                                             : loaded 2 times (x 69B)
Class org.codehaus.groovy.ast.GroovyClassVisitor                                      : loaded 2 times (x 69B)
Class org.codehaus.groovy.reflection.MixinInMetaClass                                 : loaded 2 times (x 86B)
Class org.codehaus.groovy.runtime.m12n.ExtensionModuleRegistry                        : loaded 2 times (x 76B)
Class org.jetbrains.kotlin.gradle.tasks.CompileUsingKotlinDaemon                      : loaded 2 times (x 69B)
Class [Lcom.android.ide.common.repository.AgpVersion$PreviewKind;                     : loaded 2 times (x 68B)
Class org.jetbrains.kotlin.gradle.plugin.RegisterKotlinPluginExtensionsKt             : loaded 2 times (x 70B)
Class org.jetbrains.kotlin.gradle.plugin.statistics.BuildFusService$Parameters_Decorated: loaded 2 times (x 142B)
Class org.jetbrains.kotlin.gradle.internal.transforms.BuildToolsApiClasspathEntrySnapshotTransform$Inject1: loaded 2 times (x 112B)
Class org.jetbrains.kotlin.gradle.dsl.abi.AbiValidationLegacyDumpExtension            : loaded 2 times (x 69B)
Class org.jetbrains.kotlin.gradle.dsl.KotlinCommonCompilerOptionsHelper               : loaded 2 times (x 70B)
Class com.android.resources.FolderTypeRelationship                                    : loaded 2 times (x 70B)
Class com.google.protobuf.ProtocolMessageEnum                                         : loaded 2 times (x 69B)
Class kotlin.coroutines.CoroutineContext$Element                                      : loaded 2 times (x 69B)
Class org.jetbrains.kotlin.gradle.tasks.KotlinCompile$javaSources$1                   : loaded 2 times (x 74B)
Class org.jetbrains.kotlin.gradle.plugin.abi.UtilsKt                                  : loaded 2 times (x 70B)
Class groovyjarjarasm.asm.RecordComponentVisitor                                      : loaded 2 times (x 76B)
Class com.android.prefs.AndroidLocationsException                                     : loaded 2 times (x 81B)
Class kotlin.collections.CollectionsKt__IteratorsKt                                   : loaded 2 times (x 70B)
Class [Lcom.google.protobuf.ProtocolMessageEnum;                                      : loaded 2 times (x 68B)
Class org.codehaus.groovy.util.AbstractConcurrentMap                                  : loaded 2 times (x 81B)
Class org.codehaus.groovy.runtime.metaclass.MetaMethodIndex$EntryIterator             : loaded 2 times (x 69B)
Class kotlin.reflect.jvm.internal.impl.resolve.jvm.JvmPrimitiveType                   : loaded 2 times (x 78B)
Class build_a17zssowby5u5y11ddl9usckl$_run_closure1                                   : loaded 2 times (x 138B)
Class com.google.common.collect.ReverseOrdering                                       : loaded 2 times (x 114B)
Class org.jetbrains.kotlin.konan.target.KonanTarget$MACOS_ARM64                       : loaded 2 times (x 77B)
Class org.jetbrains.kotlin.compilerRunner.GradleCliCommonizerKt                       : loaded 2 times (x 70B)
Class com.android.ide.common.resources.DataFile$FileType                              : loaded 2 times (x 78B)
Class com.google.common.collect.TransformedListIterator                               : loaded 2 times (x 92B)
Class org.jetbrains.kotlin.gradle.internal.transforms.BuildToolsApiClasspathEntrySnapshotTransform: loaded 2 times (x 81B)
Class org.jetbrains.kotlin.gradle.plugin.diagnostics.ToolingDiagnosticRenderingOptionsKt$WhenMappings: loaded 2 times (x 70B)
Class kotlin.reflect.jvm.internal.impl.builtins.CompanionObjectMapping                : loaded 2 times (x 70B)
Class com.google.common.cache.LocalCache$ValueIterator                                : loaded 2 times (x 85B)
Class com.google.common.base.Ticker$1                                                 : loaded 2 times (x 71B)
Class org.gradle.api.internal.DefaultClassPathRegistry                                : loaded 2 times (x 75B)
Class com.google.gson.TypeAdapter                                                     : loaded 2 times (x 72B)
Class com.google.common.base.Splitter$5                                               : loaded 2 times (x 79B)
Class org.jetbrains.kotlin.gradle.targets.ConfigureNonPackedKlibConsumingSideEffectKt$ConfigureNonPackedKlibConsumingSideEffect$1: loaded 2 times (x 73B)
Class org.jetbrains.kotlin.gradle.plugin.KotlinProjectSetupAction                     : loaded 2 times (x 69B)
Class org.codehaus.groovy.runtime.wrappers.Wrapper                                    : loaded 2 times (x 87B)
Class com.android.tools.lint.model.LintModelModuleType                                : loaded 2 times (x 78B)
Class org.jetbrains.kotlin.statistics.metrics.NumberOverridePolicy$OVERRIDE$fromStringRepresentation$1: loaded 2 times (x 77B)
Class org.jetbrains.kotlin.gradle.dsl.ToolchainSupport$Companion                      : loaded 2 times (x 70B)
Class groovy.lang.MetaObjectProtocol                                                  : loaded 2 times (x 69B)
Class com.google.common.collect.AbstractIterator$State                                : loaded 2 times (x 78B)
Class com.google.common.collect.ImmutableSortedMap                                    : loaded 2 times (x 177B)
Class [Lorg.jetbrains.kotlin.gradle.plugin.mpp.compilationImpl.DefaultKotlinCompilationFriendPathsResolver$FriendArtifactResolver;: loaded 2 times (x 68B)
Class org.jetbrains.kotlin.gradle.dsl.IosSourceSetConventionChecker$runChecks$1       : loaded 2 times (x 87B)
Class com.google.common.util.concurrent.AbstractFuture$Cancellation                   : loaded 2 times (x 71B)
Class [Lorg.objectweb.asm.Symbol;                                                     : loaded 2 times (x 68B)
Class org.codehaus.groovy.ast.Parameter                                               : loaded 2 times (x 150B)
Class org.codehaus.groovy.reflection.stdclasses.DoubleCachedClass                     : loaded 2 times (x 94B)
Class com.google.common.collect.Multimaps$Entries                                     : loaded 2 times (x 117B)
Class com.google.common.base.Predicates                                               : loaded 2 times (x 70B)
Class com.google.common.collect.Interner                                              : loaded 2 times (x 69B)
Class org.jetbrains.kotlin.gradle.plugin.mpp.compilationImpl.CreateCInteropTasksSideEffectKt: loaded 2 times (x 70B)
Class org.jetbrains.kotlin.gradle.plugin.internal.CompatibilityConventionRegistrar    : loaded 2 times (x 69B)
Class org.jetbrains.kotlin.gradle.dsl.KotlinProjectExtension$awaitSourceSets$1        : loaded 2 times (x 87B)
Class org.codehaus.groovy.reflection.stdclasses.IntegerCachedClass                    : loaded 2 times (x 94B)
Class com.android.tools.lint.model.DefaultLintModelMavenName                          : loaded 2 times (x 86B)
Class org.jetbrains.kotlin.gradle.targets.ConfigureBuildSideEffectKt$ConfigureBuildSideEffect$1: loaded 2 times (x 73B)
Class kotlin.reflect.jvm.internal.KPackageImpl                                        : loaded 2 times (x 84B)
Class org.jetbrains.kotlin.gradle.plugin.mpp.KotlinMetadataTarget                     : loaded 2 times (x 160B)
Class org.jetbrains.kotlin.gradle.plugin.KotlinGradleBuildServices$Parameters_Decorated: loaded 2 times (x 133B)
Class org.jetbrains.kotlin.gradle.plugin.internal.DefaultCompatibilityConventionRegistrar$Factory: loaded 2 times (x 75B)
Class com.google.protobuf.InvalidProtocolBufferException$InvalidWireTypeException     : loaded 2 times (x 87B)
Class org.codehaus.groovy.reflection.stdclasses.ShortCachedClass                      : loaded 2 times (x 94B)
Class org.jetbrains.kotlin.statistics.metrics.NumberAnonymizationPolicy               : loaded 2 times (x 84B)
Class org.gradle.api.internal.classpath.DefaultModuleRegistry$DefaultModule           : loaded 2 times (x 85B)
Class kotlin.coroutines.ContinuationInterceptor$Key                                   : loaded 2 times (x 70B)
Class org.jetbrains.kotlin.gradle.plugin.diagnostics.checkers.KotlinTargetAlreadyDeclaredChecker$runChecks$1: loaded 2 times (x 87B)
Class org.jetbrains.kotlin.gradle.targets.native.SetupEmbedAndSignAppleFrameworkTaskSideEffectKt: loaded 2 times (x 70B)
Class groovyjarjarasm.asm.ClassTooLargeException                                      : loaded 2 times (x 82B)
Class com.google.common.io.LineReader                                                 : loaded 2 times (x 71B)
Class org.jetbrains.kotlin.gradle.plugin.diagnostics.checkers.MissingNativeStdlibChecker$runChecks$1: loaded 2 times (x 87B)
Class org.jetbrains.kotlin.gradle.plugin.mpp.KotlinVariant                            : loaded 2 times (x 100B)
Class org.jetbrains.kotlin.gradle.plugin.statistics.BuildFinishBuildService$Companion : loaded 2 times (x 70B)
Class org.jetbrains.kotlin.gradle.utils.StoredLazyProperty                            : loaded 2 times (x 74B)
Class org.codehaus.groovy.runtime.dgmimpl.NumberNumberPlus                            : loaded 2 times (x 113B)
Class org.jetbrains.kotlin.gradle.plugin.PropertiesProvider$separateKmpCompilation$1  : loaded 2 times (x 78B)
Class org.jetbrains.kotlin.gradle.targets.native.internal.SetupKotlinNativePlatformDependenciesAndStdlibKt$SetupKotlinNativePlatformDependenciesAndStdlib$1: loaded 2 times (x 73B)
Class org.jetbrains.kotlin.gradle.plugin.DefaultKotlinBasePlugin$addKotlinCompilerConfiguration$2$1$1$1: loaded 2 times (x 74B)
Class groovyjarjarasm.asm.Attribute                                                   : loaded 2 times (x 76B)
Class org.jetbrains.kotlin.gradle.utils.WhenPluginEnabledKt$whenPluginsEnabled$1      : loaded 2 times (x 74B)
Class com.google.common.collect.AbstractTable$CellSet                                 : loaded 2 times (x 135B)
Class com.android.ide.common.rendering.api.AttrResourceValueImpl                      : loaded 2 times (x 121B)
Class org.jetbrains.kotlin.gradle.targets.js.npm.NpmDependencyExtension               : loaded 2 times (x 69B)
Class org.jetbrains.kotlin.gradle.tasks.DefaultKotlinJavaToolchain$Companion          : loaded 2 times (x 70B)
Class com.android.resources.ScreenRatio                                               : loaded 2 times (x 85B)
Class com.google.protobuf.AbstractMessage                                             : loaded 2 times (x 163B)
Class org.jetbrains.kotlin.gradle.tasks.K2MultiplatformStructure$Fragment             : loaded 2 times (x 71B)
Class org.jetbrains.kotlin.gradle.plugin.diagnostics.checkers.AndroidPluginWithoutAndroidTargetChecker: loaded 2 times (x 73B)
Class org.jetbrains.kotlin.gradle.targets.js.npm.PeerNpmDependencyExtension           : loaded 2 times (x 69B)
Class org.jetbrains.kotlin.gradle.plugin.PropertiesProvider$localProperties$2         : loaded 2 times (x 78B)
Class org.jetbrains.kotlin.gradle.internal.KotlinDependenciesManagementKt$CustomizeKotlinDependenciesSetupAction$1: loaded 2 times (x 73B)
Class org.jetbrains.kotlin.gradle.plugin.UsesBuildFinishedListenerService             : loaded 2 times (x 69B)
Class org.jetbrains.kotlin.konan.target.KonanTarget                                   : loaded 2 times (x 77B)
Class org.jetbrains.kotlin.gradle.plugin.KotlinPlatformType                           : loaded 2 times (x 81B)
Class kotlin.reflect.KMutableProperty                                                 : loaded 2 times (x 69B)
Class kotlin.reflect.KClassifier                                                      : loaded 2 times (x 69B)
Class org.jetbrains.kotlin.gradle.plugin.mpp.compilationImpl.factory.CompositePostConfigure: loaded 2 times (x 74B)
Class [Lorg.jetbrains.kotlin.gradle.plugin.HasProject;                                : loaded 2 times (x 68B)
Class org.jetbrains.kotlin.gradle.plugin.statistics.FlowActionBuildFusService$getConfigurationTimeMetrics$1: loaded 2 times (x 74B)
Class org.jetbrains.kotlin.gradle.plugin.internal.DefaultConfigurationCacheStartParameterAccessorVariantFactory: loaded 2 times (x 75B)
Class org.codehaus.groovy.runtime.dgm$1154                                            : loaded 2 times (x 95B)
Class org.jetbrains.kotlin.gradle.utils.CompilerOptionsKt$configureExperimentalTryNext$1$1: loaded 2 times (x 77B)
Class com.google.common.collect.ImmutableSortedAsList                                 : loaded 2 times (x 182B)
Class com.google.common.cache.RemovalCause$1                                          : loaded 2 times (x 79B)
Class org.jetbrains.kotlin.gradle.plugin.diagnostics.KotlinToolingDiagnosticsCollectorKt$kotlinToolingDiagnosticsCollectorProvider$1$execute$$inlined$variantImplementationFactoryProvider$1: loaded 2 times (x 73B)
Class com.google.common.cache.RemovalCause$2                                          : loaded 2 times (x 79B)
Class com.google.common.cache.RemovalCause$3                                          : loaded 2 times (x 79B)
Class org.jetbrains.kotlin.gradle.plugin.mpp.KotlinMetadataCompilation                : loaded 2 times (x 69B)
Class org.jetbrains.kotlin.gradle.plugin.sources.KotlinDependencyScope                : loaded 2 times (x 78B)
Class org.jetbrains.kotlin.gradle.tasks.configuration.BaseKotlinCompileConfig$configureCommonParameters$1: loaded 2 times (x 73B)
Class org.jetbrains.kotlin.gradle.utils.ResourceUtilsKt                               : loaded 2 times (x 70B)
Class org.codehaus.groovy.reflection.ReflectionCache                                  : loaded 2 times (x 70B)
Class kotlin.text.StringsKt__StringsKt                                                : loaded 2 times (x 70B)
Class com.google.common.cache.RemovalCause$4                                          : loaded 2 times (x 79B)
Class org.jetbrains.kotlin.gradle.tasks.configuration.BaseKotlinCompileConfig$configureCommonParameters$2: loaded 2 times (x 74B)
Class org.jetbrains.kotlin.gradle.internal.abi.AbiValidationLegacyDumpExtensionImpl_Decorated: loaded 2 times (x 130B)
Class com.android.tools.lint.model.DefaultLintModelVariant$artifact$2                 : loaded 2 times (x 78B)
Class com.google.common.cache.RemovalCause$5                                          : loaded 2 times (x 79B)
Class org.jetbrains.kotlin.gradle.plugin.AbstractKotlinJsPluginWrapper                : loaded 2 times (x 85B)
Class org.codehaus.groovy.util.AbstractConcurrentMapBase$Entry                        : loaded 2 times (x 69B)
Class kotlin.comparisons.ComparisonsKt___ComparisonsKt                                : loaded 2 times (x 70B)
Class org.jetbrains.kotlin.gradle.plugin.statistics.KotlinBuildStatisticsUtilsKt      : loaded 2 times (x 70B)
Class [Lorg.jetbrains.kotlin.gradle.plugin.sources.KotlinDependencyScope;             : loaded 2 times (x 68B)
Class org.jetbrains.kotlin.gradle.utils.ConfigurationsKt$maybeCreateDependencyScope$1 : loaded 2 times (x 77B)
Class org.jetbrains.kotlin.gradle.plugin.KotlinJsPluginWrapper                        : loaded 2 times (x 85B)
Class com.google.common.base.Suppliers$SupplierOfInstance                             : loaded 2 times (x 78B)
Class [Lorg.jetbrains.kotlin.gradle.dsl.jvm.JvmTargetValidationMode;                  : loaded 2 times (x 68B)
Class org.jetbrains.kotlin.gradle.tasks.configuration.AbstractKotlinCompileConfig$1$1 : loaded 2 times (x 73B)
Class org.jetbrains.kotlin.konan.target.KonanTarget$TVOS_ARM64                        : loaded 2 times (x 77B)
Class org.objectweb.asm.RecordComponentVisitor                                        : loaded 2 times (x 76B)
Class org.jetbrains.kotlin.gradle.tasks.configuration.AbstractKotlinCompileConfig$1$2 : loaded 2 times (x 73B)
Class org.jetbrains.kotlin.tooling.core.Extras$Entry$Companion                        : loaded 2 times (x 70B)
Class org.jetbrains.kotlin.gradle.plugin.mpp.HierarchyAttributeContainer              : loaded 2 times (x 82B)
Class org.jetbrains.kotlin.build.report.metrics.GradleBuildTime                       : loaded 2 times (x 87B)
Class com.android.ide.common.resources.configuration.CountryCodeQualifier             : loaded 2 times (x 87B)
Class kotlin.text.Regex$Companion                                                     : loaded 2 times (x 70B)
Class com.google.common.reflect.Types$ClassOwnership$1                                : loaded 2 times (x 79B)
Class com.google.common.reflect.Invokable                                             : loaded 2 times (x 100B)
Class org.jetbrains.kotlin.gradle.tasks.configuration.AbstractKotlinCompileConfig$1$4 : loaded 2 times (x 74B)
Class org.jetbrains.kotlin.build.report.metrics.GradleBuildPerformanceMetric$Companion: loaded 2 times (x 70B)
Class com.google.common.reflect.Types$ClassOwnership$2                                : loaded 2 times (x 79B)
Class org.jetbrains.kotlin.gradle.tasks.configuration.AbstractKotlinCompileConfig$1$5 : loaded 2 times (x 75B)
Class org.jetbrains.kotlin.gradle.plugin.diagnostics.checkers.OverriddenKotlinNativeHomeChecker$StdlibExistenceCheckerValueSource$Params: loaded 2 times (x 69B)
Class org.jetbrains.kotlin.gradle.plugin.KotlinCompilationToRunnableFiles             : loaded 2 times (x 69B)
Class com.google.common.reflect.Types$ClassOwnership$3                                : loaded 2 times (x 70B)
Class org.jetbrains.kotlin.gradle.tasks.configuration.AbstractKotlinCompileConfig$1$6 : loaded 2 times (x 74B)
Class org.jetbrains.kotlin.gradle.dsl.KotlinProjectExtensionKt                        : loaded 2 times (x 70B)
Class [Lgroovyjarjarasm.asm.Symbol;                                                   : loaded 2 times (x 68B)
Class com.android.tools.lint.model.LintModelDependencies                              : loaded 2 times (x 69B)
Class org.jetbrains.kotlin.gradle.plugin.mpp.KotlinSoftwareComponentKt                : loaded 2 times (x 70B)
Class org.jetbrains.kotlin.gradle.tasks.UsesKotlinJavaToolchain                       : loaded 2 times (x 69B)
Class [Lorg.jetbrains.kotlin.cli.common.CompilerSystemProperties;                     : loaded 2 times (x 68B)
Class org.objectweb.asm.signature.SignatureWriter                                     : loaded 2 times (x 87B)
Class org.jetbrains.kotlin.gradle.plugin.mpp.KotlinTargetComponentWithCoordinatesAndPublication: loaded 2 times (x 69B)
Class org.jetbrains.kotlin.gradle.artifacts.KotlinMetadataArtifactKt$KotlinMetadataArtifact$1: loaded 2 times (x 73B)
Class org.jetbrains.kotlin.gradle.plugin.DefaultKotlinBasePlugin$addKotlinCompilerConfiguration$1: loaded 2 times (x 74B)
Class it.unimi.dsi.fastutil.ints.IntArrays$ForkJoinQuickSortComp                      : loaded 2 times (x 89B)
Class org.codehaus.groovy.ast.stmt.SwitchStatement                                    : loaded 2 times (x 116B)
Class org.jetbrains.kotlin.tooling.core.ExtrasPropertyKt                              : loaded 2 times (x 70B)
Class org.jetbrains.kotlin.gradle.utils.WhenEvaluatedKt                               : loaded 2 times (x 70B)
Class org.jetbrains.kotlin.gradle.plugin.DefaultKotlinBasePlugin$addKotlinCompilerConfiguration$3: loaded 2 times (x 74B)
Class com.android.ide.common.resources.DataFile                                       : loaded 2 times (x 82B)
Class org.codehaus.groovy.GroovyBugError                                              : loaded 2 times (x 83B)
Class com.android.tools.lint.model.DefaultLintModelModule                             : loaded 2 times (x 97B)
Class com.google.common.cache.LocalCache$HashIterator                                 : loaded 2 times (x 85B)
Class org.jetbrains.kotlin.gradle.internal.tasks.ProducesKlib                         : loaded 2 times (x 69B)
Class org.jetbrains.kotlin.gradle.targets.CreateTargetConfigurationsSideEffectKt      : loaded 2 times (x 70B)
Class org.jetbrains.kotlin.gradle.plugin.VariantImplementationFactories$Companion$getProvider$2$1$1: loaded 2 times (x 74B)
Class com.google.common.collect.Tables$ImmutableCell                                  : loaded 2 times (x 81B)
Class [Lcom.android.resources.NavigationState;                                        : loaded 2 times (x 68B)
Class org.jetbrains.kotlin.gradle.utils.FailuresKt$ideaSyncClasspathModeUtil$1        : loaded 2 times (x 71B)
Class org.jetbrains.kotlin.gradle.plugin.mpp.KotlinUsages$KotlinCinteropCompatibility : loaded 2 times (x 76B)
Class org.codehaus.groovy.runtime.dgmimpl.arrays.LongArrayPutAtMetaMethod             : loaded 2 times (x 96B)
Class org.jetbrains.kotlin.cli.common.CompilerSystemProperties$value$1                : loaded 2 times (x 124B)
Class org.jetbrains.kotlin.gradle.plugin.sources.ConsistencyCheck                     : loaded 2 times (x 71B)
Class [Lorg.jetbrains.kotlin.gradle.plugin.HasKotlinDependencies;                     : loaded 2 times (x 68B)
Class org.jetbrains.kotlin.cli.common.messages.MessageCollector$Companion             : loaded 2 times (x 70B)
Class org.jetbrains.kotlin.cli.common.CompilerSystemProperties$value$2                : loaded 2 times (x 124B)
Class com.google.common.cache.LocalCache$WriteThroughEntry                            : loaded 2 times (x 78B)
Class org.jetbrains.kotlin.gradle.plugin.statistics.BuildFinishBuildService$Companion$registerIfAbsent$1: loaded 2 times (x 74B)
Class org.objectweb.asm.ClassTooLargeException                                        : loaded 2 times (x 82B)
Class org.jetbrains.kotlin.gradle.plugin.diagnostics.checkers.OverriddenKotlinNativeHomeChecker$StdlibExistenceCheckerValueSource$Inject: loaded 2 times (x 108B)
Class org.jetbrains.kotlin.gradle.plugin.diagnostics.CheckKotlinGradlePluginConfigurationErrorsKt$locateOrRegisterCheckKotlinGradlePluginErrorsTask$taskProvider$1: loaded 2 times (x 74B)
Class org.jetbrains.kotlin.gradle.artifacts.KotlinJsKlibArtifactKt                    : loaded 2 times (x 70B)
Class com.google.protobuf.UnsafeUtil$MemoryAccessor                                   : loaded 2 times (x 90B)
Class org.jetbrains.kotlin.gradle.plugin.mpp.compilationImpl.DefaultKotlinCompilationSourceSetsContainer: loaded 2 times (x 77B)
Class com.android.prefs.AndroidLocationsProvider                                      : loaded 2 times (x 69B)
Class org.jetbrains.kotlin.gradle.plugin.mpp.compilationImpl.factory.KotlinCompilationImplFactory$KotlinCompilationSourceSetsContainerFactory: loaded 2 times (x 69B)
Class org.jetbrains.kotlin.gradle.internal.properties.PropertiesBuildService$Params   : loaded 2 times (x 69B)
Class org.gradle.api.internal.classpath.UnknownModuleException                        : loaded 2 times (x 81B)
Class kotlin.coroutines.intrinsics.IntrinsicsKt__IntrinsicsJvmKt                      : loaded 2 times (x 70B)
Class org.jetbrains.kotlin.gradle.internal.IdeaKt$isInIdeaEnvironment$1               : loaded 2 times (x 73B)
Class com.android.tools.analytics.Environment                                         : loaded 2 times (x 72B)
Class org.jetbrains.kotlin.konan.target.TargetSupportException                        : loaded 2 times (x 81B)
Class org.jetbrains.kotlin.gradle.internal.IdeaKt$isInIdeaEnvironment$2               : loaded 2 times (x 73B)
Class org.codehaus.groovy.runtime.callsite.BooleanClosureWrapper                      : loaded 2 times (x 73B)
Class kotlin.collections.MapsKt__MapsJVMKt                                            : loaded 2 times (x 70B)
Class com.google.common.collect.FluentIterable                                        : loaded 2 times (x 80B)
Class org.jetbrains.kotlin.gradle.tasks.AbstractKotlinCompileTool$sources$1           : loaded 2 times (x 78B)
Class org.jetbrains.kotlin.konan.target.KonanTarget$IOS_X64                           : loaded 2 times (x 77B)
Class com.google.common.util.concurrent.AbstractFuture$Listener                       : loaded 2 times (x 71B)
Class com.google.protobuf.CodedInputStream                                            : loaded 2 times (x 118B)
Class org.codehaus.groovy.reflection.ClassInfo$GlobalClassSet                         : loaded 2 times (x 75B)
Class com.android.tools.lint.model.DefaultLintModelVariant$mainArtifact$2             : loaded 2 times (x 78B)
Class kotlin.reflect.KProperty0                                                       : loaded 2 times (x 69B)
Class com.google.common.collect.CollectSpliterators$1                                 : loaded 2 times (x 89B)
Class org.jetbrains.kotlin.gradle.plugin.mpp.InternalKotlinTargetComponent            : loaded 2 times (x 92B)
Class kotlin.reflect.KProperty1                                                       : loaded 2 times (x 69B)
Class org.apache.commons.io.output.AbstractByteArrayOutputStream                      : loaded 2 times (x 101B)
Class org.jetbrains.kotlin.gradle.plugin.mpp.compilationImpl.KotlinCompilationRegisterInSourceSetsConfigurator$configure$1: loaded 2 times (x 78B)
Class org.jetbrains.kotlin.gradle.tasks.configuration.BaseKotlinCompileConfig         : loaded 2 times (x 71B)
Class org.jetbrains.kotlin.gradle.plugin.diagnostics.checkers.AndroidPublicationNotConfiguredChecker$runChecks$1: loaded 2 times (x 87B)
Class kotlin.time.Duration$Companion                                                  : loaded 2 times (x 70B)
Class kotlin.reflect.KProperty2                                                       : loaded 2 times (x 69B)
Class it.unimi.dsi.fastutil.objects.AbstractObjectSet                                 : loaded 2 times (x 178B)
Class org.jetbrains.kotlin.gradle.internal.diagnostics.AgpCompatibilityCheck$runAgpCompatibilityCheckIfAgpIsApplied$1$1: loaded 2 times (x 74B)
Class [Lcom.google.protobuf.Internal$EnumLite;                                        : loaded 2 times (x 68B)
Class com.google.common.collect.MapMakerInternalMap$StrongKeyDummyValueEntry$LinkedStrongKeyDummyValueEntry: loaded 2 times (x 81B)
Class com.google.common.collect.Iterables$4                                           : loaded 2 times (x 80B)
Class org.jetbrains.kotlin.gradle.tasks.DefaultKotlinJavaToolchain$DefaultJdkSetter   : loaded 2 times (x 75B)
Class org.jetbrains.kotlin.compilerRunner.GradleCompilerRunner$Companion              : loaded 2 times (x 70B)
Class org.jetbrains.kotlin.gradle.dsl.KotlinVersion$Companion                         : loaded 2 times (x 70B)
Class org.codehaus.groovy.ast.ImportNode                                              : loaded 2 times (x 129B)
Class org.codehaus.groovy.control.messages.SyntaxErrorMessage                         : loaded 2 times (x 73B)
Class org.codehaus.groovy.ast.expr.TupleExpression                                    : loaded 2 times (x 137B)
Class com.google.common.collect.Iterables$5                                           : loaded 2 times (x 80B)
Class org.objectweb.asm.Edge                                                          : loaded 2 times (x 71B)
Class org.jetbrains.kotlin.gradle.plugin.AbstractKotlinAndroidPluginWrapper           : loaded 2 times (x 85B)
Class com.android.tools.analytics.AnalyticsSettingsData$Companion                     : loaded 2 times (x 70B)
Class org.jetbrains.kotlin.gradle.plugin.KotlinJvmPlugin                              : loaded 2 times (x 78B)
Class com.google.protobuf.Internal$ProtobufList                                       : loaded 2 times (x 69B)
Class [Lorg.codehaus.groovy.reflection.CachedField;                                   : loaded 2 times (x 68B)
Class org.codehaus.groovy.reflection.CachedConstructor                                : loaded 2 times (x 87B)
Class org.gradle.kotlin.dsl.Accessors3b22zubz91h1vnit99qiq17ljKt                      : loaded 2 times (x 70B)
Class org.jetbrains.kotlin.gradle.internal.properties.PropertiesBuildService$Inject   : loaded 2 times (x 95B)
Class org.codehaus.groovy.runtime.metaclass.MetaMethodIndex$Header                    : loaded 2 times (x 71B)
Class com.android.ide.common.gradle.Version$Companion$ParseState                      : loaded 2 times (x 69B)
Class it.unimi.dsi.fastutil.longs.LongSet                                             : loaded 2 times (x 69B)
Class org.jetbrains.kotlin.gradle.plugin.VariantImplementationFactories$Companion     : loaded 2 times (x 70B)
Class org.jetbrains.kotlin.gradle.utils.AndroidPluginIdsKt                            : loaded 2 times (x 70B)
Class org.apache.groovy.util.Maps                                                     : loaded 2 times (x 70B)
Class kotlin.jvm.internal.ArrayIteratorKt                                             : loaded 2 times (x 70B)
Class kotlin.collections.ArraysKt___ArraysKt                                          : loaded 2 times (x 70B)
Class org.jetbrains.kotlin.gradle.tasks.configuration.AbstractKotlinCompileConfigKt$explicitApiMode$1: loaded 2 times (x 74B)
Class org.jetbrains.kotlin.gradle.targets.js.dsl.KotlinWasmWasiTargetDsl              : loaded 2 times (x 69B)
Class com.android.ide.common.rendering.api.ResourceValue                              : loaded 2 times (x 69B)
Class [Lcom.android.prefs.LocationValue;                                              : loaded 2 times (x 68B)
Class org.jetbrains.kotlin.gradle.targets.js.npm.BaseNpmDependencyExtension           : loaded 2 times (x 69B)
Class [Lgroovy.lang.MetaClassRegistryChangeEventListener;                             : loaded 2 times (x 68B)
Class kotlin.coroutines.Continuation                                                  : loaded 2 times (x 69B)
Class org.jetbrains.kotlin.gradle.plugin.AbstractKotlinPlugin$Companion               : loaded 2 times (x 70B)
Class org.jetbrains.kotlin.gradle.dsl.IosSourceSetConventionChecker                   : loaded 2 times (x 73B)
Class org.codehaus.groovy.util.ReferenceType$SoftRef                                  : loaded 2 times (x 85B)
Class kotlin.text.StringsKt__StringNumberConversionsJVMKt                             : loaded 2 times (x 70B)
Class org.jetbrains.kotlin.gradle.plugin.sources.FragmentConsistencyChecks            : loaded 2 times (x 71B)
Class org.jetbrains.kotlin.gradle.plugin.HasProject                                   : loaded 2 times (x 69B)
Class [Lorg.objectweb.asm.SymbolTable$Entry;                                          : loaded 2 times (x 68B)
Class kotlin.ranges.IntProgression$Companion                                          : loaded 2 times (x 70B)
Class com.google.common.reflect.Types$JavaVersion                                     : loaded 2 times (x 82B)
Class org.jetbrains.kotlin.gradle.tooling.BuildKotlinToolingMetadataTask$FromKotlinExtension: loaded 2 times (x 316B)
Class org.jetbrains.kotlin.gradle.dsl.AndroidMainSourceSetConventionsChecker          : loaded 2 times (x 73B)
Class org.jetbrains.kotlin.gradle.plugin.mpp.compilationImpl.KotlinCompilationSideEffect: loaded 2 times (x 69B)
Class org.jetbrains.kotlin.gradle.plugin.statistics.BuildFinishFlowProviderManager$subscribeForBuildResults$1: loaded 2 times (x 74B)
Class org.jetbrains.kotlin.gradle.internal.properties.PropertiesBuildService$NullableBooleanGradleProperty: loaded 2 times (x 75B)
Class org.codehaus.groovy.runtime.metaclass.MethodHelper                              : loaded 2 times (x 70B)
Class org.jetbrains.kotlin.gradle.tasks.publishing.HelpersKt$maybeCreateBcConfiguration$1$1: loaded 2 times (x 74B)
Class kotlin.collections.builders.AbstractMapBuilderEntrySet                          : loaded 2 times (x 143B)
Class com.google.protobuf.Internal$ListAdapter$Converter                              : loaded 2 times (x 69B)
Class org.codehaus.groovy.runtime.dgmimpl.arrays.DoubleArrayGetAtMetaMethod           : loaded 2 times (x 96B)
Class kotlin.TuplesKt                                                                 : loaded 2 times (x 70B)
Class org.jetbrains.kotlin.gradle.internal.abi.AbiFiltersSpecImpl_Decorated           : loaded 2 times (x 135B)
Class kotlin.KotlinVersionCurrentValue                                                : loaded 2 times (x 70B)
Class org.codehaus.groovy.runtime.metaclass.MissingPropertyExceptionNoStack           : loaded 2 times (x 88B)
Class kotlin.text.CharsKt__CharJVMKt                                                  : loaded 2 times (x 70B)
Class org.apache.commons.io.file.PathFilter                                           : loaded 2 times (x 69B)
Class com.google.common.collect.AbstractMapBasedMultimap$WrappedNavigableSet          : loaded 2 times (x 215B)
Class org.jetbrains.kotlin.gradle.utils.ProviderApiUtilsKt$providerWithLazyConvention$1: loaded 2 times (x 73B)
Class com.android.ide.common.resources.configuration.ScreenDimensionQualifier         : loaded 2 times (x 88B)
Class groovy.grape.GrapeIvy                                                           : loaded 2 times (x 126B)
Class groovy.lang.MetaClassImpl$MetaConstructor                                       : loaded 2 times (x 95B)
Class com.google.common.collect.CollectSpliterators$1WithCharacteristics              : loaded 2 times (x 89B)
Class com.google.common.base.Suppliers$MemoizingSupplier                              : loaded 2 times (x 78B)
Class org.jetbrains.kotlin.gradle.plugin.diagnostics.checkers.KmpPartiallyResolvedDependenciesChecker$runChecks$1: loaded 2 times (x 87B)
Class it.unimi.dsi.fastutil.ints.IntArraySet                                          : loaded 2 times (x 234B)
Class it.unimi.dsi.fastutil.Hash                                                      : loaded 2 times (x 69B)
Class org.jetbrains.kotlin.gradle.tasks.configuration.TaskConfigAction$configureTask$1: loaded 2 times (x 78B)
Class org.jetbrains.kotlin.gradle.plugin.diagnostics.checkers.MissingNativeStdlibChecker: loaded 2 times (x 73B)
Class org.jetbrains.kotlin.gradle.plugin.VariantImplementationFactoriesConfigurator   : loaded 2 times (x 75B)
Class com.google.common.base.Suppliers                                                : loaded 2 times (x 70B)
Class org.codehaus.groovy.runtime.memoize.ValueConvertable                            : loaded 2 times (x 69B)
Class org.codehaus.groovy.util.ReferenceType$1                                        : loaded 2 times (x 79B)
Class kotlin.reflect.jvm.internal.KClassifierImpl                                     : loaded 2 times (x 69B)
Class org.codehaus.groovy.util.ReferenceType$2                                        : loaded 2 times (x 79B)
Class org.jetbrains.kotlin.gradle.plugin.statistics.FinalizeConfigurationFusMetricActionKt: loaded 2 times (x 70B)
Class org.codehaus.groovy.util.ReferenceType$3                                        : loaded 2 times (x 79B)
Class org.codehaus.groovy.util.ReferenceType$4                                        : loaded 2 times (x 79B)
Class kotlin.io.path.PathsKt                                                          : loaded 2 times (x 70B)
Class org.jetbrains.kotlin.gradle.plugin.diagnostics.checkers.AndroidPluginWithoutAndroidTargetChecker$runChecks$1: loaded 2 times (x 87B)
Class kotlin.jvm.internal.MutablePropertyReference1Impl                               : loaded 2 times (x 136B)
Class org.jetbrains.kotlin.gradle.internal.properties.NativePropertiesLoader$jvmArgs$1: loaded 2 times (x 74B)
Class org.jetbrains.kotlin.gradle.plugin.internal.DefaultProjectIsolationStartParameterAccessor_Decorated: loaded 2 times (x 124B)
Class com.google.protobuf.MapFieldReflectionAccessor                                  : loaded 2 times (x 73B)
Class org.codehaus.groovy.ast.stmt.LoopingStatement                                   : loaded 2 times (x 69B)
Class kotlin.LazyKt__LazyJVMKt                                                        : loaded 2 times (x 70B)
Class kotlin.text.StringsKt__IndentKt                                                 : loaded 2 times (x 70B)
Class org.jetbrains.kotlin.gradle.utils.Completable$await$1                           : loaded 2 times (x 87B)
Class org.jetbrains.kotlin.gradle.tasks.TasksProviderKt                               : loaded 2 times (x 70B)
Class com.android.ide.common.rendering.api.TextResourceValueImpl                      : loaded 2 times (x 108B)
Class com.google.common.collect.MapMakerInternalMap$StrongKeyDummyValueEntry          : loaded 2 times (x 81B)
Class org.jetbrains.kotlin.gradle.plugin.hierarchy.KotlinSourceSetTreeClassifier      : loaded 2 times (x 69B)
Class org.jetbrains.kotlin.gradle.plugin.diagnostics.KotlinGradleProjectChecker$Companion: loaded 2 times (x 70B)
Class com.google.common.cache.LoadingCache                                            : loaded 2 times (x 69B)
Class org.gradle.internal.service.ServiceLookupException                              : loaded 2 times (x 81B)
Class kotlin.SafePublicationLazyImpl$Companion                                        : loaded 2 times (x 70B)
Class kotlin.collections.MapsKt__MapWithDefaultKt                                     : loaded 2 times (x 70B)
Class com.google.common.collect.MapMakerInternalMap$StrongKeyDummyValueSegment        : loaded 2 times (x 141B)
Class org.codehaus.groovy.ast.stmt.AssertStatement                                    : loaded 2 times (x 113B)
Class com.android.tools.lint.model.DefaultLintModelVariant                            : loaded 2 times (x 100B)
Class org.jetbrains.kotlin.build.report.metrics.BuildPerformanceMetrics$Companion     : loaded 2 times (x 70B)
Class org.jetbrains.kotlin.gradle.plugin.mpp.InternalKotlinTarget                     : loaded 2 times (x 69B)
Class org.jetbrains.kotlin.gradle.plugin.mpp.DefaultKotlinUsageContext                : loaded 2 times (x 107B)
Class org.codehaus.groovy.runtime.metaclass.DefaultMetaClassInfo                      : loaded 2 times (x 70B)
Class org.jetbrains.kotlin.cli.common.arguments.CommonToolArguments                   : loaded 2 times (x 72B)
Class org.jetbrains.kotlin.gradle.targets.native.toolchain.KotlinNativeBundleBuildService$Parameters_Decorated: loaded 2 times (x 142B)
Class groovy.lang.groovydoc.GroovydocHolder                                           : loaded 2 times (x 69B)
Class com.android.prefs.LocationValue                                                 : loaded 2 times (x 69B)
Class org.jetbrains.kotlin.gradle.tasks.TaskOutputsBackup                             : loaded 2 times (x 71B)
Class [Lorg.codehaus.groovy.ast.ASTNode;                                              : loaded 2 times (x 68B)
Class org.codehaus.groovy.control.CompilationUnit$IPrimaryClassNodeOperation          : loaded 2 times (x 69B)
Class org.jetbrains.kotlin.gradle.plugin.diagnostics.KotlinToolingDiagnosticsSetupActionKt$KotlinToolingDiagnosticsSetupAction$1$2$diagnostics$1: loaded 2 times (x 74B)
Class com.android.utils.DateProvider$1                                                : loaded 2 times (x 74B)
Class kotlin.sequences.SequencesKt__SequencesKt$asSequence$$inlined$Sequence$1        : loaded 2 times (x 74B)
Class org.jetbrains.kotlin.gradle.utils.WhenEvaluatedKt$whenEvaluated$afterAndroidDispatchQueue$1$1$1: loaded 2 times (x 74B)
Class org.jetbrains.kotlin.gradle.plugin.diagnostics.checkers.GradleDeprecatedPropertyChecker$DeprecatedProperty: loaded 2 times (x 71B)
Class groovyjarjarasm.asm.AnnotationWriter                                            : loaded 2 times (x 78B)
Class build_2oxvnf7ia8644kjcvqhcscl0w$_run_closure1                                   : loaded 2 times (x 138B)
Class org.jetbrains.kotlin.gradle.internal.abi.ConfigsKt$configureLegacyTasks$dumpTaskProvider$1: loaded 2 times (x 74B)
Class [Lorg.jetbrains.kotlin.build.report.metrics.GradleBuildPerformanceMetric;       : loaded 2 times (x 68B)
Class org.codehaus.groovy.ast.ClassNode$MapOfLists                                    : loaded 2 times (x 74B)
Class org.codehaus.groovy.GroovyExceptionInterface                                    : loaded 2 times (x 69B)
Class org.codehaus.groovy.runtime.callsite.CallSite                                   : loaded 2 times (x 69B)
Class org.jetbrains.kotlin.gradle.plugin.mpp.compilationImpl.DefaultKotlinCompilationFriendPathsResolver$FriendArtifactResolver$Companion: loaded 2 times (x 70B)
Class [Lorg.jetbrains.kotlin.statistics.metrics.NumberOverridePolicy;                 : loaded 2 times (x 68B)
Class [Lgroovy.lang.MetaClass;                                                        : loaded 2 times (x 68B)
Class com.google.common.base.Present                                                  : loaded 2 times (x 80B)
Class com.google.common.collect.ReverseNaturalOrdering                                : loaded 2 times (x 113B)
Class org.jetbrains.kotlin.gradle.tasks.KotlinCompile$scriptExtensions$1              : loaded 2 times (x 78B)
Class org.jetbrains.kotlin.gradle.plugin.sources.DefaultKotlinSourceSet               : loaded 2 times (x 140B)
Class org.codehaus.groovy.runtime.EncodingGroovyMethods                               : loaded 2 times (x 70B)
Class org.codehaus.groovy.util.ReferenceManager$1                                     : loaded 2 times (x 76B)
Class com.android.ProgressManagerAdapter                                              : loaded 2 times (x 72B)
Class kotlin.reflect.jvm.internal.KMutableProperty1Impl                               : loaded 2 times (x 134B)
Class kotlin.collections.EmptySet                                                     : loaded 2 times (x 121B)
Class org.jetbrains.kotlin.gradle.plugin.mpp.InternalKotlinCompilationKt$awaitAllKotlinSourceSets$1: loaded 2 times (x 87B)
Class org.jetbrains.kotlin.gradle.internal.KotlinDependenciesManagementKt$configureDefaultVersionsResolutionStrategy$1: loaded 2 times (x 74B)
Class org.jetbrains.kotlin.gradle.plugin.statistics.BuildFusService$Parameters        : loaded 2 times (x 69B)
Class kotlin.reflect.jvm.internal.EmptyContainerForLocal                              : loaded 2 times (x 83B)
Class kotlin.text.DelimitedRangesSequence                                             : loaded 2 times (x 74B)
Class org.jetbrains.kotlin.tooling.core.ExtrasPropertyKt$extrasLazyProperty$1         : loaded 2 times (x 93B)
Class org.jetbrains.kotlin.gradle.plugin.UsesVariantImplementationFactories           : loaded 2 times (x 69B)
Class org.jetbrains.kotlin.gradle.plugin.PropertiesProvider$preciseCompilationResultsBackup$1: loaded 2 times (x 78B)
Class org.jetbrains.kotlin.gradle.plugin.diagnostics.ProblemsReporter$Factory         : loaded 2 times (x 69B)
Class groovy.lang.Range                                                               : loaded 2 times (x 69B)
Class groovy.lang.ObjectRange                                                         : loaded 2 times (x 205B)
Class it.unimi.dsi.fastutil.objects.ObjectIterator                                    : loaded 2 times (x 69B)
Class org.jetbrains.kotlin.gradle.tasks.GradleCompileTaskProvider_Decorated           : loaded 2 times (x 120B)
Class [Lorg.jetbrains.kotlin.build.report.metrics.BuildPerformanceMetric;             : loaded 2 times (x 68B)
Class [Lorg.gradle.api.internal.ClassPathProvider;                                    : loaded 2 times (x 68B)
Class kotlin.collections.MutableMapWithDefault                                        : loaded 2 times (x 69B)
Class Build_gradle$inlined$sam$i$org_gradle_api_Action$0                              : loaded 2 times (x 74B)
Class org.jetbrains.kotlin.gradle.utils.ConfigurationsKt$maybeCreateResolvable$1      : loaded 2 times (x 77B)
Class com.google.common.collect.ImmutableMultimap$Values                              : loaded 2 times (x 125B)
Class org.jetbrains.kotlin.gradle.plugin.diagnostics.KotlinToolingDiagnostics$WasmJsEnvironmentNotChosenExplicitly: loaded 2 times (x 72B)
Class org.jetbrains.kotlin.statistics.BuildSessionLogger$Companion                    : loaded 2 times (x 70B)
Class org.codehaus.groovy.ast.expr.VariableExpression                                 : loaded 2 times (x 156B)
Class org.jetbrains.kotlin.gradle.tasks.DefaultKotlinJavaToolchain$Companion$wireJvmTargetToJvm$1: loaded 2 times (x 74B)
Class it.unimi.dsi.fastutil.objects.ObjectIterable                                    : loaded 2 times (x 69B)
Class [Lorg.jetbrains.kotlin.gradle.dsl.KotlinVersion;                                : loaded 2 times (x 68B)
Class build_64s85pqvvoqxulxo7u9klpbia                                                 : loaded 2 times (x 179B)
Class org.jetbrains.kotlin.tooling.core.AbstractExtras                                : loaded 2 times (x 140B)
Class org.codehaus.groovy.reflection.stdclasses.ByteCachedClass                       : loaded 2 times (x 94B)
Class kotlin.collections.MapsKt                                                       : loaded 2 times (x 70B)
Class org.jetbrains.kotlin.gradle.tasks.publishing.HelpersKt$addSigningValidationHelpers$signingTask$1: loaded 2 times (x 78B)
Class org.jetbrains.kotlin.gradle.plugin.sources.KotlinDependencyScopeKt$WhenMappings : loaded 2 times (x 70B)
Class org.gradle.util.internal.GUtil                                                  : loaded 2 times (x 70B)
Class it.unimi.dsi.fastutil.ints.AbstractIntSet                                       : loaded 2 times (x 232B)
Class kotlin.coroutines.ContinuationInterceptor                                       : loaded 2 times (x 69B)
Class org.codehaus.groovy.runtime.metaclass.MetaMethodIndex$Entry                     : loaded 2 times (x 71B)
Class kotlin.jvm.internal.CollectionToArray                                           : loaded 2 times (x 70B)
Class com.google.common.collect.AbstractMapBasedMultimap$WrappedSortedSet             : loaded 2 times (x 170B)
Class org.jetbrains.kotlin.gradle.plugin.KotlinPluginWrapperKt                        : loaded 2 times (x 70B)
Class kotlin.reflect.jvm.internal.ReflectProperties                                   : loaded 2 times (x 70B)
Class groovy.lang.Script                                                              : loaded 2 times (x 94B)
Class org.jetbrains.kotlin.gradle.plugin.KotlinProjectSetupActionKt$KotlinProjectSetupCoroutine$1$1: loaded 2 times (x 94B)
Class [Lcom.google.common.reflect.Types$JavaVersion;                                  : loaded 2 times (x 68B)
Class org.jetbrains.kotlin.gradle.plugin.mpp.compilationImpl.KotlinCompilationConfigurationsContainer: loaded 2 times (x 69B)
Class com.google.gson.stream.JsonWriter                                               : loaded 2 times (x 97B)
Class org.codehaus.groovy.syntax.Types                                                : loaded 2 times (x 70B)
Class com.android.tools.lint.model.LintModelDependencyGraph                           : loaded 2 times (x 69B)
Class org.jetbrains.kotlin.gradle.plugin.DefaultKotlinBasePlugin$addKotlinCompilerConfiguration$3$1: loaded 2 times (x 78B)
Class androidx.annotation.experimental.lint.ExperimentalIssueRegistry                 : loaded 2 times (x 82B)
Class org.objectweb.asm.signature.SignatureReader                                     : loaded 2 times (x 73B)
Class org.jetbrains.kotlin.gradle.model.builder.KotlinModelBuilder$Companion          : loaded 2 times (x 70B)
Class org.jetbrains.kotlin.gradle.targets.NativeForwardImplementationToApiElementsSideEffectKt: loaded 2 times (x 70B)
Class org.jetbrains.kotlin.statistics.ValueAnonymizer                                 : loaded 2 times (x 69B)
Class org.gradle.internal.classloader.ClassLoaderSpec                                 : loaded 2 times (x 70B)
Class org.jetbrains.kotlin.gradle.tasks.configuration.BaseKotlinCompileConfig$1$1$classpathEntrySnapshotFiles$1: loaded 2 times (x 73B)
Class org.jetbrains.kotlin.gradle.dsl.abi.AbiFilterSetSpec                            : loaded 2 times (x 69B)
Class org.jetbrains.kotlin.gradle.utils.StringUtilsKt                                 : loaded 2 times (x 70B)
Class org.jetbrains.kotlin.gradle.dsl.JvmDefaultMode                                  : loaded 2 times (x 78B)
Class com.google.common.collect.StandardTable                                         : loaded 2 times (x 123B)
Class org.codehaus.groovy.runtime.InvokerHelper                                       : loaded 2 times (x 70B)
Class com.android.tools.lint.model.LintModelSeverity                                  : loaded 2 times (x 78B)
Class org.jetbrains.kotlin.gradle.dsl.abi.AbiValidationVariantSpec                    : loaded 2 times (x 69B)
Class org.jetbrains.kotlin.gradle.dsl.ToolchainSupport                                : loaded 2 times (x 69B)
Class org.jetbrains.kotlin.gradle.tasks.publishing.HelpersKt$maybeCreateBcConfiguration$1: loaded 2 times (x 78B)
Class com.android.tools.analytics.Environment$Companion                               : loaded 2 times (x 70B)
Class kotlin.jvm.JvmStatic                                                            : loaded 2 times (x 69B)
Class org.jetbrains.kotlin.gradle.plugin.internal.ProjectIsolationStartParameterAccessor: loaded 2 times (x 69B)
Class org.objectweb.asm.Frame                                                         : loaded 2 times (x 72B)
Class com.google.common.cache.LocalCache$LocalManualCache                             : loaded 2 times (x 98B)
Class org.jetbrains.kotlin.gradle.plugin.statistics.KotlinBuildStatsConfiguration     : loaded 2 times (x 71B)
Class kotlin.sequences.DropSequence                                                   : loaded 2 times (x 78B)
Class groovyjarjarasm.asm.FieldWriter                                                 : loaded 2 times (x 77B)
Class [Lkotlin.reflect.KAnnotatedElement;                                             : loaded 2 times (x 68B)
Class org.jetbrains.kotlin.gradle.plugin.mpp.compilationImpl.factory.KotlinCompilationImplFactory$KotlinCompilerOptionsFactory: loaded 2 times (x 69B)
Class org.jetbrains.kotlin.gradle.plugin.diagnostics.KotlinGradleProjectCheckersRunnerKt$launchKotlinGradleProjectCheckers$1$1: loaded 2 times (x 94B)
Class org.jetbrains.kotlin.gradle.plugin.KotlinPluginLifecycle$Stage$Companion        : loaded 2 times (x 70B)
Class org.codehaus.groovy.ast.expr.PropertyExpression                                 : loaded 2 times (x 139B)
Class org.jetbrains.kotlin.statistics.metrics.StringAnonymizationPolicy$AllowedListAnonymizer: loaded 2 times (x 78B)
Class com.google.protobuf.Internal$DoubleList                                         : loaded 2 times (x 69B)
Class org.jetbrains.kotlin.gradle.report.ReportingSettings$Companion                  : loaded 2 times (x 70B)
Class org.jetbrains.kotlin.tooling.core.Extras$Type                                   : loaded 2 times (x 71B)
Class com.google.common.cache.CacheLoader$1                                           : loaded 2 times (x 74B)
Class org.codehaus.groovy.runtime.metaclass.MetaClassRegistryImpl$DefaultModuleListener: loaded 2 times (x 75B)
Class groovy.lang.ExpandoMetaClass                                                    : loaded 2 times (x 226B)
Class groovy.lang.TrampolineClosure                                                   : loaded 2 times (x 131B)
Class org.jetbrains.kotlin.gradle.plugin.sources.FragmentConsistencyChecks$unstableFeaturesCheck$1: loaded 2 times (x 78B)
Class [Lorg.codehaus.groovy.ast.NodeMetaDataHandler;                                  : loaded 2 times (x 68B)
Class org.codehaus.groovy.runtime.InvokerHelper$1                                     : loaded 2 times (x 94B)
Class com.android.ide.common.gradle.Version$Companion$ParseState$NUMERIC              : loaded 2 times (x 73B)
Class org.jetbrains.kotlin.gradle.plugin.sources.FragmentConsistencyChecks$unstableFeaturesCheck$2: loaded 2 times (x 77B)
Class org.codehaus.groovy.runtime.InvokerHelper$2                                     : loaded 2 times (x 94B)
Class com.google.common.collect.TreeMultimap                                          : loaded 2 times (x 227B)
Class [Lcom.android.resources.Navigation;                                             : loaded 2 times (x 68B)
Class com.android.ide.common.resources.configuration.NavigationMethodQualifier        : loaded 2 times (x 89B)
Class com.google.common.util.concurrent.AbstractFuture$TrustedFuture                  : loaded 2 times (x 96B)
Class kotlin.sequences.TakeWhileSequence                                              : loaded 2 times (x 74B)
Class org.jetbrains.kotlin.gradle.tasks.AbstractKotlinCompile$defaultKotlinJavaToolchain$1: loaded 2 times (x 77B)
Class com.android.ide.common.resources.configuration.NetworkCodeQualifier             : loaded 2 times (x 87B)
Class com.google.common.cache.RemovalCause                                            : loaded 2 times (x 79B)
Class com.android.tools.lint.model.DefaultLintModelLibrary                            : loaded 2 times (x 85B)
Class [Lkotlin.Pair;                                                                  : loaded 2 times (x 68B)
Class org.jetbrains.kotlin.gradle.tasks.BaseKotlinCompile                             : loaded 2 times (x 69B)
Class org.jetbrains.kotlin.gradle.internal.KotlinDomApiDependencyManagementKt         : loaded 2 times (x 70B)
Class org.jetbrains.kotlin.gradle.plugin.mpp.InternalKotlinCompilation                : loaded 2 times (x 69B)
Class org.jetbrains.kotlin.gradle.plugin.diagnostics.checkers.KmpPartiallyResolvedDependenciesChecker: loaded 2 times (x 73B)
Class org.jetbrains.kotlin.gradle.plugin.PropertiesProvider$booleanProvider$1         : loaded 2 times (x 73B)
Class com.android.ide.common.resources.ResourceFile                                   : loaded 2 times (x 86B)
Class kotlin.collections.IndexedValue                                                 : loaded 2 times (x 71B)
Class kotlin.SafePublicationLazyImpl                                                  : loaded 2 times (x 75B)
Class org.codehaus.groovy.ast.expr.AttributeExpression                                : loaded 2 times (x 139B)
Class com.google.common.collect.AbstractSortedKeySortedSetMultimap                    : loaded 2 times (x 218B)
Class org.gradle.internal.classloader.InstrumentingClassLoader                        : loaded 2 times (x 69B)
Class org.codehaus.groovy.runtime.metaclass.MethodMetaProperty$GetBeanMethodMetaProperty: loaded 2 times (x 77B)
Class org.codehaus.groovy.runtime.dgmimpl.arrays.ArrayPutAtMetaMethod                 : loaded 2 times (x 96B)
Class kotlin.reflect.KProperty$Accessor                                               : loaded 2 times (x 69B)
Class [Lorg.jetbrains.kotlin.gradle.plugin.statistics.plugins.ObservablePlugins;      : loaded 2 times (x 68B)
Class org.jetbrains.kotlin.gradle.internal.KotlinDependenciesManagementKt$allNonProjectDependencies$1: loaded 2 times (x 73B)
Class org.jetbrains.kotlin.gradle.tasks.K2MultiplatformStructure                      : loaded 2 times (x 73B)
Class org.jetbrains.kotlin.gradle.plugin.diagnostics.checkers.NoKotlinTargetsDeclaredChecker: loaded 2 times (x 73B)
Class com.google.common.util.concurrent.LazyLogger                                    : loaded 2 times (x 71B)
Class com.google.protobuf.Descriptors$GenericDescriptor                               : loaded 2 times (x 74B)
Class org.apache.commons.io.FileExistsException                                       : loaded 2 times (x 81B)
Class kotlin.time.DurationUnit                                                        : loaded 2 times (x 78B)
Class org.jetbrains.kotlin.statistics.AnonymizerUtilsKt$salt$2                        : loaded 2 times (x 77B)
Class org.jetbrains.kotlin.gradle.targets.native.KonanPropertiesBuildService$Parameters: loaded 2 times (x 69B)
Class org.jetbrains.kotlin.gradle.tasks.AbstractKotlinCompileTool                     : loaded 2 times (x 365B)
Class com.android.ide.common.rendering.api.TextResourceValue                          : loaded 2 times (x 69B)
Class groovy.lang.GroovyObject                                                        : loaded 2 times (x 69B)
Class org.jetbrains.kotlin.gradle.plugin.KotlinSourceSetTree$Companion                : loaded 2 times (x 70B)
Class org.jetbrains.kotlin.gradle.internal.CompilerArgumentAware                      : loaded 2 times (x 69B)
Class [Lcom.android.tools.analytics.Environment$SystemProperty;                       : loaded 2 times (x 68B)
Class org.codehaus.groovy.runtime.metaclass.MissingMethodExceptionNoStack             : loaded 2 times (x 91B)
Class com.google.common.collect.Maps$ViewCachingAbstractMap                           : loaded 2 times (x 124B)
Class org.jetbrains.kotlin.gradle.targets.CreateArtifactsSideEffectKt                 : loaded 2 times (x 70B)
Class org.jetbrains.kotlin.gradle.plugin.ProjectLocalConfigurations$ProjectLocalDisambiguation: loaded 2 times (x 75B)
Class org.jetbrains.kotlin.gradle.plugin.KotlinPluginInMultipleProjectsHolder         : loaded 2 times (x 71B)
Class org.jetbrains.kotlin.gradle.tasks.KotlinCompileTool                             : loaded 2 times (x 69B)
Class org.jetbrains.kotlin.gradle.plugin.sources.AbstractKotlinSourceSet              : loaded 2 times (x 140B)
Class org.jetbrains.kotlin.gradle.internal.properties.NativePropertiesLoader$konanDataDirProperty$1: loaded 2 times (x 74B)
Class org.jetbrains.kotlin.compilerRunner.CompilerSystemPropertiesService$Companion$registerIfAbsent$2$1: loaded 2 times (x 78B)
Class org.jetbrains.kotlin.gradle.plugin.mpp.compilationImpl.factory.KotlinCompilationImplFactory$PreConfigure: loaded 2 times (x 69B)
Class com.google.protobuf.GeneratedMessageV3$BuilderParent                            : loaded 2 times (x 69B)
Class org.apache.commons.io.output.QueueOutputStream                                  : loaded 2 times (x 86B)
Class kotlin.annotation.AnnotationTarget                                              : loaded 2 times (x 78B)
Class org.jetbrains.kotlin.gradle.internal.StdlibDependencyManagementKt$addStdlibDependency$1$1: loaded 2 times (x 78B)
Class org.jetbrains.kotlin.gradle.plugin.mpp.compilationImpl.KotlinCompilationImpl$attributes$2: loaded 2 times (x 78B)
Class org.jetbrains.kotlin.gradle.utils.StoredPropertyKt$extrasStoredProperty$1       : loaded 2 times (x 77B)
Class org.codehaus.groovy.control.CompilerConfiguration$1                             : loaded 2 times (x 121B)
Class kotlin.text.Regex                                                               : loaded 2 times (x 71B)
Class org.jetbrains.kotlin.build.report.metrics.GradleBuildPerformanceMetric          : loaded 2 times (x 96B)
Class com.android.ide.common.resources.configuration.FolderConfiguration              : loaded 2 times (x 74B)
Class com.android.tools.lint.model.LintModelModuleLoader                              : loaded 2 times (x 69B)
Class org.jetbrains.kotlin.gradle.plugin.sources.InternalKotlinSourceSet              : loaded 2 times (x 69B)
Class org.jetbrains.kotlin.gradle.plugin.internal.CustomPropertiesFileValueSource$Parameters: loaded 2 times (x 69B)
Class [Lcom.android.tools.analytics.Environment$EnvironmentVariable;                  : loaded 2 times (x 68B)
Class kotlin.io.FilesKt__UtilsKt                                                      : loaded 2 times (x 70B)
Class org.jetbrains.kotlin.gradle.plugin.diagnostics.checkers.KotlinSourceSetTreeDependsOnMismatchChecker: loaded 2 times (x 73B)
Class com.google.common.collect.Sets$FilteredSet                                      : loaded 2 times (x 136B)
Class org.jetbrains.kotlin.gradle.plugin.diagnostics.CheckKotlinGradlePluginConfigurationErrors_Decorated: loaded 2 times (x 368B)
Class org.jetbrains.kotlin.gradle.plugin.mpp.compilationImpl.factory.KotlinCompilationImplFactory$KotlinCompilationTaskNamesContainerFactory: loaded 2 times (x 69B)
Class org.jetbrains.kotlin.tooling.core.ExtrasProperty                                : loaded 2 times (x 69B)
Class org.jetbrains.kotlin.gradle.internal.properties.NativeProperties$Companion      : loaded 2 times (x 70B)
Class org.jetbrains.kotlin.gradle.internal.abi.AbiValidationExtensionImpl             : loaded 2 times (x 89B)
Class it.unimi.dsi.fastutil.ints.IntCollection                                        : loaded 2 times (x 69B)
Class org.jetbrains.kotlin.gradle.plugin.diagnostics.checkers.DisabledCinteropCommonizationInHmppProjectChecker: loaded 2 times (x 73B)
Class org.apache.commons.io.output.StringBuilderWriter                                : loaded 2 times (x 99B)
Class org.jetbrains.kotlin.gradle.tasks.DefaultKotlinJavaToolchain$javaExecutable$1   : loaded 2 times (x 74B)
Class [Lcom.android.resources.ScreenOrientation;                                      : loaded 2 times (x 68B)
Class org.codehaus.groovy.reflection.ClassInfo$LazyClassLoaderRef                     : loaded 2 times (x 81B)
Class kotlin.reflect.jvm.internal.KCallableImpl                                       : loaded 2 times (x 104B)
Class org.jetbrains.kotlin.gradle.targets.CreateDefaultCompilationsSideEffectKt       : loaded 2 times (x 70B)
Class org.jetbrains.kotlin.gradle.report.BuildReportType                              : loaded 2 times (x 78B)
Class kotlin.collections.ArraysUtilJVM                                                : loaded 2 times (x 70B)
Class org.jetbrains.kotlin.gradle.internal.StdlibDependencyManagementKt$addStdlibDependency$1$1$1: loaded 2 times (x 74B)
Class org.jetbrains.kotlin.konan.target.Family                                        : loaded 2 times (x 78B)
Class kotlin.properties.Delegates                                                     : loaded 2 times (x 70B)
Class org.objectweb.asm.SymbolTable                                                   : loaded 2 times (x 71B)
Class com.android.tools.lint.model.PathVariables$Companion$PATH_COMPARATOR$1          : loaded 2 times (x 77B)
Class kotlin.reflect.KMutableProperty0                                                : loaded 2 times (x 69B)
Class org.jetbrains.kotlin.gradle.plugin.diagnostics.ToolingDiagnosticRenderingOptions: loaded 2 times (x 71B)
Class com.android.tools.lint.model.PathVariables$Companion$PATH_COMPARATOR$2          : loaded 2 times (x 77B)
Class kotlin.reflect.KMutableProperty1                                                : loaded 2 times (x 69B)
Class org.jetbrains.kotlin.gradle.plugin.statistics.BuildFinishMetrics$reportBuildFinished$1: loaded 2 times (x 78B)
Class [Lorg.objectweb.asm.AnnotationVisitor;                                          : loaded 2 times (x 68B)
Class com.android.tools.lint.model.PathVariables$Companion$PATH_COMPARATOR$3          : loaded 2 times (x 77B)
Class kotlin.reflect.KMutableProperty2                                                : loaded 2 times (x 69B)
Class org.jetbrains.kotlin.gradle.plugin.mpp.compilationImpl.KotlinCompilationImpl$1  : loaded 2 times (x 78B)
Class com.google.common.cache.CacheStats                                              : loaded 2 times (x 70B)
Class com.android.tools.lint.model.PathVariables$Companion$PATH_COMPARATOR$4          : loaded 2 times (x 77B)
Class org.jetbrains.kotlin.gradle.plugin.mpp.compilationImpl.KotlinCompilationImpl$2  : loaded 2 times (x 78B)
Class com.google.protobuf.Internal$LongList                                           : loaded 2 times (x 69B)
Class kotlin.coroutines.jvm.internal.BaseContinuationImpl                             : loaded 2 times (x 86B)
Class it.unimi.dsi.fastutil.ints.IntSet                                               : loaded 2 times (x 69B)
Class org.jetbrains.kotlin.gradle.tasks.KotlinCompile$ClasspathSnapshotProperties     : loaded 2 times (x 74B)
Class org.jetbrains.kotlin.gradle.InternalKotlinGradlePluginApi                       : loaded 2 times (x 69B)
Class org.jetbrains.kotlin.gradle.dsl.KotlinCommonCompilerOptions                     : loaded 2 times (x 69B)
Class com.android.ide.common.resources.configuration.ResourceQualifier                : loaded 2 times (x 87B)
Class [Lorg.jetbrains.kotlin.gradle.plugin.sources.android.AndroidVariantType;        : loaded 2 times (x 68B)
Class org.jetbrains.kotlin.gradle.internal.properties.PropertiesBuildService$Companion: loaded 2 times (x 70B)
Class com.android.tools.lint.model.LintModelMavenName$Companion                       : loaded 2 times (x 70B)
Class org.jetbrains.kotlin.tooling.core.MutableExtras                                 : loaded 2 times (x 69B)
Class org.gradle.internal.classloader.VisitableURLClassLoader                         : loaded 2 times (x 116B)
Class org.jetbrains.kotlin.build.report.metrics.BuildAttributes                       : loaded 2 times (x 71B)
Class org.jetbrains.kotlin.gradle.plugin.KotlinGradleBuildServices$Companion$registerIfAbsent$2$1: loaded 2 times (x 78B)
Class org.jetbrains.kotlin.statistics.metrics.StringAnonymizationPolicy$RegexControlled: loaded 2 times (x 78B)
Class com.google.common.cache.LocalCache$LocalLoadingCache                            : loaded 2 times (x 133B)
Class kotlin.reflect.jvm.internal.RuntimeTypeMapper                                   : loaded 2 times (x 70B)
Class org.jetbrains.kotlin.gradle.plugin.DefaultKotlinBasePlugin$addKotlinCompilerConfiguration$2$1: loaded 2 times (x 74B)
Class org.jetbrains.kotlin.gradle.targets.js.npm.NpmDependencyExtensionDelegate       : loaded 2 times (x 166B)
Class org.codehaus.groovy.runtime.dgmimpl.arrays.ObjectArrayGetAtMetaMethod           : loaded 2 times (x 96B)
Class org.jetbrains.kotlin.gradle.tasks.KotlinCompilerExecutionStrategy               : loaded 2 times (x 78B)
Class org.jetbrains.kotlin.gradle.plugin.statistics.KotlinBuildStatisticsUtilsKt$collectAppliedPluginsStatistics$1: loaded 2 times (x 74B)
Class groovyjarjarasm.asm.SymbolTable$Entry                                           : loaded 2 times (x 73B)
Class org.codehaus.groovy.vmplugin.v9.Java9                                           : loaded 2 times (x 108B)
Class build_crik30vk2h0rmw8eqo8pkc9nv                                                 : loaded 2 times (x 180B)
Class org.jetbrains.kotlin.gradle.plugin.statistics.KotlinBuildStatisticsUtilsKt$collectAppliedPluginsStatistics$2: loaded 2 times (x 74B)
Class org.jetbrains.kotlin.gradle.plugin.diagnostics.UsesKotlinToolingDiagnostics     : loaded 2 times (x 69B)
Class org.codehaus.groovy.runtime.dgmimpl.arrays.ByteArrayPutAtMetaMethod             : loaded 2 times (x 96B)
Class com.android.ide.common.gradle.Separator                                         : loaded 2 times (x 78B)
Class kotlin.io.FilesKt__FileTreeWalkKt                                               : loaded 2 times (x 70B)
Class org.jetbrains.kotlin.gradle.targets.js.npm.SemverKt                             : loaded 2 times (x 70B)
Class org.jetbrains.kotlin.gradle.plugin.attributes.KlibPackaging                     : loaded 2 times (x 69B)
Class org.jetbrains.kotlin.gradle.plugin.diagnostics.KotlinToolingDiagnosticsSetupActionKt$KotlinToolingDiagnosticsSetupAction$1: loaded 2 times (x 73B)
Class org.codehaus.groovy.classgen.GeneratorContext                                   : loaded 2 times (x 76B)
Class org.codehaus.groovy.runtime.dgmimpl.NumberNumberMetaMethod                      : loaded 2 times (x 113B)
Class com.android.utils.EnvironmentProvider$DirectEnvironmentProvider                 : loaded 2 times (x 79B)
Class com.google.common.collect.ImmutableMultimap$Keys                                : loaded 2 times (x 165B)
Class org.jetbrains.kotlin.gradle.internal.properties.PropertiesBuildService$property$1$1: loaded 2 times (x 74B)
Class org.gradle.internal.Cast                                                        : loaded 2 times (x 70B)
Class com.android.ide.common.resources.configuration.KeyboardStateQualifier           : loaded 2 times (x 89B)
Class org.jetbrains.kotlin.gradle.targets.js.dsl.KotlinJsTargetDsl                    : loaded 2 times (x 69B)
Class org.jetbrains.kotlin.gradle.plugin.diagnostics.checkers.KonanHomeConflictDeclarationChecker: loaded 2 times (x 73B)
Class org.jetbrains.kotlin.gradle.dsl.KotlinTargetContainerWithPresetFunctions        : loaded 2 times (x 69B)
Class org.codehaus.groovy.runtime.metaclass.MultipleSetterProperty                    : loaded 2 times (x 81B)
Class kotlin.reflect.KMutableProperty$Setter                                          : loaded 2 times (x 69B)
Class org.jetbrains.kotlin.gradle.tasks.abi.KotlinLegacyAbiDumpTaskImpl               : loaded 2 times (x 347B)
Class org.jetbrains.kotlin.gradle.plugin.statistics.BuildFinishFlowAction$Parameters  : loaded 2 times (x 69B)
Class org.jetbrains.kotlin.gradle.dsl.KotlinHierarchyDsl                              : loaded 2 times (x 69B)
Class org.jetbrains.kotlin.gradle.tasks.configuration.BaseKotlinCompileConfig$Companion: loaded 2 times (x 70B)
Class org.codehaus.groovy.runtime.dgmimpl.arrays.ShortArrayGetAtMetaMethod            : loaded 2 times (x 96B)
Class org.jetbrains.kotlin.konan.target.KonanTarget$LINUX_ARM64                       : loaded 2 times (x 77B)
Class org.jetbrains.kotlin.gradle.targets.native.SetupEmbedAndSignAppleFrameworkTaskSideEffectKt$special$$inlined$KotlinTargetSideEffect$1: loaded 2 times (x 73B)
Class kotlin.reflect.jvm.internal.ReflectionFactoryImpl                               : loaded 2 times (x 90B)
Class org.jetbrains.kotlin.gradle.plugin.statistics.ConfigurationMetricsBuildFusParameters: loaded 2 times (x 69B)
Class com.google.protobuf.Internal$BooleanList                                        : loaded 2 times (x 69B)
Class org.jetbrains.kotlin.gradle.plugin.mpp.apple.swiftexport.internal.SwiftExportInitKt$maybeCreateSwiftExportClasspathDependenciesConfiguration$1: loaded 2 times (x 78B)
Class org.gradle.api.internal.ClassPathRegistry                                       : loaded 2 times (x 69B)
Class com.google.protobuf.Internal$EnumLite                                           : loaded 2 times (x 69B)
Class org.codehaus.groovy.runtime.SocketGroovyMethods                                 : loaded 2 times (x 70B)
Class com.google.common.collect.RegularImmutableBiMap$Inverse                         : loaded 2 times (x 142B)
Class org.jetbrains.kotlin.gradle.plugin.KotlinCompilationWithResources               : loaded 2 times (x 69B)
Class org.jetbrains.kotlin.gradle.fus.internal.CiUtilKt                               : loaded 2 times (x 70B)
Class org.codehaus.groovy.ast.AnnotationNode                                          : loaded 2 times (x 118B)
Class org.jetbrains.kotlin.gradle.plugin.mpp.compilationImpl.KotlinCompilationProcessorSideEffectKt$KotlinCompilationProcessorSideEffect$1: loaded 2 times (x 73B)
Class com.google.gson.stream.JsonReader                                               : loaded 2 times (x 96B)
Class org.jetbrains.kotlin.gradle.plugin.internal.ProjectIsolationStartParameterAccessorKt: loaded 2 times (x 70B)
Class com.google.common.cache.LocalCache$EntryFactory                                 : loaded 2 times (x 82B)
Class com.google.gson.stream.MalformedJsonException                                   : loaded 2 times (x 81B)
Class org.jetbrains.kotlin.cli.common.arguments.K2JVMCompilerArguments                : loaded 2 times (x 75B)
Class com.google.common.util.concurrent.UncheckedExecutionException                   : loaded 2 times (x 81B)
Class org.jetbrains.kotlin.gradle.plugin.statistics.FlowActionBuildFusService$Companion$registerIfAbsentImpl$1$1: loaded 2 times (x 73B)
Class org.gradle.internal.classloader.VisitableURLClassLoader$InstrumentingVisitableURLClassLoader: loaded 2 times (x 122B)
Class com.android.tools.lint.model.PathVariables                                      : loaded 2 times (x 71B)
Class kotlin.coroutines.jvm.internal.DebugProbesKt                                    : loaded 2 times (x 70B)
Class org.jetbrains.kotlin.gradle.tasks.CacheableTasksKt$cacheOnlyIfEnabledForKotlin$1$1: loaded 2 times (x 73B)
Class org.jetbrains.kotlin.gradle.plugin.mpp.compilationImpl.KotlinCompilationAssociator: loaded 2 times (x 69B)
Class org.gradle.internal.classloader.ClassLoaderHierarchy                            : loaded 2 times (x 69B)
Class org.codehaus.groovy.ast.GenericsType                                            : loaded 2 times (x 117B)
Class org.jetbrains.kotlin.compilerRunner.CompilerSystemPropertiesService$Companion$registerIfAbsent$1: loaded 2 times (x 74B)
Class com.android.tools.lint.model.LintModelSerialization$LintModelSerializationFileAdapter$WhenMappings: loaded 2 times (x 70B)
Class org.jetbrains.kotlin.gradle.plugin.mpp.KotlinJvmCompilation                     : loaded 2 times (x 199B)
Class org.jetbrains.kotlin.gradle.plugin.KotlinPluginLifecycleImpl$await$2$1          : loaded 2 times (x 78B)
Class kotlin.sequences.SequencesKt___SequencesJvmKt                                   : loaded 2 times (x 70B)
Class org.jetbrains.kotlin.statistics.BuildSessionLogger$Companion$listProfileFiles$lambda$4$$inlined$sortedBy$1: loaded 2 times (x 88B)
Class org.jetbrains.kotlin.gradle.plugin.statistics.MetricContainer                   : loaded 2 times (x 71B)
Class com.android.tools.lint.model.LintModelNamespacingMode                           : loaded 2 times (x 78B)
Class kotlin.collections.MapsKt__MapsKt                                               : loaded 2 times (x 70B)
Class org.apache.commons.io.file.DeleteOption                                         : loaded 2 times (x 69B)
Class org.jetbrains.kotlin.gradle.plugin.PropertiesProvider$propertyWithValueReporting$1: loaded 2 times (x 74B)
Class kotlin.jvm.internal.MutablePropertyReference                                    : loaded 2 times (x 118B)
Class org.jetbrains.kotlin.gradle.internal.StdlibDependencyManagementKt$configureStdlibDefaultDependency$1: loaded 2 times (x 78B)
Class org.jetbrains.kotlin.gradle.plugin.mpp.compilationImpl.KotlinCompilationSideEffect$Companion: loaded 2 times (x 70B)
Class org.codehaus.groovy.vmplugin.v9.ClassFindFailedException                        : loaded 2 times (x 81B)
Class it.unimi.dsi.fastutil.longs.LongCollection                                      : loaded 2 times (x 69B)
Class kotlin.collections.ArraysKt                                                     : loaded 2 times (x 70B)
Class org.jetbrains.kotlin.gradle.plugin.diagnostics.checkers.NoKotlinTargetsDeclaredChecker$runChecks$1: loaded 2 times (x 87B)
Class org.jetbrains.kotlin.gradle.plugin.KotlinCompilationInfo$TCS$friendPaths$1      : loaded 2 times (x 78B)
Class org.jetbrains.kotlin.gradle.plugin.hierarchy.KotlinSourceSetTreeClassifier$Default: loaded 2 times (x 70B)
Class org.jetbrains.kotlin.gradle.targets.js.npm.DefaultPeerNpmDependencyExtension$delegate$1: loaded 2 times (x 166B)
Class org.jetbrains.kotlin.gradle.plugin.statistics.FusMetrics                        : loaded 2 times (x 69B)
Class org.jetbrains.kotlin.gradle.plugin.diagnostics.checkers.ExperimentalTryNextUsageChecker: loaded 2 times (x 73B)
Class org.jetbrains.kotlin.gradle.internal.KotlinDependenciesManagementKt             : loaded 2 times (x 70B)
Class com.google.protobuf.Utf8                                                        : loaded 2 times (x 70B)
Class com.google.protobuf.MessageOrBuilder                                            : loaded 2 times (x 69B)
Class org.apache.groovy.plugin.GroovyRunnerRegistry                                   : loaded 2 times (x 133B)
Class org.jetbrains.kotlin.gradle.fus.internal.SynchronizedConfigurationMetrics       : loaded 2 times (x 71B)
Class org.jetbrains.kotlin.gradle.plugin.mpp.InternalKotlinCompilationKt              : loaded 2 times (x 70B)
Class org.jetbrains.kotlin.gradle.plugin.diagnostics.checkers.KmpPartiallyResolvedDependenciesCheckerKt: loaded 2 times (x 70B)
Class [Lorg.jetbrains.kotlin.gradle.dsl.PlatformSourceSetConventionsChecker$CheckedPlatformInfo;: loaded 2 times (x 68B)
Class kotlin.collections.builders.MapBuilder                                          : loaded 2 times (x 111B)
Class org.jetbrains.kotlin.tooling.core.KotlinToolingVersion                          : loaded 2 times (x 74B)
Class org.jetbrains.kotlin.gradle.plugin.BuildFinishedListenerService$Companion$registerIfAbsent$1$1: loaded 2 times (x 78B)
Class groovy.lang.MetaClassImpl$10                                                    : loaded 2 times (x 76B)
Class org.jetbrains.kotlin.build.report.metrics.BuildAttribute$Companion              : loaded 2 times (x 70B)
Class org.codehaus.groovy.control.io.NullWriter                                       : loaded 2 times (x 98B)
Class org.codehaus.groovy.runtime.dgmimpl.arrays.FloatArrayPutAtMetaMethod            : loaded 2 times (x 96B)
Class kotlin.text.CharsKt__CharKt                                                     : loaded 2 times (x 70B)
Class org.jetbrains.kotlin.gradle.plugin.internal.BuildIdService$Companion$registerIfAbsent$1$1: loaded 2 times (x 74B)
Class org.jetbrains.kotlin.cli.jvm.compiler.KotlinCoreEnvironment$Companion           : loaded 2 times (x 70B)
Class com.google.common.collect.Lists$ReverseList                                     : loaded 2 times (x 161B)
Class org.jetbrains.kotlin.gradle.plugin.PropertiesProvider$keepIncrementalCompilationCachesInMemory$1: loaded 2 times (x 78B)
Class org.codehaus.groovy.ast.expr.ExpressionTransformer                              : loaded 2 times (x 69B)
Class groovy.lang.MissingPropertyException                                            : loaded 2 times (x 88B)
Class [Lcom.android.tools.lint.model.LintModelSerialization$TargetFile;               : loaded 2 times (x 68B)
Class org.jetbrains.kotlin.gradle.tasks.AbstractKotlinCompile                         : loaded 2 times (x 458B)
Class org.codehaus.groovy.util.Finalizable                                            : loaded 2 times (x 69B)
Class org.jetbrains.kotlin.gradle.plugin.BuildFinishAndConfigurationTimeMetricsFlowAction$Parameters: loaded 2 times (x 69B)
Class org.jetbrains.kotlin.gradle.tasks.configuration.BaseKotlinCompileConfig$1$1$1   : loaded 2 times (x 74B)
Class org.jetbrains.kotlin.gradle.plugin.VariantImplementationFactories$Parameters_Decorated: loaded 2 times (x 133B)
Class org.jetbrains.kotlin.gradle.tasks.configuration.BaseKotlinCompileConfig$1$1$2   : loaded 2 times (x 74B)
Class org.jetbrains.kotlin.gradle.targets.native.internal.CInteropConfigurationsKt$special$$inlined$KotlinTargetSideEffect$1: loaded 2 times (x 73B)
Class org.codehaus.groovy.ast.expr.AnnotationConstantExpression                       : loaded 2 times (x 133B)
Class org.codehaus.groovy.util.LazyReference$1                                        : loaded 2 times (x 75B)
Class org.jetbrains.kotlin.gradle.tasks.configuration.BaseKotlinCompileConfig$1$1$3   : loaded 2 times (x 74B)
Class org.jetbrains.kotlin.konan.target.KonanTarget$WATCHOS_ARM32                     : loaded 2 times (x 77B)
Class org.jetbrains.kotlin.gradle.targets.native.internal.CInteropConfigurationsKt$special$$inlined$KotlinTargetSideEffect$2: loaded 2 times (x 73B)
Class com.google.protobuf.MapField                                                    : loaded 2 times (x 88B)
Class groovyjarjarasm.asm.Frame                                                       : loaded 2 times (x 72B)
Class org.codehaus.groovy.util.LazyReference$2                                        : loaded 2 times (x 75B)
Class kotlin.collections.MapsKt___MapsKt                                              : loaded 2 times (x 70B)
Class org.jetbrains.kotlin.gradle.plugin.mpp.HasBinaries                              : loaded 2 times (x 69B)
Class org.jetbrains.kotlin.gradle.plugin.diagnostics.checkers.DisabledCinteropCommonizationInHmppProjectChecker$runChecks$1: loaded 2 times (x 87B)
Class org.jetbrains.kotlin.gradle.targets.js.npm.NpmDependencyExtensionKt$defaultNpmDependencyDelegate$1: loaded 2 times (x 166B)
Class com.google.common.collect.AbstractMapBasedMultimap$WrappedList                  : loaded 2 times (x 166B)
Class org.jetbrains.kotlin.gradle.dsl.DefaultToolchainSupport                         : loaded 2 times (x 75B)
Class org.jetbrains.kotlin.gradle.plugin.statistics.BuildFusService$Parameters$Inject : loaded 2 times (x 111B)
Class org.codehaus.groovy.syntax.CSTNode                                              : loaded 2 times (x 103B)
Class org.codehaus.groovy.runtime.CurriedClosure                                      : loaded 2 times (x 132B)
Class org.jetbrains.kotlin.gradle.targets.native.KonanPropertiesBuildService$Companion$registerIfAbsent$2$1$1: loaded 2 times (x 74B)
Class org.codehaus.groovy.reflection.GeneratedMetaMethod$Proxy                        : loaded 2 times (x 95B)
Class org.jetbrains.kotlin.gradle.tasks.KotlinCompile$kotlinOptions$1                 : loaded 2 times (x 78B)
Class org.jetbrains.kotlin.gradle.plugin.sources.KotlinDependencyScopeKt              : loaded 2 times (x 70B)
Class org.jetbrains.kotlin.konan.target.KonanTarget$WATCHOS_SIMULATOR_ARM64           : loaded 2 times (x 77B)
Class org.codehaus.groovy.runtime.StringGroovyMethods                                 : loaded 2 times (x 70B)
Class [Lcom.android.prefs.Global;                                                     : loaded 2 times (x 68B)
Class org.jetbrains.kotlin.gradle.plugin.mpp.DefaultKotlinUsageContext$1              : loaded 2 times (x 73B)
Class org.jetbrains.kotlin.gradle.utils.ProjectExtensionsKt                           : loaded 2 times (x 70B)
Class org.jetbrains.kotlin.gradle.targets.native.internal.AddKotlinPlatformIntegersSupportLibraryKt: loaded 2 times (x 70B)
Class org.codehaus.groovy.transform.ErrorCollecting                                   : loaded 2 times (x 69B)
Class kotlin.sequences.TransformingSequence$iterator$1                                : loaded 2 times (x 78B)
Class org.jetbrains.kotlin.gradle.plugin.sources.InternalKotlinSourceSetKt$awaitPlatformCompilations$1: loaded 2 times (x 87B)
Class com.google.common.collect.Lists$ReverseList$1                                   : loaded 2 times (x 98B)
Class org.codehaus.groovy.runtime.GeneratedLambda                                     : loaded 2 times (x 69B)
Class org.jetbrains.kotlin.gradle.plugin.mpp.compilationImpl.KotlinCompilationRegisterInSourceSetsConfigurator: loaded 2 times (x 73B)
Class org.jetbrains.kotlin.gradle.tasks.publishing.HelpersKt$addSigningValidationHelpers$1: loaded 2 times (x 74B)
Class com.google.protobuf.AbstractMessage$Builder                                     : loaded 2 times (x 256B)
Class com.android.tools.lint.model.LintModelSourceProvider                            : loaded 2 times (x 69B)
Class org.jetbrains.kotlin.gradle.dsl.abi.AbiFiltersSpec                              : loaded 2 times (x 69B)
Class org.jetbrains.kotlin.gradle.internal.properties.PropertiesBuildServiceKt$propertyWithDeprecatedName$1: loaded 2 times (x 74B)
Class org.jetbrains.kotlin.gradle.plugin.mpp.compilationImpl.KotlinCreateSourcesJarTaskSideEffectKt: loaded 2 times (x 70B)
Class org.jetbrains.kotlin.gradle.dsl.KotlinMultiplatformExtension                    : loaded 2 times (x 606B)
Class com.google.common.cache.Weigher                                                 : loaded 2 times (x 69B)
Class com.android.ide.common.resources.configuration.NightModeQualifier               : loaded 2 times (x 89B)
Class com.android.sdklib.SdkVersionInfo                                               : loaded 2 times (x 70B)
Class kotlin.jvm.internal.StringCompanionObject                                       : loaded 2 times (x 70B)
Class org.jetbrains.kotlin.gradle.plugin.diagnostics.checkers.IncorrectCompileOnlyDependenciesChecker: loaded 2 times (x 73B)
Class kotlin.collections.IndexingIterator                                             : loaded 2 times (x 78B)
Class org.codehaus.groovy.runtime.dgmimpl.arrays.BooleanArrayGetAtMetaMethod          : loaded 2 times (x 96B)
Class kotlin.text.Regex$findAll$2                                                     : loaded 2 times (x 124B)
Class com.google.protobuf.AbstractMessageLite$Builder$LimitedInputStream              : loaded 2 times (x 91B)
Class kotlin.coroutines.jvm.internal.SuspendLambda                                    : loaded 2 times (x 90B)
Class org.jetbrains.kotlin.gradle.plugin.KotlinGradleBuildServices                    : loaded 2 times (x 79B)
Class androidx.startup.lint.StartupRuntimeIssueRegistry                               : loaded 2 times (x 82B)
Class org.jetbrains.kotlin.gradle.utils.ProviderApiUtilsKt$mapOrNull$1$1              : loaded 2 times (x 74B)
Class org.codehaus.groovy.reflection.stdclasses.CachedClosureClass                    : loaded 2 times (x 97B)
Class com.google.common.collect.AbstractSortedSetMultimap                             : loaded 2 times (x 213B)
Class org.jetbrains.kotlin.gradle.plugin.abi.UtilsKt$prepareAbiClasspath$1$1          : loaded 2 times (x 74B)
Class org.jetbrains.kotlin.gradle.plugin.statistics.KotlinBuildStatsBeanService       : loaded 2 times (x 86B)
Class kotlin.collections.IndexingIterable                                             : loaded 2 times (x 78B)
Class it.unimi.dsi.fastutil.objects.ReferenceSet                                      : loaded 2 times (x 69B)
Class org.jetbrains.kotlin.compilerRunner.CompilerSystemPropertiesService$Companion   : loaded 2 times (x 70B)
Class org.jetbrains.kotlin.gradle.plugin.BuildFinishedListenerService$Companion       : loaded 2 times (x 70B)
Class org.gradle.internal.InternalTransformer                                         : loaded 2 times (x 69B)
Class org.apache.commons.io.output.NullOutputStream                                   : loaded 2 times (x 84B)
Class com.google.common.collect.AbstractMapBasedMultimap$AsMap$AsMapEntries           : loaded 2 times (x 137B)
Class com.google.protobuf.ExtensionRegistry$ExtensionInfo                             : loaded 2 times (x 71B)
Class groovy.io.GroovyPrintWriter                                                     : loaded 2 times (x 128B)
Class kotlin.sequences.Sequence                                                       : loaded 2 times (x 69B)
Class org.jetbrains.kotlin.gradle.plugin.diagnostics.checkers.DuplicateSourceSetChecker: loaded 2 times (x 73B)
Class com.google.protobuf.AbstractMessage$BuilderParent                               : loaded 2 times (x 69B)
Class org.codehaus.groovy.control.CompilationUnit$ClassgenCallback                    : loaded 2 times (x 69B)
Class org.jetbrains.kotlin.gradle.plugin.internal.CustomPropertiesFileValueSource$Parameters_Decorated: loaded 2 times (x 133B)
Class groovy.transform.Generated                                                      : loaded 2 times (x 69B)
Class org.jetbrains.kotlin.gradle.dsl.PlatformSourceSetConventionsChecker$runChecks$$inlined$CheckedPlatformInfo$default$1: loaded 2 times (x 77B)
Class org.jetbrains.kotlin.gradle.dsl.JvmTarget$Companion                             : loaded 2 times (x 70B)
Class kotlin.reflect.jvm.internal.impl.builtins.StandardNames$FqNames                 : loaded 2 times (x 70B)
Class org.jetbrains.kotlin.gradle.testing.internal.KotlinTestsRegistry$Companion      : loaded 2 times (x 70B)
Class org.gradle.internal.service.ServiceLocator                                      : loaded 2 times (x 69B)
Class org.jetbrains.kotlin.gradle.utils.FutureKt$future$1                             : loaded 2 times (x 94B)
Class org.codehaus.groovy.runtime.metaclass.ClosureMetaMethod                         : loaded 2 times (x 102B)
Class build_3x2eci9f0bzzchngr8fxk7g2f$_run_closure1                                   : loaded 2 times (x 138B)
Class org.jetbrains.kotlin.build.report.metrics.BuildMetricsReporterImpl              : loaded 2 times (x 99B)
Class org.jetbrains.kotlin.gradle.plugin.diagnostics.checkers.AndroidPublicationNotConfiguredChecker: loaded 2 times (x 73B)
Class org.jetbrains.kotlin.gradle.plugin.VariantImplementationFactories               : loaded 2 times (x 74B)
Class Settings_gradle$1                                                               : loaded 2 times (x 73B)
Class it.unimi.dsi.fastutil.Stack                                                     : loaded 2 times (x 69B)
Class org.jetbrains.kotlin.gradle.utils.MutableObservableSetImpl                      : loaded 2 times (x 162B)
Class org.jetbrains.kotlin.gradle.plugin.CompilerPluginConfig                         : loaded 2 times (x 71B)
Class org.jetbrains.kotlin.gradle.plugin.statistics.FlowActionBuildFusService$Companion$registerIfAbsentImpl$1: loaded 2 times (x 74B)
Class org.jetbrains.kotlin.gradle.report.ReportingSettings                            : loaded 2 times (x 71B)
Class [Lorg.jetbrains.kotlin.statistics.metrics.NumericalMetrics;                     : loaded 2 times (x 68B)
Class org.jetbrains.kotlin.gradle.plugin.GradleUtilsKt                                : loaded 2 times (x 70B)
Class org.jetbrains.kotlin.gradle.tasks.abi.KotlinLegacyAbiDumpTask                   : loaded 2 times (x 69B)
Class org.jetbrains.kotlin.gradle.plugin.mpp.AbstractKotlinTarget$kotlinComponents$2  : loaded 2 times (x 78B)
Class com.google.common.util.concurrent.SettableFuture                                : loaded 2 times (x 96B)
Class org.jetbrains.kotlin.gradle.internal.transforms.BuildToolsApiClasspathEntrySnapshotTransform$Parameters: loaded 2 times (x 87B)
Class com.android.ide.common.resources.ResourceMergerItem                             : loaded 2 times (x 135B)
Class org.jetbrains.kotlin.gradle.plugin.diagnostics.checkers.GradleDeprecatedPropertyChecker: loaded 2 times (x 73B)
Class org.codehaus.groovy.ast.ASTNode                                                 : loaded 2 times (x 103B)
Class com.google.common.io.Files$2                                                    : loaded 2 times (x 75B)
Class com.android.tools.lint.model.DefaultLintModelModuleLibrary                      : loaded 2 times (x 92B)
Class org.jetbrains.kotlin.gradle.plugin.statistics.KotlinProjectConfigurationMetrics : loaded 2 times (x 70B)
Class org.jetbrains.kotlin.gradle.internal.ClassLoadersCachingBuildService$Companion$registerIfAbsent$1: loaded 2 times (x 74B)
Class org.jetbrains.kotlin.gradle.dsl.PlatformSourceSetConventionsChecker             : loaded 2 times (x 73B)
Class kotlin.sequences.SequencesKt___SequencesKt$flatMap$2                            : loaded 2 times (x 124B)
Class org.jetbrains.kotlin.gradle.targets.native.toolchain.KotlinNativeBundleBuildService$Companion$registerIfAbsent$2$1: loaded 2 times (x 78B)
Class com.google.common.collect.Maps$EntryFunction                                    : loaded 2 times (x 90B)
Class com.google.common.reflect.Types$ParameterizedTypeImpl                           : loaded 2 times (x 80B)
Class org.jetbrains.kotlin.gradle.tasks.configuration.BaseKotlinCompileConfig$1       : loaded 2 times (x 78B)
Class org.jetbrains.kotlin.gradle.plugin.statistics.FinalizeConfigurationFusMetricActionKt$FinalizeConfigurationFusMetricAction$1: loaded 2 times (x 94B)
Class org.jetbrains.kotlin.gradle.plugin.internal.JavaExecTaskParametersCompatibility : loaded 2 times (x 69B)
Class org.jetbrains.kotlin.gradle.tasks.configuration.BaseKotlinCompileConfig$2       : loaded 2 times (x 78B)
Class groovy.lang.ExpandoMetaClass$Callable                                           : loaded 2 times (x 69B)
Class org.jetbrains.kotlin.gradle.plugin.mpp.compilationImpl.KotlinCompilationSourceSetsContainer: loaded 2 times (x 69B)
Class org.jetbrains.kotlin.gradle.dsl.AndroidMainSourceSetConventionsChecker$runChecks$1: loaded 2 times (x 87B)
Class org.jetbrains.kotlin.gradle.plugin.diagnostics.KotlinToolingDiagnosticsSetupActionKt$KotlinToolingDiagnosticsSetupAction$1$1: loaded 2 times (x 74B)
Class org.jetbrains.kotlin.gradle.plugin.VariantImplementationFactories$Parameters    : loaded 2 times (x 69B)
Class org.jetbrains.kotlin.gradle.dsl.KotlinAndroidExtension                          : loaded 2 times (x 69B)
Class org.codehaus.groovy.classgen.asm.util.TypeUtil                                  : loaded 2 times (x 70B)
Class kotlin.coroutines.jvm.internal.CoroutineStackFrame                              : loaded 2 times (x 69B)
Class org.jetbrains.kotlin.gradle.plugin.SubpluginEnvironment                         : loaded 2 times (x 71B)
Class org.jetbrains.kotlin.gradle.incremental.UsesIncrementalModuleInfoBuildService   : loaded 2 times (x 69B)
Class org.jetbrains.kotlin.gradle.internal.abi.ConfigsKt                              : loaded 2 times (x 70B)
Class org.jetbrains.kotlin.gradle.plugin.diagnostics.KotlinToolingDiagnosticsSetupActionKt$KotlinToolingDiagnosticsSetupAction$1$2: loaded 2 times (x 94B)
Class org.jetbrains.kotlin.gradle.plugin.KotlinPluginWrapperKt$kotlinPluginVersionFromResources$1: loaded 2 times (x 77B)
Class org.jetbrains.kotlin.gradle.plugin.statistics.DaemonReuseCounter$Companion      : loaded 2 times (x 70B)
Class org.jetbrains.kotlin.gradle.plugin.diagnostics.KotlinToolingDiagnosticsSetupActionKt$KotlinToolingDiagnosticsSetupAction$1$3: loaded 2 times (x 74B)
Class org.jetbrains.kotlin.gradle.plugin.KotlinPluginLifecycleImplKt                  : loaded 2 times (x 70B)
Class com.android.tools.lint.model.LintModelAndroidLibrary                            : loaded 2 times (x 69B)
Class [Lkotlin.reflect.jvm.internal.impl.builtins.PrimitiveType;                      : loaded 2 times (x 68B)
Class org.jetbrains.kotlin.gradle.targets.ConfigureBuildSideEffectKt                  : loaded 2 times (x 70B)
Class org.jetbrains.kotlin.gradle.plugin.internal.DefaultConfigurationCacheStartParameterAccessor_Decorated: loaded 2 times (x 124B)
Class com.google.gson.internal.JsonReaderInternalAccess                               : loaded 2 times (x 71B)
Class kotlin.internal.ProgressionUtilKt                                               : loaded 2 times (x 70B)
Class org.objectweb.asm.signature.SignatureVisitor                                    : loaded 2 times (x 86B)
Class org.jetbrains.kotlin.gradle.plugin.sources.FragmentConsistencyChecker           : loaded 2 times (x 71B)
Class org.jetbrains.kotlin.gradle.tasks.KotlinTasksProvider                           : loaded 2 times (x 71B)
Class org.jetbrains.kotlin.gradle.internal.properties.PropertiesBuildService$Params_Decorated: loaded 2 times (x 133B)
Class org.jetbrains.kotlin.gradle.internal.properties.PropertiesBuildService$Companion$registerIfAbsent$1: loaded 2 times (x 74B)
Class org.jetbrains.kotlin.gradle.targets.CreateArtifactsSideEffectKt$CreateArtifactsSideEffect$1: loaded 2 times (x 73B)
Class groovy.lang.GString$1                                                           : loaded 2 times (x 120B)
Class org.codehaus.groovy.transform.trait.Traits$Implemented                          : loaded 2 times (x 69B)
Class kotlin.reflect.KFunction                                                        : loaded 2 times (x 69B)
Class org.jetbrains.kotlin.gradle.plugin.hierarchy.KotlinSourceSetTreeClassifierKt$sourceSetTreeClassifier$2: loaded 2 times (x 77B)
Class com.google.protobuf.GeneratedMessageV3$Builder                                  : loaded 2 times (x 277B)
Class kotlin.LazyKt__LazyKt                                                           : loaded 2 times (x 70B)
Class kotlin.jvm.KotlinReflectionNotSupportedError                                    : loaded 2 times (x 81B)
Class com.google.common.collect.HashBasedTable                                        : loaded 2 times (x 123B)
Class groovy.lang.Tuple0                                                              : loaded 2 times (x 167B)
Class org.codehaus.groovy.ast.expr.ElvisOperatorExpression                            : loaded 2 times (x 129B)
Class org.jetbrains.kotlin.gradle.targets.js.npm.SemVer                               : loaded 2 times (x 74B)
Class groovy.lang.Tuple1                                                              : loaded 2 times (x 167B)
Class [Lcom.android.tools.lint.model.LintModelArtifactType;                           : loaded 2 times (x 68B)
Class groovy.lang.Tuple2                                                              : loaded 2 times (x 167B)
Class org.codehaus.groovy.runtime.metaclass.NewInstanceMetaMethod                     : loaded 2 times (x 98B)
Class groovy.lang.Tuple3                                                              : loaded 2 times (x 167B)
Class org.jetbrains.kotlin.gradle.internal.properties.NativePropertiesLoader$Companion: loaded 2 times (x 70B)
Class groovy.lang.Tuple4                                                              : loaded 2 times (x 167B)
Class com.android.tools.lint.model.LintModelAndroidArtifact                           : loaded 2 times (x 69B)
Class kotlin.reflect.jvm.internal.KDeclarationContainerImpl                           : loaded 2 times (x 83B)
Class kotlin.collections.AbstractList$IteratorImpl                                    : loaded 2 times (x 81B)
Class com.google.common.reflect.Types$JavaVersion$1                                   : loaded 2 times (x 82B)
Class com.google.common.collect.ImmutableMultiset                                     : loaded 2 times (x 162B)
Class org.jetbrains.kotlin.gradle.dsl.KotlinJvmCompilerOptions                        : loaded 2 times (x 69B)
Class org.jetbrains.kotlin.gradle.plugin.statistics.BuildFinishFlowProviderManager$subscribeForBuildResults$1$1: loaded 2 times (x 73B)
Class groovy.lang.Tuple5                                                              : loaded 2 times (x 167B)
Class com.google.common.reflect.Types$JavaVersion$2                                   : loaded 2 times (x 82B)
Class org.jetbrains.kotlin.gradle.internal.StdlibDependencyManagementKt$isStdlibAddedByUser$1: loaded 2 times (x 78B)
Class org.jetbrains.kotlin.gradle.dsl.KotlinCommonToolOptions                         : loaded 2 times (x 69B)
Class org.jetbrains.kotlin.gradle.targets.CreateDefaultTestRunSideEffectKt            : loaded 2 times (x 70B)
Class groovyjarjarasm.asm.Type                                                        : loaded 2 times (x 71B)
Class groovy.lang.Tuple6                                                              : loaded 2 times (x 167B)
Class org.codehaus.groovy.ast.AnnotatedNode                                           : loaded 2 times (x 121B)
Class [Lgroovy.lang.MetaObjectProtocol;                                               : loaded 2 times (x 68B)
Class com.google.common.reflect.Types$JavaVersion$3                                   : loaded 2 times (x 82B)
Class org.jetbrains.kotlin.gradle.internal.StdlibDependencyManagementKt$isStdlibAddedByUser$2: loaded 2 times (x 77B)
Class org.gradle.internal.classpath.DefaultClassPath$ImmutableUniqueList              : loaded 2 times (x 160B)
Class groovy.lang.Tuple7                                                              : loaded 2 times (x 167B)
Class groovy.lang.GroovyResourceLoader                                                : loaded 2 times (x 69B)
Class com.google.common.reflect.Types$JavaVersion$4                                   : loaded 2 times (x 82B)
Class org.jetbrains.kotlin.gradle.plugin.KotlinCompilerArgumentsProducer$CreateCompilerArgumentsContext: loaded 2 times (x 69B)
Class org.jetbrains.kotlin.gradle.plugin.mpp.compilationImpl.factory.ConfigurationNaming: loaded 2 times (x 69B)
Class org.jetbrains.kotlin.konan.target.KonanTarget$ANDROID_X64                       : loaded 2 times (x 77B)
Class org.jetbrains.kotlin.gradle.plugin.mpp.KotlinUsages$KotlinMetadataCompatibility : loaded 2 times (x 75B)
Class org.jetbrains.kotlin.gradle.plugin.statistics.KotlinBuildStatsLoggerService$Companion: loaded 2 times (x 70B)
Class groovy.lang.Tuple8                                                              : loaded 2 times (x 167B)
Class org.codehaus.groovy.util.LockableObject                                         : loaded 2 times (x 77B)
Class com.google.common.reflect.Types$JavaVersion$5                                   : loaded 2 times (x 70B)
Class org.jetbrains.kotlin.gradle.plugin.mpp.compilationImpl.DefaultKotlinCompilationFriendPathsResolver$FriendArtifactResolver: loaded 2 times (x 69B)
Class org.jetbrains.kotlin.gradle.plugin.KotlinGradleBuildServices$Inject             : loaded 2 times (x 99B)
Class groovy.lang.Tuple9                                                              : loaded 2 times (x 167B)
Class org.jetbrains.kotlin.statistics.metrics.SumMetricContainer                      : loaded 2 times (x 79B)
Class org.jetbrains.kotlin.gradle.plugin.diagnostics.checkers.JsLikeEnvironmentChecker: loaded 2 times (x 75B)
Class com.google.common.base.CharMatcher$JavaLetter                                   : loaded 2 times (x 110B)
Class groovy.lang.Closure$WritableClosure                                             : loaded 2 times (x 136B)
Class org.jetbrains.kotlin.gradle.report.TaskExecutionResult                          : loaded 2 times (x 71B)
Class org.jetbrains.kotlin.gradle.tasks.abi.KotlinLegacyAbiUpdateTask$Companion       : loaded 2 times (x 70B)
Class org.jetbrains.kotlin.gradle.targets.js.npm.NpmDirectoryDependencyExtension      : loaded 2 times (x 69B)
Class com.google.common.collect.ImmutableMultimap$1                                   : loaded 2 times (x 81B)
Class com.google.common.collect.ImmutableMultimap$2                                   : loaded 2 times (x 80B)
Class org.jetbrains.kotlin.gradle.fus.internal.SynchronizedConfigurationMetrics$Companion: loaded 2 times (x 70B)
Class com.android.tools.lint.model.DefaultLintModelBuildFeatures                      : loaded 2 times (x 76B)
Class org.jetbrains.kotlin.gradle.plugin.VariantImplementationFactories$Companion$getProvider$2$1: loaded 2 times (x 78B)
Class com.android.tools.analytics.Environment$EnvironmentVariable                     : loaded 2 times (x 78B)
Class org.jetbrains.kotlin.gradle.plugin.KotlinPluginLifecycle$CoroutineStart         : loaded 2 times (x 78B)
Class org.jetbrains.kotlin.tooling.core.TypeUtils                                     : loaded 2 times (x 70B)
Class org.gradle.internal.classpath.TransformedClassPath                              : loaded 2 times (x 95B)
Class com.google.common.io.Resources                                                  : loaded 2 times (x 70B)
Class org.jetbrains.kotlin.gradle.tasks.configuration.KaptGenerateStubsConfig$Companion$configureLibraries$1: loaded 2 times (x 78B)
Class org.jetbrains.kotlin.gradle.dsl.HasConfigurableKotlinCompilerOptions            : loaded 2 times (x 69B)
Class org.jetbrains.kotlin.gradle.plugin.diagnostics.checkers.JsEnvironmentChecker    : loaded 2 times (x 75B)
Class org.jetbrains.kotlin.buildtools.api.ExperimentalBuildToolsApi                   : loaded 2 times (x 69B)
Class com.android.ide.common.resources.configuration.ScreenRoundQualifier             : loaded 2 times (x 90B)
Class org.codehaus.groovy.ast.stmt.EmptyStatement                                     : loaded 2 times (x 109B)
Class com.android.ide.common.repository.AgpVersion$Companion$WhenMappings             : loaded 2 times (x 70B)
Class it.unimi.dsi.fastutil.longs.LongIterable                                        : loaded 2 times (x 69B)
Class com.google.common.reflect.TypeToken$SimpleTypeToken                             : loaded 2 times (x 72B)
Class kotlin.time.DurationUnitKt__DurationUnitJvmKt                                   : loaded 2 times (x 70B)
Class org.jetbrains.kotlin.compilerRunner.CompilerSystemPropertiesService$Companion$registerIfAbsent$2$1$1: loaded 2 times (x 74B)
Class org.jetbrains.kotlin.gradle.plugin.sources.InternalKotlinSourceSetKt            : loaded 2 times (x 70B)
Class org.jetbrains.kotlin.tooling.core.HasExtras                                     : loaded 2 times (x 69B)
Class kotlin.reflect.jvm.internal.impl.builtins.PrimitiveType$$Lambda$0               : loaded 2 times (x 75B)
Class com.google.common.util.concurrent.AbstractFuture$Trusted                        : loaded 2 times (x 69B)
Class kotlin.reflect.jvm.internal.impl.builtins.PrimitiveType$$Lambda$1               : loaded 2 times (x 75B)
Class org.jetbrains.kotlin.gradle.artifacts.KotlinNativeKlibArtifactKt$KotlinNativeKlibArtifact$1: loaded 2 times (x 73B)
Class [Lorg.jetbrains.kotlin.gradle.plugin.KotlinPlatformType;                        : loaded 2 times (x 68B)
Class org.jetbrains.kotlin.gradle.plugin.mpp.KotlinAndroidTarget                      : loaded 2 times (x 158B)
Class kotlin.LazyThreadSafetyMode                                                     : loaded 2 times (x 78B)
Class org.jetbrains.kotlin.statistics.metrics.NumberOverridePolicy$SUM$fromStringRepresentation$1: loaded 2 times (x 77B)
Class org.jetbrains.kotlin.gradle.internal.properties.PropertiesBuildService$BooleanGradleProperty: loaded 2 times (x 75B)
Class org.codehaus.groovy.runtime.metaclass.TransformMetaMethod                       : loaded 2 times (x 95B)
Class com.android.tools.lint.model.LintModelModule                                    : loaded 2 times (x 69B)
Class kotlin.text.MatcherMatchResult$groups$1                                         : loaded 2 times (x 150B)
Class org.jetbrains.kotlin.build.report.metrics.BuildTime                             : loaded 2 times (x 69B)
Class com.android.tools.analytics.AnalyticsSettings$optedIn$1                         : loaded 2 times (x 77B)
Class com.android.tools.analytics.AnalyticsSettings                                   : loaded 2 times (x 70B)
Class org.codehaus.groovy.runtime.metaclass.ReflectionMetaMethod                      : loaded 2 times (x 96B)
Class org.jetbrains.kotlin.gradle.utils.IsolatedKotlinClasspathClassCastException     : loaded 2 times (x 81B)
Class kotlin.jvm.internal.markers.KMutableMap$Entry                                   : loaded 2 times (x 69B)
Class kotlin.text.StringsKt___StringsKt                                               : loaded 2 times (x 70B)
Class com.google.common.reflect.Types$NativeTypeVariableEquals                        : loaded 2 times (x 70B)
Class org.jetbrains.kotlin.gradle.plugin.statistics.plugins.ObservablePlugins         : loaded 2 times (x 78B)
Class org.jetbrains.kotlin.gradle.internal.KotlinDependenciesManagementKt$CustomizeKotlinDependenciesSetupAction$1$coreLibrariesVersion$1: loaded 2 times (x 78B)
Class kotlin.jvm.functions.Function10                                                 : loaded 2 times (x 69B)
Class build_b6od53d3lxqiy7ioifuzvicfk                                                 : loaded 2 times (x 180B)
Class org.jetbrains.kotlin.gradle.plugin.statistics.IDaemonReuseCounterMXBean         : loaded 2 times (x 69B)
Class org.jetbrains.kotlin.gradle.plugin.HasCompilerOptions                           : loaded 2 times (x 69B)
Class org.jetbrains.kotlin.statistics.metrics.StringOverridePolicy$OVERRIDE_VERSION_IF_NOT_SET: loaded 2 times (x 84B)
Class org.codehaus.groovy.ast.stmt.CaseStatement                                      : loaded 2 times (x 113B)
Class org.codehaus.groovy.ast.expr.DeclarationExpression                              : loaded 2 times (x 136B)
Class it.unimi.dsi.fastutil.objects.Object2IntFunction                                : loaded 2 times (x 69B)
Class kotlin.jvm.functions.Function11                                                 : loaded 2 times (x 69B)
Class kotlin.collections.ArraysKt___ArraysKt$asSequence$$inlined$Sequence$1           : loaded 2 times (x 74B)
Class org.jetbrains.kotlin.gradle.utils.FutureKt                                      : loaded 2 times (x 70B)
Class kotlin.jvm.functions.Function12                                                 : loaded 2 times (x 69B)
Class kotlin.coroutines.intrinsics.CoroutineSingletons                                : loaded 2 times (x 78B)
Class org.jetbrains.kotlin.statistics.metrics.StatisticsValuesConsumer                : loaded 2 times (x 69B)
Class org.jetbrains.kotlin.gradle.testing.internal.KotlinTestsRegistry                : loaded 2 times (x 71B)
Class org.codehaus.groovy.ast.GroovyCodeVisitor                                       : loaded 2 times (x 69B)
Class kotlin.jvm.functions.Function13                                                 : loaded 2 times (x 69B)
Class kotlin.reflect.jvm.internal.ComputableClassValue                                : loaded 2 times (x 79B)
Class kotlin.Pair                                                                     : loaded 2 times (x 71B)
Class org.jetbrains.kotlin.gradle.plugin.mpp.compilationImpl.KotlinCompilationLanguageSettingsConfigurator: loaded 2 times (x 73B)
Class org.jetbrains.kotlin.statistics.metrics.StringMetrics                           : loaded 2 times (x 79B)
Class com.android.utils.StringHelper                                                  : loaded 2 times (x 70B)
Class kotlin.jvm.functions.Function14                                                 : loaded 2 times (x 69B)
Class org.codehaus.groovy.runtime.typehandling.GroovyCastException                    : loaded 2 times (x 81B)
Class kotlin.jvm.functions.Function15                                                 : loaded 2 times (x 69B)
Class com.google.common.collect.AbstractMapBasedMultimap$WrappedCollection$WrappedIterator: loaded 2 times (x 83B)
Class org.jetbrains.kotlin.gradle.plugin.diagnostics.checkers.DuplicateSourceSetChecker$runChecks$1: loaded 2 times (x 87B)
Class org.jetbrains.kotlin.gradle.plugin.KotlinCompilerArgumentsProducer              : loaded 2 times (x 69B)
Class com.android.utils.StdLogger$Level                                               : loaded 2 times (x 78B)
Class kotlin.jvm.functions.Function16                                                 : loaded 2 times (x 69B)
Class org.jetbrains.kotlin.gradle.plugin.diagnostics.DiagnosticGroup$KotlinDiagnosticGroup: loaded 2 times (x 80B)
Class kotlin.jvm.functions.Function17                                                 : loaded 2 times (x 69B)
Class com.android.resources.UiMode                                                    : loaded 2 times (x 86B)
Class kotlin.jvm.functions.Function18                                                 : loaded 2 times (x 69B)
Class org.jetbrains.kotlin.gradle.utils.GradleAttributesContainerUtilsKt$setAttributeProvider$1: loaded 2 times (x 74B)
Class org.jetbrains.kotlin.gradle.plugin.internal.ConfigurationCacheStartParameterAccessor: loaded 2 times (x 69B)
Class org.codehaus.groovy.control.ResolveVisitor$ConstructedClassWithPackage          : loaded 2 times (x 242B)
Class kotlin.jvm.functions.Function19                                                 : loaded 2 times (x 69B)
Class com.google.protobuf.Descriptors$FieldDescriptor                                 : loaded 2 times (x 87B)
Class kotlin.collections.AbstractList$Companion                                       : loaded 2 times (x 70B)
Class org.jetbrains.kotlin.gradle.tasks.publishing.HelpersKt                          : loaded 2 times (x 70B)
Class org.jetbrains.kotlin.gradle.plugin.KotlinTargetConfiguratorKt                   : loaded 2 times (x 70B)
Class kotlin.jdk7.AutoCloseableKt                                                     : loaded 2 times (x 70B)
Class kotlin.coroutines.intrinsics.IntrinsicsKt                                       : loaded 2 times (x 70B)
Class com.google.common.collect.Multimaps                                             : loaded 2 times (x 70B)
Class org.jetbrains.kotlin.gradle.plugin.mpp.InternalKotlinCompilation$DefaultImpls   : loaded 2 times (x 70B)
Class it.unimi.dsi.fastutil.objects.ObjectSet                                         : loaded 2 times (x 69B)
Class org.jetbrains.kotlin.gradle.plugin.sources.DefaultKotlinSourceSet_Decorated     : loaded 2 times (x 191B)
Class com.google.common.collect.MapMakerInternalMap$WeakKeyStrongValueEntry           : loaded 2 times (x 89B)
Class org.codehaus.groovy.runtime.dgmimpl.arrays.IntegerArrayPutAtMetaMethod          : loaded 2 times (x 96B)
Class kotlin.jvm.internal.markers.KMutableListIterator                                : loaded 2 times (x 69B)
Class kotlin.reflect.jvm.internal.impl.builtins.PrimitiveType$Companion               : loaded 2 times (x 70B)
Class org.jetbrains.kotlin.gradle.dsl.KotlinCommonCompilerToolOptionsDefault          : loaded 2 times (x 83B)
Class org.jetbrains.kotlin.gradle.report.ConfigureReporingKt                          : loaded 2 times (x 70B)
Class com.android.builder.model.MavenCoordinates                                      : loaded 2 times (x 69B)
Class org.jetbrains.kotlin.gradle.tasks.CacheableTasksKt$cacheOnlyIfEnabledForKotlin$1: loaded 2 times (x 74B)
Class org.jetbrains.kotlin.gradle.dsl.jvm.JvmTargetValidationMode                     : loaded 2 times (x 78B)
Class com.google.protobuf.UnsafeUtil$Android32MemoryAccessor                          : loaded 2 times (x 90B)
Class kotlin.SynchronizedLazyImpl                                                     : loaded 2 times (x 75B)
Class org.jetbrains.kotlin.gradle.tasks.internal.KotlinJvmOptionsCompat               : loaded 2 times (x 100B)
Class kotlin.collections.AbstractIterator                                             : loaded 2 times (x 82B)
Class it.unimi.dsi.fastutil.ints.IntArrays                                            : loaded 2 times (x 70B)
Class com.google.common.util.concurrent.ExecutionError                                : loaded 2 times (x 81B)
Class [Lcom.android.resources.KeyboardState;                                          : loaded 2 times (x 68B)
Class org.jetbrains.kotlin.gradle.tasks.KotlinCompilerExecutionStrategy$Companion     : loaded 2 times (x 70B)
Class org.jetbrains.kotlin.konan.target.KonanTarget$WATCHOS_ARM64                     : loaded 2 times (x 77B)
Class org.jetbrains.kotlin.gradle.plugin.KotlinPluginLifecycleImpl                    : loaded 2 times (x 79B)
Class com.android.utils.PositionXmlParser$DomBuilder                                  : loaded 2 times (x 147B)
Class kotlin.ranges.IntRange                                                          : loaded 2 times (x 92B)
Class org.jetbrains.kotlin.gradle.dsl.PlatformSourceSetConventionsChecker$runChecks$1 : loaded 2 times (x 87B)
Class [Lorg.jetbrains.kotlin.gradle.plugin.KotlinPluginLifecycle$Stage;               : loaded 2 times (x 68B)
Class org.jetbrains.kotlin.gradle.internal.diagnostics.AgpCompatibilityCheck$AndroidGradlePluginVersionProvider: loaded 2 times (x 69B)
Class com.android.tools.lint.model.LintModelSeverity$Companion                        : loaded 2 times (x 70B)
Class kotlin.collections.SetsKt__SetsKt                                               : loaded 2 times (x 70B)
Class org.jetbrains.kotlin.gradle.dsl.abi.AbiValidationVariantSpec$Companion          : loaded 2 times (x 70B)
Class org.jetbrains.kotlin.gradle.dsl.PlatformSourceSetConventionsChecker$runChecks$2 : loaded 2 times (x 77B)
Class kotlin.jvm.internal.markers.KMutableSet                                         : loaded 2 times (x 69B)
Class org.jetbrains.kotlin.gradle.internal.CompilerOptionsDslHelpersKt                : loaded 2 times (x 70B)
Class org.jetbrains.kotlin.konan.target.HostManager$targetValues$2                    : loaded 2 times (x 77B)
Class org.jetbrains.kotlin.gradle.dsl.PlatformSourceSetConventionsChecker$runChecks$3 : loaded 2 times (x 77B)
Class [Lorg.jetbrains.kotlin.gradle.plugin.diagnostics.ToolingDiagnostic$Severity;    : loaded 2 times (x 68B)
Class org.jetbrains.kotlin.gradle.plugin.StatisticsBuildFlowManager$Companion         : loaded 2 times (x 70B)
Class org.jetbrains.kotlin.gradle.plugin.internal.CustomPropertiesFileValueSource$Inject: loaded 2 times (x 112B)
Class org.jetbrains.kotlin.gradle.plugin.statistics.BuildFusService$Companion         : loaded 2 times (x 70B)
Class org.jetbrains.kotlin.gradle.plugin.PluginWrappersKt                             : loaded 2 times (x 70B)
Class org.codehaus.groovy.control.ResolveVisitor$ConstructedNestedClass               : loaded 2 times (x 242B)
Class org.jetbrains.kotlin.gradle.dsl.PlatformSourceSetConventionsChecker$runChecks$4 : loaded 2 times (x 77B)
Class org.jetbrains.kotlin.gradle.dsl.KotlinCommonCompilerToolOptionsHelper           : loaded 2 times (x 70B)
Class com.android.ide.common.rendering.api.PluralsResourceValueImpl                   : loaded 2 times (x 116B)
Class kotlin.DeprecationLevel                                                         : loaded 2 times (x 78B)
Class org.jetbrains.kotlin.gradle.plugin.mpp.KotlinCompilationsKt$sam$java_util_concurrent_Callable$0: loaded 2 times (x 74B)
Class org.jetbrains.kotlin.gradle.tasks.configuration.AbstractKotlinCompileConfig     : loaded 2 times (x 71B)
Class org.jetbrains.kotlin.gradle.dsl.PlatformSourceSetConventionsChecker$runChecks$6 : loaded 2 times (x 87B)
Class org.jetbrains.kotlin.gradle.plugin.mpp.compilationImpl.KotlinCreateNativeCompileTasksSideEffectKt$special$$inlined$KotlinCompilationSideEffect$1: loaded 2 times (x 73B)
Class com.google.common.cache.LocalCache                                              : loaded 2 times (x 186B)
Class org.apache.groovy.util.BeanUtils                                                : loaded 2 times (x 70B)
Class kotlin.jvm.internal.PropertyReference                                           : loaded 2 times (x 114B)
Class org.jetbrains.kotlin.gradle.targets.native.internal.SetupKotlinNativePlatformDependenciesAndStdlibKt$SetupKotlinNativeStdlibAndPlatformDependenciesImport$1: loaded 2 times (x 94B)
Class com.android.ide.common.resources.configuration.TextInputMethodQualifier         : loaded 2 times (x 89B)
Class org.jetbrains.kotlin.gradle.plugin.diagnostics.CheckKotlinGradlePluginConfigurationErrorsKt$addDependsOnFromTasksThatShouldFailWhenErrorsReported$1: loaded 2 times (x 74B)
Class org.jetbrains.kotlin.gradle.targets.CreateTargetConfigurationsSideEffectKt$CreateTargetConfigurationsSideEffect$1: loaded 2 times (x 73B)
Class kotlin.ranges.IntRange$Companion                                                : loaded 2 times (x 70B)
Class org.jetbrains.kotlin.gradle.plugin.KotlinPluginLifecycleImpl$launch$coroutine$1 : loaded 2 times (x 75B)
Class org.jetbrains.kotlin.gradle.internal.IsInIdeaEnvironmentValueSource$Inject      : loaded 2 times (x 99B)
Class org.codehaus.groovy.runtime.GStringImpl                                         : loaded 2 times (x 162B)
Class groovy.lang.GroovyObjectSupport                                                 : loaded 2 times (x 83B)
Class org.jetbrains.kotlin.gradle.targets.CreateDefaultTestRunSideEffectKt$special$$inlined$KotlinTargetSideEffect$1: loaded 2 times (x 73B)
Class org.jetbrains.kotlin.gradle.plugin.internal.JavaExecTaskParametersCompatibility$Factory: loaded 2 times (x 69B)
Class org.codehaus.groovy.reflection.ReflectionUtils                                  : loaded 2 times (x 70B)
Class kotlin.jvm.functions.Function20                                                 : loaded 2 times (x 69B)
Class com.google.common.collect.Tables$AbstractCell                                   : loaded 2 times (x 80B)
Class com.android.resources.ResourceEnum                                              : loaded 2 times (x 69B)
Class kotlin.jvm.functions.Function21                                                 : loaded 2 times (x 69B)
Class org.jetbrains.kotlin.gradle.plugin.diagnostics.KotlinToolingDiagnostics         : loaded 2 times (x 70B)
Class kotlin.jvm.functions.Function22                                                 : loaded 2 times (x 69B)
Class org.jetbrains.kotlin.gradle.internal.StdlibDependencyManagementKt$addStdlibDependency$1: loaded 2 times (x 74B)
Class org.jetbrains.kotlin.gradle.dsl.KotlinCommonOptions                             : loaded 2 times (x 69B)
Class org.jetbrains.kotlin.gradle.plugin.HasKotlinDependencies                        : loaded 2 times (x 69B)
Class org.jetbrains.kotlin.statistics.fileloggers.MetricsContainer                    : loaded 2 times (x 76B)
Class [Lcom.android.resources.ResourceEnum;                                           : loaded 2 times (x 68B)
Class kotlin.jvm.internal.FloatCompanionObject                                        : loaded 2 times (x 70B)
Class kotlin.sequences.DropSequence$iterator$1                                        : loaded 2 times (x 78B)
Class [Lorg.apache.commons.io.file.DeleteOption;                                      : loaded 2 times (x 68B)
Class org.apache.commons.io.file.PathUtils                                            : loaded 2 times (x 70B)
Class org.jetbrains.kotlin.cli.common.arguments.Freezable                             : loaded 2 times (x 71B)
Class org.jetbrains.kotlin.gradle.plugin.mpp.KotlinTargetSoftwareComponentImplKt$KotlinTargetSoftwareComponent$1$1$configuration$1: loaded 2 times (x 78B)
Class org.jetbrains.kotlin.gradle.internal.abi.AbiValidationExtensionImpl$variants$1  : loaded 2 times (x 74B)
Class [Lkotlin.Function;                                                              : loaded 2 times (x 68B)
Class groovyjarjarasm.asm.CurrentFrame                                                : loaded 2 times (x 72B)
Class org.jetbrains.kotlin.gradle.plugin.mpp.SyncLanguageSettingsWithKotlinExtensionSetupActionKt$SyncLanguageSettingsWithKotlinExtensionSetupAction$1: loaded 2 times (x 94B)
Class org.jetbrains.kotlin.gradle.tasks.K2MultiplatformStructure$RefinesEdge          : loaded 2 times (x 71B)
Class org.jetbrains.kotlin.gradle.plugin.mpp.compilationImpl.KotlinCreateNativeCompileTasksSideEffectKt: loaded 2 times (x 70B)
Class org.jetbrains.kotlin.gradle.tasks.KotlinJavaToolchain$JavaToolchainSetter       : loaded 2 times (x 69B)
Class org.jetbrains.kotlin.gradle.plugin.diagnostics.DefaultProblemsReporter$logger$2 : loaded 2 times (x 78B)
Class org.jetbrains.kotlin.gradle.plugin.VariantImplementationFactoriesConfigurator$Companion: loaded 2 times (x 70B)
Class com.google.common.collect.HashBasedTable$Factory                                : loaded 2 times (x 78B)
Class groovy.lang.MetaClassRegistryChangeEventListener                                : loaded 2 times (x 69B)
Class org.codehaus.groovy.util.ManagedConcurrentLinkedQueue                           : loaded 2 times (x 83B)
Class org.jetbrains.kotlin.gradle.plugin.AndroidGradlePluginVersion                   : loaded 2 times (x 74B)
Class org.jetbrains.kotlin.konan.target.KonanTarget$ANDROID_X86                       : loaded 2 times (x 77B)
Class org.jetbrains.kotlin.gradle.tooling.BuildKotlinToolingMetadataTask              : loaded 2 times (x 316B)
Class com.google.common.collect.AbstractMultimap$Entries                              : loaded 2 times (x 119B)
Class org.jetbrains.kotlin.gradle.plugin.KotlinCompilerPluginSupportPlugin            : loaded 2 times (x 69B)
Class org.jetbrains.kotlin.gradle.internal.properties.NativeProperties                : loaded 2 times (x 69B)
Class kotlin.comparisons.ComparisonsKt__ComparisonsKt                                 : loaded 2 times (x 70B)
Class org.jetbrains.kotlin.gradle.plugin.mpp.compilationImpl.KotlinCreateResourcesTaskSideEffectKt$KotlinCreateResourcesTaskSideEffect$1: loaded 2 times (x 73B)
Class org.jetbrains.kotlin.gradle.plugin.statistics.BuildFinishFlowProviderManager_Decorated: loaded 2 times (x 118B)
Class com.google.protobuf.ExtensionLite                                               : loaded 2 times (x 76B)
Class org.codehaus.groovy.runtime.powerassert.PowerAssertionError                     : loaded 2 times (x 81B)
Class org.jetbrains.kotlin.gradle.internal.properties.NativePropertiesLoader$userProvidedNativeHome$1: loaded 2 times (x 74B)
Class org.jetbrains.kotlin.gradle.plugin.mpp.compilationImpl.factory.KotlinCompilationImplFactory$KotlinCompilerOptionsFactory$Options: loaded 2 times (x 71B)
Class org.jetbrains.kotlin.gradle.utils.SingleActionPerProject                        : loaded 2 times (x 72B)
Class kotlin.reflect.jvm.internal.KDeclarationContainerImpl$Companion                 : loaded 2 times (x 70B)
Class org.jetbrains.kotlin.gradle.plugin.mpp.AbstractKotlinTarget$components$2        : loaded 2 times (x 78B)
Class org.jetbrains.kotlin.gradle.plugin.diagnostics.checkers.CInteropInputChecker    : loaded 2 times (x 73B)
Class org.codehaus.groovy.ast.tools.GeneralUtils$1                                    : loaded 2 times (x 127B)
Class kotlin.collections.EmptyMap                                                     : loaded 2 times (x 108B)
Class [Lorg.jetbrains.kotlin.gradle.plugin.diagnostics.checkers.GradleDeprecatedPropertyChecker$DeprecatedProperty;: loaded 2 times (x 68B)
Class com.google.common.reflect.Invokable$ConstructorInvokable                        : loaded 2 times (x 104B)
Class org.jetbrains.kotlin.gradle.plugin.StatisticsBuildFlowManager$subscribeForBuildResultAndConfigurationTimeMetrics$1$1: loaded 2 times (x 73B)
Class kotlin.collections.builders.MapBuilder$Companion                                : loaded 2 times (x 70B)
Class com.google.common.collect.NullsLastOrdering                                     : loaded 2 times (x 114B)
Class org.jetbrains.kotlin.gradle.plugin.mpp.compilationImpl.factory.KotlinCompilationImplFactory: loaded 2 times (x 71B)
Class org.jetbrains.kotlin.gradle.plugin.mpp.KotlinTargetWithBinaries                 : loaded 2 times (x 156B)
Class com.google.common.collect.CollectCollectors$EnumSetAccumulator                  : loaded 2 times (x 71B)
Class [Lcom.android.tools.lint.model.LintModelSeverity;                               : loaded 2 times (x 68B)
Class org.jetbrains.kotlin.gradle.dsl.KotlinSingleTargetExtension                     : loaded 2 times (x 123B)
Class org.codehaus.groovy.runtime.DefaultGroovyMethods                                : loaded 2 times (x 70B)
Class com.google.common.collect.ComparisonChain                                       : loaded 2 times (x 79B)
Class com.google.common.collect.AbstractMapBasedMultimap$KeySet$1                     : loaded 2 times (x 81B)
Class org.jetbrains.kotlin.gradle.tasks.abi.KotlinLegacyAbiCheckTaskImpl$Companion    : loaded 2 times (x 70B)
Class org.jetbrains.kotlin.gradle.tasks.publishing.GeneratePgpKeys                    : loaded 2 times (x 319B)
Class org.jetbrains.kotlin.gradle.plugin.statistics.KotlinBuildStatsMXBean            : loaded 2 times (x 69B)
Class groovy.lang.Closure                                                             : loaded 2 times (x 131B)
Class com.android.prefs.AbstractAndroidLocations                                      : loaded 2 times (x 81B)
Class org.jetbrains.kotlin.gradle.ExperimentalKotlinGradlePluginApi                   : loaded 2 times (x 69B)
Class kotlin.text.RegexKt                                                             : loaded 2 times (x 70B)
Class org.jetbrains.kotlin.gradle.internal.properties.NativePropertiesLoader$konanDataDirProperty$1$1: loaded 2 times (x 73B)
Class org.jetbrains.kotlin.gradle.internal.ClassLoadersCachingBuildService$Parameters_Decorated: loaded 2 times (x 133B)
Class androidx.annotation.experimental.lint.AnnotationRetentionDetector$Companion     : loaded 2 times (x 70B)
Class [Lcom.android.resources.ResourceFolderType;                                     : loaded 2 times (x 68B)
Class kotlin.io.CloseableKt                                                           : loaded 2 times (x 70B)
Class kotlin.reflect.jvm.internal.impl.builtins.functions.FunctionTypeKind$SuspendFunction: loaded 2 times (x 71B)
Class com.google.common.reflect.TypeCapture                                           : loaded 2 times (x 70B)
Class org.jetbrains.kotlin.gradle.internal.properties.PropertiesBuildService          : loaded 2 times (x 75B)
Class com.android.ide.common.rendering.api.StyleableResourceValueImpl                 : loaded 2 times (x 110B)
Class com.google.protobuf.SingleFieldBuilderV3                                        : loaded 2 times (x 83B)
Class com.google.protobuf.Internal$EnumLiteMap                                        : loaded 2 times (x 69B)
Class org.jetbrains.kotlin.gradle.internal.properties.PropertiesBuildService$MemoizedCallable$value$2: loaded 2 times (x 78B)
Class org.gradle.internal.installation.GradleInstallation                             : loaded 2 times (x 74B)
Class org.codehaus.groovy.runtime.typehandling.ShortTypeHandling                      : loaded 2 times (x 70B)
Class org.jetbrains.kotlin.gradle.tasks.K2MultiplatformStructure_Decorated            : loaded 2 times (x 134B)
Class org.jetbrains.kotlin.gradle.tasks.abi.AbiToolsTask$Companion                    : loaded 2 times (x 70B)
Class com.android.utils.XmlUtils                                                      : loaded 2 times (x 70B)
Class com.android.tools.lint.model.LintModelJavaLibrary                               : loaded 2 times (x 69B)
Class org.jetbrains.kotlin.gradle.plugin.sources.android.AndroidVariantType           : loaded 2 times (x 78B)
Class org.jetbrains.kotlin.gradle.utils.GradleConfigurationUtilsKt                    : loaded 2 times (x 70B)
Class org.codehaus.groovy.util.AbstractConcurrentMap$Entry                            : loaded 2 times (x 69B)
Class org.codehaus.groovy.runtime.dgmimpl.arrays.ArrayMetaMethod                      : loaded 2 times (x 96B)
Class com.google.common.collect.UsingToStringOrdering                                 : loaded 2 times (x 113B)
Class [Lcom.android.resources.NightMode;                                              : loaded 2 times (x 68B)
Class kotlin.sequences.SequencesKt___SequencesKt$sortedWith$1                         : loaded 2 times (x 74B)
Class groovy.lang.MetaClassRegistry$MetaClassCreationHandle                           : loaded 2 times (x 73B)
Class kotlin.collections.AbstractList                                                 : loaded 2 times (x 158B)
Class kotlin.collections.AbstractCollection                                           : loaded 2 times (x 116B)
Class com.android.ide.common.gradle.Part                                              : loaded 2 times (x 76B)
Class kotlin.collections.ArraysKt__ArraysJVMKt                                        : loaded 2 times (x 70B)
Class com.google.protobuf.GeneratedMessageV3$Builder$BuilderParentImpl                : loaded 2 times (x 77B)
Class it.unimi.dsi.fastutil.ints.IntIterator                                          : loaded 2 times (x 69B)
Class kotlin.reflect.jvm.internal.KProperty1Impl$$Lambda$0                            : loaded 2 times (x 75B)
Class org.jetbrains.kotlin.compilerRunner.GradleCompilerRunner                        : loaded 2 times (x 72B)
Class org.jetbrains.kotlin.gradle.plugin.diagnostics.KotlinGradleProjectCheckerContext: loaded 2 times (x 71B)
Class org.jetbrains.kotlin.gradle.plugin.diagnostics.ToolingDiagnosticRenderingOptions$Companion: loaded 2 times (x 70B)
Class org.jetbrains.kotlin.gradle.dsl.KotlinVersion                                   : loaded 2 times (x 78B)
Class com.google.protobuf.CodedInputStream$IterableDirectByteBufferDecoder            : loaded 2 times (x 119B)
Class kotlin.reflect.jvm.internal.KProperty1Impl$$Lambda$1                            : loaded 2 times (x 75B)
Class org.jetbrains.kotlin.gradle.tasks.configuration.KaptGenerateStubsConfig$Companion: loaded 2 times (x 70B)
Class org.jetbrains.kotlin.gradle.internal.KotlinTestDependencyManagementKt$configureKotlinTestDependency$1: loaded 2 times (x 78B)
Class org.jetbrains.kotlin.gradle.internal.properties.NativePropertiesLoader$kotlinNativeVersion$1: loaded 2 times (x 74B)
Class org.objectweb.asm.ModuleVisitor                                                 : loaded 2 times (x 80B)
Class org.jetbrains.kotlin.gradle.internal.KotlinTestDependencyManagementKt$configureKotlinTestDependency$2: loaded 2 times (x 74B)
Class org.jetbrains.kotlin.gradle.dsl.KotlinJvmCompilerOptionsDefault_Decorated       : loaded 2 times (x 170B)
Class org.codehaus.groovy.vmplugin.v8.Java8                                           : loaded 2 times (x 108B)
Class it.unimi.dsi.fastutil.ints.IntIterable                                          : loaded 2 times (x 69B)
Class org.jetbrains.kotlin.gradle.plugin.diagnostics.checkers.AndroidSourceSetLayoutV1SourceSetsNotFoundChecker: loaded 2 times (x 73B)
Class [Lgroovy.lang.MetaProperty;                                                     : loaded 2 times (x 68B)
Class com.google.common.collect.Maps$IteratorBasedAbstractMap$1                       : loaded 2 times (x 137B)
Class org.jetbrains.kotlin.gradle.tasks.CompilerPluginOptions                         : loaded 2 times (x 71B)
Class org.jetbrains.kotlin.gradle.dsl.KotlinTargetContainerWithWasmPresetFunctions    : loaded 2 times (x 69B)
Class [Lcom.android.resources.ResourceType$Kind;                                      : loaded 2 times (x 68B)
Class it.unimi.dsi.fastutil.ints.IntArrays$ForkJoinQuickSort                          : loaded 2 times (x 89B)
Class org.jetbrains.kotlin.gradle.plugin.KotlinAndroidPluginWrapper                   : loaded 2 times (x 85B)
Class [Lcom.android.resources.GrammaticalGender;                                      : loaded 2 times (x 68B)
Class com.android.prefs.PathLocator$singlePathOf$values$1                             : loaded 2 times (x 78B)
Class kotlin.collections.CollectionsKt__IterablesKt                                   : loaded 2 times (x 70B)
Class org.jetbrains.kotlin.gradle.internal.abi.AbiFiltersSpecImplKt                   : loaded 2 times (x 70B)
Class org.jetbrains.kotlin.gradle.plugin.internal.DefaultProjectIsolationStartParameterAccessor: loaded 2 times (x 76B)
Class org.jetbrains.kotlin.gradle.plugin.internal.ConfigurationCacheStartParameterAccessor$Factory: loaded 2 times (x 69B)
Class com.android.prefs.PathLocator$singlePathOf$values$2                             : loaded 2 times (x 77B)
Class kotlin.internal.PlatformImplementationsKt                                       : loaded 2 times (x 70B)
Class org.jetbrains.kotlin.gradle.plugin.mpp.compilationImpl.KotlinCreateResourcesTaskSideEffectKt: loaded 2 times (x 70B)
Class com.google.common.io.AppendableWriter                                           : loaded 2 times (x 99B)
Class org.jetbrains.kotlin.gradle.plugin.diagnostics.checkers.ComposePluginSuggestApplyChecker$runChecks$1: loaded 2 times (x 87B)
Class org.codehaus.groovy.reflection.CachedField                                      : loaded 2 times (x 81B)
Class org.codehaus.groovy.ast.stmt.Statement                                          : loaded 2 times (x 109B)
Class [Lkotlin.reflect.jvm.internal.impl.resolve.jvm.JvmPrimitiveType;                : loaded 2 times (x 68B)
Class kotlin.reflect.jvm.internal.impl.builtins.StandardNames                         : loaded 2 times (x 70B)
Class kotlin.coroutines.jvm.internal.Boxing                                           : loaded 2 times (x 70B)
Class build_crik30vk2h0rmw8eqo8pkc9nv$_run_closure1                                   : loaded 2 times (x 138B)
Class com.android.ide.common.resources.configuration.DensityQualifier                 : loaded 2 times (x 88B)
Class kotlin.coroutines.jvm.internal.SuspendFunction                                  : loaded 2 times (x 69B)
Class org.jetbrains.kotlin.gradle.artifacts.KotlinNativeKlibArtifactKt                : loaded 2 times (x 70B)
Class org.jetbrains.kotlin.gradle.plugin.KotlinGradleBuildServices$detectKotlinPluginLoadedInMultipleProjects$onRegister$1$1: loaded 2 times (x 74B)
Class org.jetbrains.kotlin.gradle.internal.IsInIdeaSyncValueSource                    : loaded 2 times (x 77B)
Class org.jetbrains.kotlin.statistics.MetricValueValidationFailed                     : loaded 2 times (x 81B)
Class org.jetbrains.kotlin.gradle.plugin.mpp.compilationImpl.DefaultKotlinCompilationFriendPathsResolver$resolveFriendPaths$1$1: loaded 2 times (x 78B)
Class com.google.common.cache.CacheLoader$SupplierToCacheLoader                       : loaded 2 times (x 74B)
Class org.gradle.internal.classpath.ClassPath                                         : loaded 2 times (x 69B)
Class [Lcom.android.resources.Density;                                                : loaded 2 times (x 68B)
Class org.codehaus.groovy.runtime.ScriptBytecodeAdapter                               : loaded 2 times (x 70B)
Class org.jetbrains.kotlin.gradle.plugin.mpp.compilationImpl.factory.KotlinCompilationImplFactory$PostConfigure: loaded 2 times (x 69B)
Class org.jetbrains.kotlin.gradle.targets.js.dsl.KotlinWasmTargetDsl                  : loaded 2 times (x 69B)
Class org.jetbrains.kotlin.gradle.dsl.KotlinJvmProjectExtension                       : loaded 2 times (x 146B)
Class org.jetbrains.kotlin.gradle.plugin.BuildFinishAndConfigurationTimeMetricsFlowAction: loaded 2 times (x 73B)
Class com.google.common.cache.RemovalListener                                         : loaded 2 times (x 69B)
Class org.gradle.api.internal.classpath.DefaultModuleRegistry                         : loaded 2 times (x 85B)
Class com.android.ide.common.rendering.api.ResourceValueImpl                          : loaded 2 times (x 97B)
Class com.google.common.collect.FluentIterable$1                                      : loaded 2 times (x 80B)
Class com.google.gson.Strictness                                                      : loaded 2 times (x 78B)
Class com.google.common.collect.FluentIterable$2                                      : loaded 2 times (x 80B)
Class org.jetbrains.kotlin.gradle.dsl.KotlinCommonCompilerOptionsDefault              : loaded 2 times (x 95B)
Class com.android.resources.Keyboard                                                  : loaded 2 times (x 85B)
Class [Lgroovyjarjarasm.asm.Type;                                                     : loaded 2 times (x 68B)
Class org.codehaus.groovy.runtime.NullObject                                          : loaded 2 times (x 90B)
Class org.codehaus.groovy.vmplugin.VMPluginFactory                                    : loaded 2 times (x 70B)
Class com.google.common.collect.FluentIterable$3                                      : loaded 2 times (x 80B)
Class com.android.ide.common.rendering.api.PluralsResourceValue                       : loaded 2 times (x 69B)
Class org.jetbrains.kotlin.gradle.utils.FutureKt$future$2$1                           : loaded 2 times (x 94B)
Class org.jetbrains.kotlin.gradle.plugin.mpp.compilationImpl.DefaultKotlinCompilationFriendPathsResolver$DefaultFriendArtifactResolver: loaded 2 times (x 73B)
Class Settings_gradle$1$1                                                             : loaded 2 times (x 73B)
Class org.codehaus.groovy.vmplugin.v8.PluginDefaultGroovyMethods                      : loaded 2 times (x 70B)
Class com.android.ide.common.repository.AgpVersion                                    : loaded 2 times (x 74B)
Class [Lcom.google.common.collect.MapMaker$Dummy;                                     : loaded 2 times (x 68B)
Class org.jetbrains.kotlin.gradle.artifacts.KotlinJvmJarArtifactKt$KotlinJvmJarArtifact$1: loaded 2 times (x 73B)
Class org.jetbrains.kotlin.gradle.plugin.mpp.ApplyUserDefinedAttributesKt$UserDefinedAttributesSetupAction$1: loaded 2 times (x 94B)
Class org.codehaus.groovy.util.ComplexKeyHashMap$1                                    : loaded 2 times (x 78B)
Class org.codehaus.groovy.control.CompilationFailedException                          : loaded 2 times (x 88B)
Class org.codehaus.groovy.runtime.ResourceGroovyMethods                               : loaded 2 times (x 70B)
Class org.jetbrains.kotlin.gradle.plugin.mpp.compilationImpl.factory.KotlinCompilationImplFactory$PostConfigure$Companion: loaded 2 times (x 70B)
Class kotlin.text.DelimitedRangesSequence$iterator$1                                  : loaded 2 times (x 78B)
Class org.jetbrains.kotlin.gradle.plugin.mpp.compilationImpl.DefaultKotlinCompilationPostConfigureKt: loaded 2 times (x 70B)
Class org.jetbrains.kotlin.gradle.internal.properties.NativePropertiesLoader          : loaded 2 times (x 84B)
Class org.codehaus.groovy.reflection.stdclasses.NumberCachedClass                     : loaded 2 times (x 94B)
Class kotlin.io.FilesKt__FilePathComponentsKt                                         : loaded 2 times (x 70B)
Class org.codehaus.groovy.control.CompilerConfiguration                               : loaded 2 times (x 121B)
Class org.codehaus.groovy.util.ManagedConcurrentLinkedQueue$Element                   : loaded 2 times (x 75B)
Class kotlin.text.StringsKt__RegexExtensionsJVMKt                                     : loaded 2 times (x 70B)
Class kotlin.enums.EnumEntries                                                        : loaded 2 times (x 69B)
Class com.google.common.collect.ForwardingSet                                         : loaded 2 times (x 150B)
Class com.google.common.collect.ImmutableSortedMap$1EntrySet$1                        : loaded 2 times (x 174B)
Class org.jetbrains.kotlin.tooling.core.Extras$Key$Companion                          : loaded 2 times (x 70B)
Class jdk.internal.jimage.BasicImageReader$2                                          : loaded 2 times (x 76B)
Class org.codehaus.groovy.ast.expr.MapExpression                                      : loaded 2 times (x 130B)
Class kotlin.UnsafeLazyImpl                                                           : loaded 2 times (x 75B)
Class org.jetbrains.kotlin.gradle.plugin.SubpluginEnvironment$Companion               : loaded 2 times (x 70B)
Class com.google.common.cache.CacheBuilder$OneWeigher                                 : loaded 2 times (x 81B)
Class org.gradle.api.Action                                                           : loaded 2 times (x 69B)
Class kotlin.coroutines.intrinsics.IntrinsicsKt__IntrinsicsKt                         : loaded 2 times (x 70B)
Class com.android.ide.common.resources.configuration.LayoutDirectionQualifier         : loaded 2 times (x 90B)
Class org.jetbrains.kotlin.gradle.targets.jvm.KotlinJvmCompilationWireJavaSourcesSideEffectKt$KotlinJvmCompilationWireJavaSourcesSideEffect$1: loaded 2 times (x 73B)
Class kotlin.ranges.RangesKt                                                          : loaded 2 times (x 70B)
Class org.jetbrains.kotlin.gradle.tasks.KotlinJavaToolchain                           : loaded 2 times (x 69B)
Class org.jetbrains.kotlin.gradle.plugin.statistics.BuildFinishBuildService$Parameters_Decorated: loaded 2 times (x 142B)
Class org.jetbrains.kotlin.gradle.utils.PersistentCachesKt                            : loaded 2 times (x 70B)
Class org.jetbrains.kotlin.gradle.utils.StoredPropertyStorage                         : loaded 2 times (x 71B)
Class androidx.startup.lint.EnsureInitializerMetadataDetector$Companion               : loaded 2 times (x 70B)
Class com.android.tools.lint.model.LintModelLibraryResolver                           : loaded 2 times (x 69B)
Class com.android.resources.ScreenRound                                               : loaded 2 times (x 85B)
Class com.google.protobuf.Utf8$SafeProcessor                                          : loaded 2 times (x 76B)
Class groovy.lang.MutableMetaClass                                                    : loaded 2 times (x 69B)
Class com.android.prefs.Global                                                        : loaded 2 times (x 79B)
Class org.jetbrains.kotlin.gradle.utils.Completable                                   : loaded 2 times (x 71B)
Class kotlin.text.MatchResult                                                         : loaded 2 times (x 69B)
Class [Lorg.jetbrains.kotlin.build.report.metrics.BuildAttributeKind;                 : loaded 2 times (x 68B)
Class org.jetbrains.kotlin.gradle.plugin.KotlinPluginLifecycleCoroutineContextElement : loaded 2 times (x 83B)
Class kotlin.enums.EnumEntriesKt                                                      : loaded 2 times (x 70B)
Class org.jetbrains.kotlin.gradle.report.BuildReportMode$Companion                    : loaded 2 times (x 70B)
Class org.codehaus.groovy.reflection.stdclasses.BigIntegerCachedClass                 : loaded 2 times (x 94B)
Class org.jetbrains.kotlin.gradle.plugin.KotlinTargetPreset                           : loaded 2 times (x 69B)
Class kotlin.jvm.internal.PropertyReference0                                          : loaded 2 times (x 126B)
Class org.jetbrains.kotlin.gradle.tasks.abi.KotlinLegacyAbiCheckTask                  : loaded 2 times (x 69B)
Class kotlin.jvm.internal.PropertyReference1                                          : loaded 2 times (x 126B)
Class groovy.lang.MetaClass                                                           : loaded 2 times (x 69B)
Class kotlin.jvm.internal.PropertyReference2                                          : loaded 2 times (x 126B)
Class org.apache.commons.io.Charsets                                                  : loaded 2 times (x 70B)
Class com.google.protobuf.Utf8$UnsafeProcessor                                        : loaded 2 times (x 76B)
Class [Lkotlin.reflect.jvm.internal.impl.name.ClassId;                                : loaded 2 times (x 68B)
Class kotlin.text.StringsKt__AppendableKt                                             : loaded 2 times (x 70B)
Class org.jetbrains.kotlin.statistics.metrics.MetricPoliciesKt                        : loaded 2 times (x 70B)
Class org.jetbrains.kotlin.gradle.plugin.sources.DefaultLanguageSettingsBuilder       : loaded 2 times (x 99B)
Class [Lcom.android.resources.HighDynamicRange;                                       : loaded 2 times (x 68B)
Class org.codehaus.groovy.ast.stmt.TryCatchStatement                                  : loaded 2 times (x 120B)
Class org.codehaus.groovy.ast.expr.MethodReferenceExpression                          : loaded 2 times (x 130B)
Class org.codehaus.groovy.runtime.metaclass.NewMetaMethod                             : loaded 2 times (x 98B)
Class org.codehaus.groovy.reflection.CacheAccessControlException                      : loaded 2 times (x 86B)
Class org.jetbrains.kotlin.gradle.plugin.diagnostics.checkers.PreHmppDependenciesUsageChecker$runChecks$1: loaded 2 times (x 87B)
Class com.google.common.cache.LocalCache$StrongEntry                                  : loaded 2 times (x 107B)
Class androidx.annotation.experimental.lint.AnnotationRetentionDetector               : loaded 2 times (x 171B)
Class com.android.resources.TouchScreen                                               : loaded 2 times (x 85B)
Class org.jetbrains.kotlin.gradle.plugin.internal.DefaultMavenPublicationComponentAccessorFactory: loaded 2 times (x 75B)
Class com.google.common.collect.Table$Cell                                            : loaded 2 times (x 69B)
Class com.android.sdklib.AndroidTargetHash                                            : loaded 2 times (x 70B)
Class org.jetbrains.kotlin.tooling.core.ExtrasUtilsKt                                 : loaded 2 times (x 70B)
Class org.objectweb.asm.FieldWriter                                                   : loaded 2 times (x 77B)
Class kotlin.jvm.internal.CallableReference$NoReceiver                                : loaded 2 times (x 70B)
Class com.google.common.collect.MapMakerInternalMap$AbstractWeakKeyEntry              : loaded 2 times (x 86B)
Class org.jetbrains.kotlin.gradle.plugin.KotlinPlatformType$DisambiguationRule        : loaded 2 times (x 75B)
Class org.jetbrains.kotlin.gradle.plugin.statistics.BuildFinishFlowAction             : loaded 2 times (x 75B)
Class [Lgroovyjarjarasm.asm.Opcodes;                                                  : loaded 2 times (x 68B)
Class kotlin.reflect.jvm.internal.KClassImpl$Data                                     : loaded 2 times (x 71B)
Class org.jetbrains.kotlin.konan.target.KonanTarget$Companion$predefinedTargets$2     : loaded 2 times (x 77B)
Class org.jetbrains.kotlin.gradle.plugin.mpp.compilationImpl.factory.DefaultKotlinCompilationTaskNamesContainerFactory: loaded 2 times (x 73B)
Class org.jetbrains.kotlin.gradle.targets.jvm.KotlinJvmTarget                         : loaded 2 times (x 165B)
Class org.jetbrains.kotlin.gradle.plugin.diagnostics.KotlinToolingDiagnostics$JsEnvironmentNotChosenExplicitly: loaded 2 times (x 72B)
Class org.jetbrains.kotlin.gradle.plugin.BuildFinishedListenerService$Companion$registerIfAbsent$1$1$1: loaded 2 times (x 74B)
Class kotlin.sequences.TakeWhileSequence$iterator$1                                   : loaded 2 times (x 78B)
Class groovy.lang.MetaClassImpl$DummyMetaMethod                                       : loaded 2 times (x 96B)
Class org.codehaus.groovy.reflection.stdclasses.BigDecimalCachedClass                 : loaded 2 times (x 94B)
Class [Lcom.android.resources.UiMode;                                                 : loaded 2 times (x 68B)
Class org.jetbrains.kotlin.statistics.fileloggers.MetricsContainer$MetricDescriptor   : loaded 2 times (x 74B)
Class kotlin.sequences.SequenceBuilderIterator                                        : loaded 2 times (x 84B)
Class org.jetbrains.kotlin.gradle.internal.KotlinTestDependencyManagementKt           : loaded 2 times (x 70B)
Class com.android.ide.common.rendering.api.ResourceNamespace$ToolsNamespace           : loaded 2 times (x 79B)
Class org.codehaus.groovy.ast.expr.ArgumentListExpression                             : loaded 2 times (x 137B)
Class kotlin.collections.AbstractList$SubList                                         : loaded 2 times (x 159B)
Class kotlin.io.path.PathsKt__PathRecursiveFunctionsKt                                : loaded 2 times (x 70B)
Class org.jetbrains.kotlin.compilerRunner.CompilerSystemPropertiesService             : loaded 2 times (x 79B)
Class org.jetbrains.kotlin.gradle.plugin.BuildFinishedListenerService                 : loaded 2 times (x 79B)
Class org.jetbrains.kotlin.gradle.tasks.configuration.BaseKotlinCompileConfig$registerBuildToolsApiTransformations$1: loaded 2 times (x 74B)
Class com.android.ide.common.resources.configuration.SmallestScreenWidthQualifier     : loaded 2 times (x 87B)
Class org.jetbrains.kotlin.gradle.tasks.configuration.BaseKotlinCompileConfig$registerBuildToolsApiTransformations$2: loaded 2 times (x 74B)
Class [Lorg.jetbrains.kotlin.gradle.plugin.KotlinSourceSet;                           : loaded 2 times (x 68B)
Class org.jetbrains.kotlin.tooling.core.Extras                                        : loaded 2 times (x 69B)
Class com.android.ide.common.gradle.Version                                           : loaded 2 times (x 74B)
Class org.jetbrains.kotlin.gradle.plugin.KotlinCompilationOutput                      : loaded 2 times (x 69B)
Class groovy.lang.Binding                                                             : loaded 2 times (x 88B)
Class org.codehaus.groovy.ast.stmt.ReturnStatement                                    : loaded 2 times (x 112B)
Class it.unimi.dsi.fastutil.ints.IntArrays$Segment                                    : loaded 2 times (x 70B)
Class kotlin.jvm.internal.markers.KMutableList                                        : loaded 2 times (x 69B)
Class com.android.resources.NightMode                                                 : loaded 2 times (x 85B)
Class com.google.common.collect.SetMultimap                                           : loaded 2 times (x 69B)
Class org.jetbrains.kotlin.gradle.internal.properties.PropertiesBuildService$property$1: loaded 2 times (x 78B)
Class org.jetbrains.kotlin.gradle.plugin.mpp.InternalKotlinTarget$DefaultImpls        : loaded 2 times (x 70B)
Class org.jetbrains.kotlin.gradle.internal.properties.PropertiesBuildService$property$2: loaded 2 times (x 78B)
Class org.jetbrains.kotlin.gradle.plugin.DefaultKotlinBasePlugin                      : loaded 2 times (x 81B)
Class org.jetbrains.kotlin.gradle.plugin.mpp.KotlinCompilationsKt$addSourcesToKotlinCompileTask$1: loaded 2 times (x 74B)
Class com.google.protobuf.ExtensionRegistryFactory                                    : loaded 2 times (x 70B)
Class org.jetbrains.kotlin.buildtools.api.jvm.ClassSnapshotGranularity                : loaded 2 times (x 78B)
Class org.codehaus.groovy.control.ConfigurationException                              : loaded 2 times (x 87B)
Class org.codehaus.groovy.ast.stmt.BreakStatement                                     : loaded 2 times (x 110B)
Class groovyjarjarasm.asm.ClassVisitor                                                : loaded 2 times (x 87B)
Class org.jetbrains.kotlin.gradle.targets.jvm.KotlinJvmCompilationWireJavaSourcesSideEffectKt: loaded 2 times (x 70B)
Class org.jetbrains.kotlin.gradle.targets.native.KotilnNativeConfigureBinariesSideEffectKt$special$$inlined$KotlinTargetSideEffect$1: loaded 2 times (x 73B)
Class [Lcom.google.common.cache.Weigher;                                              : loaded 2 times (x 68B)
Class org.jetbrains.kotlin.gradle.plugin.diagnostics.ToolingDiagnosticRenderingOptionsKt: loaded 2 times (x 70B)
Class com.android.prefs.AndroidPathLocator                                            : loaded 2 times (x 72B)
Class [Lkotlin.LazyThreadSafetyMode;                                                  : loaded 2 times (x 68B)
Class org.jetbrains.kotlin.gradle.plugin.mpp.KotlinUsages$KotlinUsagesCompatibility   : loaded 2 times (x 75B)
Class org.jetbrains.kotlin.gradle.plugin.mpp.compilationImpl.factory.KotlinCompilationImplFactory$KotlinCompilationDependencyConfigurationsFactory: loaded 2 times (x 69B)
Class com.google.common.cache.LocalCache$Segment                                      : loaded 2 times (x 153B)
Class org.gradle.api.internal.DefaultClassPathProvider                                : loaded 2 times (x 75B)
Class kotlin.text.MatchGroup                                                          : loaded 2 times (x 71B)
Class org.jetbrains.kotlin.gradle.plugin.diagnostics.checkers.OverriddenKotlinNativeHomeChecker$StdlibExistenceCheckerValueSource: loaded 2 times (x 77B)
Class org.gradle.internal.installation.GradleInstallation$1                           : loaded 2 times (x 74B)
Class [Lkotlin.DeprecationLevel;                                                      : loaded 2 times (x 68B)
Class org.codehaus.groovy.util.ComplexKeyHashMap$EntryIterator                        : loaded 2 times (x 69B)
Class org.jetbrains.kotlin.gradle.plugin.diagnostics.checkers.WasmSourceSetsNotFoundChecker$wasmSourceSetRegex$2: loaded 2 times (x 77B)
Class org.jetbrains.kotlin.statistics.metrics.NumberAnonymizationPolicy$SAFE          : loaded 2 times (x 84B)
Class com.google.common.cache.LocalCache$AbstractReferenceEntry                       : loaded 2 times (x 106B)
Class org.jetbrains.kotlin.gradle.internal.Kapt3KotlinGradleSubpluginKt               : loaded 2 times (x 70B)
Class org.jetbrains.kotlin.gradle.utils.CompletableFuture                             : loaded 2 times (x 69B)
Class org.jetbrains.kotlin.gradle.plugin.VariantImplementationFactoriesConfigurator$Inject: loaded 2 times (x 95B)
Class org.jetbrains.kotlin.gradle.plugin.statistics.BuildFusService$onFinish$2        : loaded 2 times (x 78B)
Class com.google.common.util.concurrent.AbstractFuture$Failure                        : loaded 2 times (x 71B)
Class org.codehaus.groovy.reflection.GeneratedMetaMethod                              : loaded 2 times (x 95B)
Class org.jetbrains.kotlin.gradle.plugin.diagnostics.KotlinToolingDiagnosticsCollectorKt: loaded 2 times (x 70B)
Class org.jetbrains.kotlin.gradle.dsl.DefaultToolchainSupport_Decorated               : loaded 2 times (x 123B)
Class org.codehaus.groovy.util.ComplexKeyHashMap                                      : loaded 2 times (x 78B)
Class org.jetbrains.kotlin.gradle.targets.js.npm.NpmDependencyWithExternalsExtension  : loaded 2 times (x 69B)
Class org.jetbrains.kotlin.gradle.dsl.DefaultToolchainSupport$wireToolchainToTasks$1$1: loaded 2 times (x 74B)
Class org.jetbrains.kotlin.gradle.plugin.statistics.NonSynchronizedMetricsContainer   : loaded 2 times (x 81B)
Class org.jetbrains.kotlin.gradle.plugin.StatisticsBuildFlowManager                   : loaded 2 times (x 71B)
Class org.jetbrains.kotlin.gradle.plugin.statistics.BuildFusService                   : loaded 2 times (x 83B)
Class org.jetbrains.kotlin.gradle.plugin.mpp.compilationImpl.factory.KotlinCompilationImplFactory$KotlinCompilationOutputFactory: loaded 2 times (x 69B)
Class androidx.annotation.experimental.lint.ExperimentalDetector$Companion            : loaded 2 times (x 70B)
Class org.codehaus.groovy.runtime.metaclass.MethodSelectionException                  : loaded 2 times (x 86B)
Class org.codehaus.groovy.runtime.RangeInfo                                           : loaded 2 times (x 70B)


---------------  S Y S T E M  ---------------

OS:
uname: Darwin 25.5.0 Darwin Kernel Version 25.5.0: Mon Apr 27 20:39:42 PDT 2026; root:xnu-12377.121.6~2/RELEASE_ARM64_T6031 arm64
OS uptime: 0 days 4:26 hours
rlimit (soft/hard): STACK 8176k/65520k , CORE 0k/infinity , NPROC 6000/9000 , NOFILE 10240/infinity , AS infinity/infinity , CPU infinity/infinity , DATA infinity/infinity , FSIZE infinity/infinity , MEMLOCK infinity/infinity , RSS infinity/infinity
load average: 11.97 5.87 4.57

CPU: total 14 (initial active 14) 0x61:0x0:0x72015832:0, fp, simd, crc, lse
machdep.cpu.brand_string:Apple M3 Max
hw.cachelinesize:128
hw.l1icachesize:131072
hw.l1dcachesize:65536
hw.l2cachesize:4194304

Memory: 16k page, physical 37748736k(181040k free), swap 0k(0k free)

vm_info: OpenJDK 64-Bit Server VM (17.0.9+0-17.0.9b1087.7-11185874) for bsd-aarch64 JRE (17.0.9+0-17.0.9b1087.7-11185874), built on Dec  6 2023 10:59:02 by "androidbuild" with clang Apple LLVM 13.0.0 (clang-1300.0.29.3)

END.
