#
# A fatal error has been detected by the Java Runtime Environment:
#
#  Internal Error (assembler_aarch64.hpp:267), pid=85396, tid=23555
#  guarantee(chk == -1 || chk == 0) failed: Field too big for insn
#
# JRE version: OpenJDK Runtime Environment (17.0.9) (build 17.0.9+0-17.0.9b1087.7-11185874)
# Java VM: OpenJDK 64-Bit Server VM (17.0.9+0-17.0.9b1087.7-11185874, mixed mode, tiered, compressed oops, compressed class ptrs, g1 gc, bsd-aarch64)
# No core dump will be written. Core dumps have been disabled. To enable core dumping, try "ulimit -c unlimited" before starting Java again
#
# If you would like to submit a bug report, please visit:
#   https://bugreport.java.com/bugreport/crash.jsp
#

---------------  S U M M A R Y ------------

Command Line: --add-opens=java.base/java.lang=ALL-UNNAMED --add-opens=java.base/java.lang.invoke=ALL-UNNAMED --add-opens=java.base/java.util=ALL-UNNAMED --add-opens=java.prefs/java.util.prefs=ALL-UNNAMED --add-exports=jdk.compiler/com.sun.tools.javac.api=ALL-UNNAMED --add-exports=jdk.compiler/com.sun.tools.javac.util=ALL-UNNAMED --add-opens=java.base/java.util=ALL-UNNAMED --add-opens=java.prefs/java.util.prefs=ALL-UNNAMED --add-opens=java.base/java.nio.charset=ALL-UNNAMED --add-opens=java.base/java.net=ALL-UNNAMED --add-opens=java.base/java.util.concurrent.atomic=ALL-UNNAMED --add-opens=java.xml/javax.xml.namespace=ALL-UNNAMED -XX:MaxMetaspaceSize=4G -XX:ReservedCodeCacheSize=512m -XX:+HeapDumpOnOutOfMemoryError -Xmx8G -Dfile.encoding=UTF-8 -Duser.country=GB -Duser.language=en -Duser.variant -javaagent:/Users/npcapro/.gradle/wrapper/dists/gradle-8.14.3-all/10utluxaxniiv4wxiphsi49nj/gradle-8.14.3/lib/agents/gradle-instrumentation-agent-8.14.3.jar org.gradle.launcher.daemon.bootstrap.GradleDaemon 8.14.3

Host: "Mac15,10" arm64, 14 cores, 36G, Darwin 25.5.0, macOS 26.5 (25F71)
Time: Wed Jun 17 17:31:55 2026 +07 elapsed time: 234.823553 seconds (0d 0h 3m 54s)

---------------  T H R E A D  ---------------

Current thread (0x000000012f812200):  JavaThread "C1 CompilerThread0" daemon [_thread_in_native, id=23555, stack(0x0000000170c20000,0x0000000170e23000)]


Current CompileTask:
C1: 234823 85603 % !   3       org.jetbrains.uast.kotlin.FirKotlinUastResolveProviderService::resolveSyntheticJavaPropertyAccessorCall @ 1958 (2441 bytes)

Stack: [0x0000000170c20000,0x0000000170e23000],  sp=0x0000000170e218e0,  free space=2054k
Native frames: (J=compiled Java code, j=interpreted, Vv=VM code, C=native code)
V  [libjvm.dylib+0xa27f40]  VMError::report_and_die(int, char const*, char const*, char*, Thread*, unsigned char*, void*, void*, char const*, int, unsigned long)+0x490
V  [libjvm.dylib+0xa286c8]  VMError::report_and_die(Thread*, void*, char const*, int, char const*, char const*, char*)+0x40
V  [libjvm.dylib+0x2d0f54]  report_vm_error(char const*, int, char const*, char const*, ...)+0x78
V  [libjvm.dylib+0x7d260]  Address::encode_pair(Instruction_aarch64*) const+0x128
V  [libjvm.dylib+0x7d0f0]  Assembler::ld_st1(int, int, int, int, RegisterImpl*, RegisterImpl*, Address, bool)+0x20c
V  [libjvm.dylib+0x1a995c]  LIR_Assembler::osr_entry()+0x1dc
V  [libjvm.dylib+0x1a7874]  LIR_Assembler::emit_lir_list(LIR_List*)+0x9c
V  [libjvm.dylib+0x1a791c]  LIR_Assembler::emit_code(BlockList*)+0x74
V  [libjvm.dylib+0x179920]  Compilation::emit_code_body()+0xe0
V  [libjvm.dylib+0x179f48]  Compilation::compile_java_method()+0x354
V  [libjvm.dylib+0x17a17c]  Compilation::compile_method()+0x124
V  [libjvm.dylib+0x17a50c]  Compilation::Compilation(AbstractCompiler*, ciEnv*, ciMethod*, int, BufferBlob*, bool, DirectiveSet*)+0x19c
V  [libjvm.dylib+0x17b638]  Compiler::compile_method(ciEnv*, ciMethod*, int, bool, DirectiveSet*)+0x60
V  [libjvm.dylib+0x2aba88]  CompileBroker::invoke_compiler_on_method(CompileTask*)+0x830
V  [libjvm.dylib+0x2ab078]  CompileBroker::compiler_thread_loop()+0x3d8
V  [libjvm.dylib+0x9b8c24]  JavaThread::thread_main_inner()+0x15c
V  [libjvm.dylib+0x9b722c]  Thread::call_run()+0xe0
V  [libjvm.dylib+0x7e1b18]  thread_native_entry(Thread*)+0x158
C  [libsystem_pthread.dylib+0x6c58]  _pthread_start+0x88


---------------  P R O C E S S  ---------------

Threads class SMR info:
_java_thread_list=0x000000038071c100, length=312, elements={
0x000000011f008a00, 0x000000011f050000, 0x000000011f050a00, 0x000000012f815600,
0x000000012f811000, 0x000000012f811600, 0x000000012f811c00, 0x000000012f812200,
0x000000012f816a00, 0x000000010f808200, 0x000000012f818c00, 0x000000012fb45800,
0x000000012a857a00, 0x000000012b00e600, 0x000000010f96f600, 0x000000012f52a200,
0x000000011e33ec00, 0x000000012f7fda00, 0x000000012f751800, 0x0000000168894e00,
0x000000012e2f0800, 0x00000003642c5600, 0x000000012deb7e00, 0x000000012e541600,
0x0000000168901600, 0x00000003642d5200, 0x00000003680a8800, 0x000000012e5cc200,
0x00000001689db200, 0x000000011fc2d200, 0x000000012c12f800, 0x000000011faba400,
0x000000011fc41e00, 0x000000011ebce600, 0x000000011ebcf400, 0x000000036ab0d800,
0x000000036aceca00, 0x000000011f788200, 0x000000036aced000, 0x000000011ee65000,
0x000000036c295e00, 0x000000036b4e0800, 0x000000012d725000, 0x000000011fabb600,
0x000000012d989000, 0x000000011f049000, 0x0000000364076a00, 0x000000012f9b1000,
0x000000011e9cfc00, 0x0000000364077800, 0x000000011e3a3200, 0x00000003641ea200,
0x000000011e172800, 0x000000036b4b3800, 0x000000036874a400, 0x000000012b822c00,
0x000000036874c000, 0x0000000169028a00, 0x000000036c2e9600, 0x000000012e72b800,
0x0000000382fffa00, 0x000000012ac8dc00, 0x0000000384ccd000, 0x000000011ebdb400,
0x000000011fa90400, 0x000000012db23a00, 0x000000012dd3a600, 0x000000012de0ee00,
0x000000011e5ca400, 0x000000011fa72800, 0x000000011f091200, 0x000000011f1bca00,
0x000000011f31a600, 0x000000011f66b000, 0x000000011e631000, 0x000000012c278600,
0x000000036a1e2000, 0x000000012e2fc800, 0x000000012d25fc00, 0x000000012d6f9a00,
0x000000012d2b7200, 0x000000012d716200, 0x000000012d724800, 0x000000012d6f4800,
0x000000012d5ba600, 0x000000012d51ea00, 0x000000012d66ca00, 0x000000012d210e00,
0x000000012d66b000, 0x000000012d66b600, 0x000000012d722400, 0x000000012d722a00,
0x000000012d721000, 0x000000012d721600, 0x000000012d2b5000, 0x000000012d2b5600,
0x000000012d2b5c00, 0x000000012d2b6200, 0x000000012d71c800, 0x000000012d71ce00,
0x000000012d71d400, 0x000000011fa0b800, 0x000000012d981200, 0x000000012d71da00,
0x000000012d71e000, 0x000000012c2c8600, 0x000000011fa97000, 0x000000012d5ba000,
0x000000011e6ac400, 0x000000011e6aac00, 0x000000011e327400, 0x000000011e33f200,
0x000000011e355400, 0x000000011e326800, 0x000000012d5b3000, 0x000000012d5b3600,
0x000000012d71e600, 0x000000012d71ec00, 0x000000012d79be00, 0x000000012d79c400,
0x000000011e6db800, 0x000000012c031a00, 0x000000036a52d000, 0x000000036a48de00,
0x000000012c113c00, 0x000000036a1e4a00, 0x000000036a3bf800, 0x000000036a475600,
0x000000012c008c00, 0x000000012c6ff000, 0x000000012c022e00, 0x000000012c7c5400,
0x000000012c112600, 0x000000036a21fa00, 0x0000000168899e00, 0x000000012d6f1e00,
0x000000012d79ca00, 0x000000012d6f2400, 0x000000012d6f2a00, 0x000000010fddc200,
0x000000012d5b8a00, 0x000000012d5b8400, 0x000000012d5b9000, 0x000000012d9c1e00,
0x000000012de42200, 0x000000036c0b0600, 0x000000036c0b0000, 0x000000012e2eb600,
0x00000001688cc400, 0x000000036a508e00, 0x000000011eb2a400, 0x000000011ee4a800,
0x000000011effdc00, 0x000000011ee65600, 0x000000011ed14a00, 0x000000011ed14400,
0x000000011e8f1400, 0x000000011ee3e600, 0x000000011ee3ec00, 0x000000011ec09600,
0x000000011ec09c00, 0x000000011ec0a200, 0x000000036aba7800, 0x000000036aaf5600,
0x000000012adae600, 0x000000012d7bb400, 0x000000011fa9f000, 0x000000012d7bba00,
0x000000012d5b9600, 0x000000011fdc4e00, 0x000000011fce7600, 0x000000011fd0ae00,
0x000000012aa77600, 0x000000011faaca00, 0x000000011ebfa400, 0x000000012c12e800,
0x000000011ecc1400, 0x000000011ebfb000, 0x000000012d79b200, 0x000000012d717000,
0x000000012d79b800, 0x000000011e8efc00, 0x000000011ebfaa00, 0x000000011e8f0200,
0x000000011ee74400, 0x000000011ee74a00, 0x000000036ace6800, 0x000000036ab02e00,
0x000000012aa87e00, 0x000000011f049a00, 0x000000011f617800, 0x000000011fac0000,
0x000000011fa8da00, 0x000000012aa78c00, 0x000000012c16a800, 0x000000012c72ac00,
0x000000012c02e800, 0x000000036a30e000, 0x000000012c6f8e00, 0x000000012c70ae00,
0x000000036a15ea00, 0x000000036a520a00, 0x000000012a858000, 0x000000012abc5200,
0x000000036aceda00, 0x000000011fa91a00, 0x000000011faa7400, 0x000000011fa8fc00,
0x000000011fa90a00, 0x000000011fc44a00, 0x000000011fc2aa00, 0x000000011f95ea00,
0x000000011fdc3200, 0x000000011fdc3800, 0x000000011fac9400, 0x000000011fac8c00,
0x000000011fac9a00, 0x000000012a9ede00, 0x000000012a9d8800, 0x000000012adb0400,
0x000000012abd3000, 0x000000012aa92600, 0x000000012aab3800, 0x000000012ab4b200,
0x000000036ad59800, 0x000000036ab00800, 0x000000036ab00000, 0x000000012abd2400,
0x000000012abd1c00, 0x000000012d719200, 0x000000012d21fa00, 0x000000012d302800,
0x000000012d3fa800, 0x000000012d688000, 0x000000012d71ac00, 0x000000012d717600,
0x000000012d717c00, 0x000000036a985e00, 0x0000000168bc2600, 0x000000012c18b200,
0x000000011e179400, 0x000000011fac3c00, 0x000000012d4fb000, 0x000000011f0e9800,
0x000000011f1c3400, 0x000000011f4e1c00, 0x000000012f14a600, 0x000000012ae4e000,
0x000000012abdbc00, 0x000000011ee60c00, 0x000000036a99ce00, 0x000000012abdb400,
0x000000011e6c9800, 0x000000011e6cbc00, 0x000000036a2f3800, 0x000000011f63aa00,
0x000000011f63b000, 0x000000011f4e2c00, 0x000000011e989000, 0x000000012c01ca00,
0x000000036acf2600, 0x000000012d8e0200, 0x000000012d6fb600, 0x000000036a99d400,
0x000000010f811c00, 0x000000012d502800, 0x000000036c2a9c00, 0x000000011ee3c400,
0x000000011e9eca00, 0x0000000169813000, 0x000000016901ae00, 0x000000036a2f3e00,
0x000000012c021600, 0x000000016900b200, 0x000000012b81da00, 0x000000012b84a600,
0x000000012e70da00, 0x000000012c7b7200, 0x000000012c033c00, 0x000000012c7b8200,
0x000000012ab58c00, 0x000000012abf5e00, 0x000000011e3ae600, 0x000000011e174e00,
0x000000011e11aa00, 0x000000011e11b000, 0x000000011e174000, 0x00000003828fde00,
0x0000000384ccc800, 0x000000012e71fc00, 0x000000012af5f600, 0x000000012ae50c00,
0x000000012ae51200, 0x000000036ab38400, 0x000000012ade0800, 0x0000000169870a00,
0x0000000169017400, 0x0000000169017a00, 0x0000000384a48000, 0x0000000384a4b800,
0x000000016a008c00, 0x00000001698fb800, 0x000000011f130600, 0x000000012e4a6e00,
0x0000000383392800, 0x0000000383351c00, 0x000000011fa9ea00, 0x0000000389884e00,
0x000000011fa08000, 0x000000011e354e00, 0x000000011e17a400, 0x000000038329ee00
}

Java Threads: ( => current thread )
  0x000000011f008a00 JavaThread "main" [_thread_blocked, id=4867, stack(0x000000016f06c000,0x000000016f26f000)]
  0x000000011f050000 JavaThread "Reference Handler" daemon [_thread_blocked, id=18435, stack(0x000000016fec0000,0x00000001700c3000)]
  0x000000011f050a00 JavaThread "Finalizer" daemon [_thread_blocked, id=18947, stack(0x00000001700cc000,0x00000001702cf000)]
  0x000000012f815600 JavaThread "Signal Dispatcher" daemon [_thread_blocked, id=23043, stack(0x00000001703f0000,0x00000001705f3000)]
  0x000000012f811000 JavaThread "Service Thread" daemon [_thread_blocked, id=23299, stack(0x00000001705fc000,0x00000001707ff000)]
  0x000000012f811600 JavaThread "Monitor Deflation Thread" daemon [_thread_blocked, id=30723, stack(0x0000000170808000,0x0000000170a0b000)]
  0x000000012f811c00 JavaThread "C2 CompilerThread0" daemon [_thread_in_native, id=30211, stack(0x0000000170a14000,0x0000000170c17000)]
=>0x000000012f812200 JavaThread "C1 CompilerThread0" daemon [_thread_in_native, id=23555, stack(0x0000000170c20000,0x0000000170e23000)]
  0x000000012f816a00 JavaThread "Sweeper thread" daemon [_thread_blocked, id=29699, stack(0x0000000170e2c000,0x000000017102f000)]
  0x000000010f808200 JavaThread "Common-Cleaner" daemon [_thread_blocked, id=29187, stack(0x0000000171038000,0x000000017123b000)]
  0x000000012f818c00 JavaThread "Notification Thread" daemon [_thread_blocked, id=28931, stack(0x0000000171244000,0x0000000171447000)]
  0x000000012fb45800 JavaThread "Daemon health stats" [_thread_blocked, id=34307, stack(0x0000000172eec000,0x00000001730ef000)]
  0x000000012a857a00 JavaThread "Incoming local TCP Connector on port 58331" [_thread_in_native, id=42243, stack(0x00000001730f8000,0x00000001732fb000)]
  0x000000012b00e600 JavaThread "Daemon periodic checks" [_thread_blocked, id=41731, stack(0x0000000173304000,0x0000000173507000)]
  0x000000010f96f600 JavaThread "Cache worker for journal cache (/Users/npcapro/.gradle/caches/journal-1)" [_thread_blocked, id=39683, stack(0x000000017477c000,0x000000017497f000)]
  0x000000012f52a200 JavaThread "File lock request listener" [_thread_in_native, id=39171, stack(0x0000000174988000,0x0000000174b8b000)]
  0x000000011e33ec00 JavaThread "Cache worker for file hash cache (/Users/npcapro/.gradle/caches/8.14.3/fileHashes)" [_thread_blocked, id=38915, stack(0x0000000174b94000,0x0000000174d97000)]
  0x000000012f7fda00 JavaThread "File watcher server" daemon [_thread_in_native, id=43779, stack(0x00000001751b8000,0x00000001753bb000)]
  0x000000012f751800 JavaThread "File watcher consumer" daemon [_thread_blocked, id=44035, stack(0x00000001753c4000,0x00000001755c7000)]
  0x0000000168894e00 JavaThread "Cache worker for file content cache (/Users/npcapro/.gradle/caches/8.14.3/fileContent)" [_thread_blocked, id=64771, stack(0x00000001757dc000,0x00000001759df000)]
  0x000000012e2f0800 JavaThread "Memory manager" [_thread_blocked, id=86275, stack(0x0000000343124000,0x0000000343327000)]
  0x00000003642c5600 JavaThread "jar transforms" [_thread_blocked, id=101123, stack(0x0000000364a10000,0x0000000364c13000)]
  0x000000012deb7e00 JavaThread "jar transforms Thread 2" [_thread_blocked, id=174083, stack(0x0000000367718000,0x000000036791b000)]
  0x000000012e541600 JavaThread "jar transforms Thread 3" [_thread_blocked, id=131587, stack(0x0000000367b30000,0x0000000367d33000)]
  0x0000000168901600 JavaThread "jar transforms Thread 4" [_thread_blocked, id=173315, stack(0x0000000367d3c000,0x0000000367f3f000)]
  0x00000003642d5200 JavaThread "jar transforms Thread 5" [_thread_blocked, id=22287, stack(0x0000000368804000,0x0000000368a07000)]
  0x00000003680a8800 JavaThread "jar transforms Thread 6" [_thread_blocked, id=132099, stack(0x0000000368a10000,0x0000000368c13000)]
  0x000000012e5cc200 JavaThread "jar transforms Thread 7" [_thread_blocked, id=132355, stack(0x0000000368c1c000,0x0000000368e1f000)]
  0x00000001689db200 JavaThread "jar transforms Thread 8" [_thread_blocked, id=132611, stack(0x0000000368e28000,0x000000036902b000)]
  0x000000011fc2d200 JavaThread "jar transforms Thread 9" [_thread_blocked, id=172035, stack(0x0000000369034000,0x0000000369237000)]
  0x000000012c12f800 JavaThread "jar transforms Thread 10" [_thread_blocked, id=171523, stack(0x0000000369240000,0x0000000369443000)]
  0x000000011faba400 JavaThread "jar transforms Thread 11" [_thread_blocked, id=171011, stack(0x000000036944c000,0x000000036964f000)]
  0x000000011fc41e00 JavaThread "jar transforms Thread 12" [_thread_blocked, id=170499, stack(0x0000000369658000,0x000000036985b000)]
  0x000000011ebce600 JavaThread "jar transforms Thread 13" [_thread_blocked, id=133123, stack(0x0000000369864000,0x0000000369a67000)]
  0x000000011ebcf400 JavaThread "jar transforms Thread 14" [_thread_blocked, id=133635, stack(0x0000000369a70000,0x0000000369c73000)]
  0x000000036ab0d800 JavaThread "AppKit Thread" daemon [_thread_in_native, id=259, stack(0x000000016e7e4000,0x000000016efe0000)]
  0x000000036aceca00 JavaThread "DefaultDispatcher-worker-1" daemon [_thread_blocked, id=145923, stack(0x0000000376210000,0x0000000376413000)]
  0x000000011f788200 JavaThread "DefaultDispatcher-worker-2" daemon [_thread_blocked, id=146435, stack(0x000000037641c000,0x000000037661f000)]
  0x000000036aced000 JavaThread "DefaultDispatcher-worker-3" daemon [_thread_blocked, id=157699, stack(0x0000000376628000,0x000000037682b000)]
  0x000000011ee65000 JavaThread "DefaultDispatcher-worker-4" daemon [_thread_blocked, id=146691, stack(0x0000000376834000,0x0000000376a37000)]
  0x000000036c295e00 JavaThread "DefaultDispatcher-worker-6" daemon [_thread_blocked, id=146947, stack(0x0000000376a40000,0x0000000376c43000)]
  0x000000036b4e0800 JavaThread "DefaultDispatcher-worker-5" daemon [_thread_blocked, id=147459, stack(0x0000000376c4c000,0x0000000376e4f000)]
  0x000000012d725000 JavaThread "DefaultDispatcher-worker-7" daemon [_thread_blocked, id=147971, stack(0x0000000376e58000,0x000000037705b000)]
  0x000000011fabb600 JavaThread "DefaultDispatcher-worker-8" daemon [_thread_blocked, id=156675, stack(0x0000000377064000,0x0000000377267000)]
  0x000000012d989000 JavaThread "DefaultDispatcher-worker-9" daemon [_thread_blocked, id=156163, stack(0x0000000377270000,0x0000000377473000)]
  0x000000011f049000 JavaThread "DefaultDispatcher-worker-11" daemon [_thread_blocked, id=155651, stack(0x000000037747c000,0x000000037767f000)]
  0x0000000364076a00 JavaThread "DefaultDispatcher-worker-13" daemon [_thread_blocked, id=155395, stack(0x0000000377688000,0x000000037788b000)]
  0x000000012f9b1000 JavaThread "DefaultDispatcher-worker-12" daemon [_thread_blocked, id=154883, stack(0x0000000377894000,0x0000000377a97000)]
  0x000000011e9cfc00 JavaThread "DefaultDispatcher-worker-10" daemon [_thread_blocked, id=148483, stack(0x0000000377aa0000,0x0000000377ca3000)]
  0x0000000364077800 JavaThread "DefaultDispatcher-worker-14" daemon [_thread_blocked, id=148739, stack(0x0000000377cac000,0x0000000377eaf000)]
  0x000000011e3a3200 JavaThread "Periodic tasks thread" daemon [_thread_blocked, id=145679, stack(0x0000000376004000,0x0000000376207000)]
  0x00000003641ea200 JavaThread "ApplicationImpl pooled thread 1" [_thread_blocked, id=158731, stack(0x000000037a704000,0x000000037a907000)]
  0x000000011e172800 JavaThread "ForkJoinPool.commonPool-worker-1" daemon [_thread_blocked, id=259843, stack(0x000000037a910000,0x000000037ab13000)]
  0x000000036b4b3800 JavaThread "ForkJoinPool.commonPool-worker-2" daemon [_thread_blocked, id=259331, stack(0x000000037ae04000,0x000000037b007000)]
  0x000000036874a400 JavaThread "ForkJoinPool.commonPool-worker-3" daemon [_thread_blocked, id=259075, stack(0x000000037b010000,0x000000037b213000)]
  0x000000012b822c00 JavaThread "ForkJoinPool.commonPool-worker-4" daemon [_thread_blocked, id=177923, stack(0x000000037b21c000,0x000000037b41f000)]
  0x000000036874c000 JavaThread "ForkJoinPool.commonPool-worker-5" daemon [_thread_blocked, id=178179, stack(0x000000037b428000,0x000000037b62b000)]
  0x0000000169028a00 JavaThread "ForkJoinPool.commonPool-worker-6" daemon [_thread_blocked, id=178435, stack(0x000000037b904000,0x000000037bb07000)]
  0x000000036c2e9600 JavaThread "ForkJoinPool.commonPool-worker-7" daemon [_thread_blocked, id=256523, stack(0x0000000380d04000,0x0000000380f07000)]
  0x000000012e72b800 JavaThread "ForkJoinPool.commonPool-worker-9" daemon [_thread_blocked, id=28203, stack(0x0000000171868000,0x0000000171a6b000)]
  0x0000000382fffa00 JavaThread "ForkJoinPool.commonPool-worker-11" daemon [_thread_blocked, id=153371, stack(0x000000038a210000,0x000000038a413000)]
  0x000000012ac8dc00 JavaThread "ForkJoinPool.commonPool-worker-13" daemon [_thread_blocked, id=183043, stack(0x000000038a628000,0x000000038a82b000)]
  0x0000000384ccd000 JavaThread "Daemon Thread 2" [_thread_blocked, id=35875, stack(0x000000017165c000,0x000000017185f000)]
  0x000000011ebdb400 JavaThread "Daemon worker Thread 2" [_thread_blocked, id=255571, stack(0x0000000173928000,0x0000000173b2b000)]
  0x000000011fa90400 JavaThread "Exec process Thread 4" [_thread_blocked, id=160271, stack(0x0000000369c7c000,0x0000000369e7f000)]
  0x000000012db23a00 JavaThread "process reaper" daemon [_thread_blocked, id=149263, stack(0x0000000170364000,0x000000017039b000)]
  0x000000012dd3a600 JavaThread "Exec process Thread 5" [_thread_blocked, id=179723, stack(0x000000036c804000,0x000000036ca07000)]
  0x000000012de0ee00 JavaThread "Exec process Thread 6" [_thread_blocked, id=150795, stack(0x000000036ca10000,0x000000036cc13000)]
  0x000000011e5ca400 JavaThread "Handler for socket connection from /127.0.0.1:58331 to /127.0.0.1:58680" [_thread_in_native, id=182803, stack(0x0000000173510000,0x0000000173713000)]
  0x000000011fa72800 JavaThread "Cancel handler" [_thread_blocked, id=34835, stack(0x000000017371c000,0x000000017391f000)]
  0x000000011f091200 JavaThread "Asynchronous log dispatcher for DefaultDaemonConnection: socket connection from /127.0.0.1:58331 to /127.0.0.1:58680" [_thread_blocked, id=35363, stack(0x0000000173d40000,0x0000000173f43000)]
  0x000000011f1bca00 JavaThread "Stdin handler" [_thread_blocked, id=257571, stack(0x0000000173f4c000,0x000000017414f000)]
  0x000000011f31a600 JavaThread "Daemon client event forwarder" [_thread_blocked, id=260379, stack(0x0000000174158000,0x000000017435b000)]
  0x000000011f66b000 JavaThread "Cache worker for file hash cache (/Users/npcapro/Development/autoride_superapp/android/.gradle/8.14.3/fileHashes)" [_thread_blocked, id=59683, stack(0x0000000174da0000,0x0000000174fa3000)]
  0x000000011e631000 JavaThread "Cache worker for Build Output Cleanup Cache (/Users/npcapro/Development/autoride_superapp/android/.gradle/buildOutputCleanup)" [_thread_blocked, id=97059, stack(0x0000000174fac000,0x00000001751af000)]
  0x000000012c278600 JavaThread "Cache worker for checksums cache (/Users/npcapro/Development/autoride_superapp/android/.gradle/8.14.3/checksums)" [_thread_blocked, id=98835, stack(0x00000001755d0000,0x00000001757d3000)]
  0x000000036a1e2000 JavaThread "Cache worker for cache directory md-supplier (/Users/npcapro/.gradle/caches/8.14.3/md-supplier)" [_thread_blocked, id=96547, stack(0x00000001759e8000,0x0000000175beb000)]
  0x000000012e2fc800 JavaThread "Cache worker for cache directory md-rule (/Users/npcapro/.gradle/caches/8.14.3/md-rule)" [_thread_blocked, id=99099, stack(0x0000000175bf4000,0x0000000175df7000)]
  0x000000012d25fc00 JavaThread "Cache worker for Build Output Cleanup Cache (/Users/npcapro/Development/flutter/packages/flutter_tools/gradle/.gradle/buildOutputCleanup)" [_thread_blocked, id=109835, stack(0x0000000175e00000,0x0000000176003000)]
  0x000000012d6f9a00 JavaThread "Unconstrained build operations" [_thread_blocked, id=49419, stack(0x000000017600c000,0x000000017620f000)]
  0x000000012d2b7200 JavaThread "Unconstrained build operations Thread 2" [_thread_blocked, id=87819, stack(0x0000000176218000,0x000000017641b000)]
  0x000000012d716200 JavaThread "Unconstrained build operations Thread 3" [_thread_blocked, id=60955, stack(0x0000000176424000,0x0000000176627000)]
  0x000000012d724800 JavaThread "Unconstrained build operations Thread 4" [_thread_blocked, id=65827, stack(0x0000000176630000,0x0000000176833000)]
  0x000000012d6f4800 JavaThread "Unconstrained build operations Thread 5" [_thread_blocked, id=98587, stack(0x000000017683c000,0x0000000176a3f000)]
  0x000000012d5ba600 JavaThread "Unconstrained build operations Thread 6" [_thread_blocked, id=45843, stack(0x0000000176a48000,0x0000000176c4b000)]
  0x000000012d51ea00 JavaThread "Unconstrained build operations Thread 7" [_thread_blocked, id=256235, stack(0x0000000176c54000,0x0000000176e57000)]
  0x000000012d66ca00 JavaThread "Unconstrained build operations Thread 8" [_thread_blocked, id=35091, stack(0x0000000176e60000,0x0000000177063000)]
  0x000000012d210e00 JavaThread "Unconstrained build operations Thread 9" [_thread_blocked, id=77851, stack(0x000000017706c000,0x000000017726f000)]
  0x000000012d66b000 JavaThread "Unconstrained build operations Thread 10" [_thread_blocked, id=58635, stack(0x0000000177278000,0x000000017747b000)]
  0x000000012d66b600 JavaThread "Unconstrained build operations Thread 11" [_thread_blocked, id=117275, stack(0x0000000177484000,0x0000000177687000)]
  0x000000012d722400 JavaThread "Unconstrained build operations Thread 12" [_thread_blocked, id=105507, stack(0x0000000177690000,0x0000000177893000)]
  0x000000012d722a00 JavaThread "Unconstrained build operations Thread 13" [_thread_blocked, id=49179, stack(0x000000017789c000,0x0000000177a9f000)]
  0x000000012d721000 JavaThread "Unconstrained build operations Thread 14" [_thread_blocked, id=121363, stack(0x0000000177aa8000,0x0000000177cab000)]
  0x000000012d721600 JavaThread "Unconstrained build operations Thread 15" [_thread_blocked, id=102683, stack(0x0000000177cb4000,0x0000000177eb7000)]
  0x000000012d2b5000 JavaThread "Unconstrained build operations Thread 16" [_thread_blocked, id=24871, stack(0x0000000340004000,0x0000000340207000)]
  0x000000012d2b5600 JavaThread "Unconstrained build operations Thread 17" [_thread_blocked, id=91403, stack(0x0000000340210000,0x0000000340413000)]
  0x000000012d2b5c00 JavaThread "Unconstrained build operations Thread 18" [_thread_blocked, id=78091, stack(0x000000034041c000,0x000000034061f000)]
  0x000000012d2b6200 JavaThread "Unconstrained build operations Thread 19" [_thread_blocked, id=113683, stack(0x0000000340628000,0x000000034082b000)]
  0x000000012d71c800 JavaThread "Unconstrained build operations Thread 20" [_thread_blocked, id=107275, stack(0x0000000340834000,0x0000000340a37000)]
  0x000000012d71ce00 JavaThread "Unconstrained build operations Thread 21" [_thread_blocked, id=127011, stack(0x0000000340a40000,0x0000000340c43000)]
  0x000000012d71d400 JavaThread "Unconstrained build operations Thread 22" [_thread_blocked, id=115483, stack(0x0000000340c4c000,0x0000000340e4f000)]
  0x000000011fa0b800 JavaThread "Unconstrained build operations Thread 23" [_thread_blocked, id=255003, stack(0x0000000340e58000,0x000000034105b000)]
  0x000000012d981200 JavaThread "Unconstrained build operations Thread 24" [_thread_blocked, id=181227, stack(0x0000000341064000,0x0000000341267000)]
  0x000000012d71da00 JavaThread "Unconstrained build operations Thread 25" [_thread_blocked, id=149003, stack(0x0000000341270000,0x0000000341473000)]
  0x000000012d71e000 JavaThread "Unconstrained build operations Thread 26" [_thread_blocked, id=160547, stack(0x000000034147c000,0x000000034167f000)]
  0x000000012c2c8600 JavaThread "build event listener" [_thread_blocked, id=80155, stack(0x0000000341894000,0x0000000341a97000)]
  0x000000011fa97000 JavaThread "included builds" [_thread_blocked, id=99619, stack(0x0000000341aa0000,0x0000000341ca3000)]
  0x000000012d5ba000 JavaThread "Execution worker" [_thread_blocked, id=87323, stack(0x0000000341cac000,0x0000000341eaf000)]
  0x000000011e6ac400 JavaThread "Execution worker Thread 2" [_thread_blocked, id=95259, stack(0x0000000341eb8000,0x00000003420bb000)]
  0x000000011e6aac00 JavaThread "Execution worker Thread 3" [_thread_blocked, id=103443, stack(0x00000003420c4000,0x00000003422c7000)]
  0x000000011e327400 JavaThread "Execution worker Thread 4" [_thread_blocked, id=55579, stack(0x00000003422d0000,0x00000003424d3000)]
  0x000000011e33f200 JavaThread "Execution worker Thread 5" [_thread_blocked, id=95779, stack(0x00000003424dc000,0x00000003426df000)]
  0x000000011e355400 JavaThread "Execution worker Thread 6" [_thread_in_vm, id=58131, stack(0x00000003426e8000,0x00000003428eb000)]
  0x000000011e326800 JavaThread "Execution worker Thread 7" [_thread_blocked, id=88595, stack(0x00000003428f4000,0x0000000342af7000)]
  0x000000012d5b3000 JavaThread "Cache worker for execution history cache (/Users/npcapro/Development/flutter/packages/flutter_tools/gradle/.gradle/8.14.3/executionHistory)" [_thread_blocked, id=111115, stack(0x0000000342b00000,0x0000000342d03000)]
  0x000000012d5b3600 JavaThread "Execution worker Thread 8" [_thread_blocked, id=92179, stack(0x0000000342d0c000,0x0000000342f0f000)]
  0x000000012d71e600 JavaThread "Execution worker Thread 9" [_thread_blocked, id=114723, stack(0x0000000342f18000,0x000000034311b000)]
  0x000000012d71ec00 JavaThread "Execution worker Thread 10" [_thread_blocked, id=108579, stack(0x0000000343330000,0x0000000343533000)]
  0x000000012d79be00 JavaThread "Execution worker Thread 11" [_thread_blocked, id=115227, stack(0x000000034353c000,0x000000034373f000)]
  0x000000012d79c400 JavaThread "Execution worker Thread 12" [_thread_blocked, id=174371, stack(0x0000000343748000,0x000000034394b000)]
  0x000000011e6db800 JavaThread "Execution worker Thread 13" [_thread_blocked, id=127779, stack(0x0000000343954000,0x0000000343b57000)]
  0x000000012c031a00 JavaThread "Unconstrained build operations Thread 27" [_thread_blocked, id=106515, stack(0x0000000343b60000,0x0000000343d63000)]
  0x000000036a52d000 JavaThread "Unconstrained build operations Thread 28" [_thread_blocked, id=129819, stack(0x0000000343d6c000,0x0000000343f6f000)]
  0x000000036a48de00 JavaThread "Unconstrained build operations Thread 29" [_thread_blocked, id=115739, stack(0x0000000343f78000,0x000000034417b000)]
  0x000000012c113c00 JavaThread "Unconstrained build operations Thread 30" [_thread_blocked, id=127523, stack(0x0000000344184000,0x0000000344387000)]
  0x000000036a1e4a00 JavaThread "Unconstrained build operations Thread 31" [_thread_blocked, id=113435, stack(0x0000000344390000,0x0000000344593000)]
  0x000000036a3bf800 JavaThread "Unconstrained build operations Thread 32" [_thread_blocked, id=74523, stack(0x000000034459c000,0x000000034479f000)]
  0x000000036a475600 JavaThread "Unconstrained build operations Thread 33" [_thread_blocked, id=168987, stack(0x00000003447a8000,0x00000003449ab000)]
  0x000000012c008c00 JavaThread "Unconstrained build operations Thread 34" [_thread_blocked, id=55315, stack(0x00000003449b4000,0x0000000344bb7000)]
  0x000000012c6ff000 JavaThread "Unconstrained build operations Thread 35" [_thread_blocked, id=122659, stack(0x0000000344bc0000,0x0000000344dc3000)]
  0x000000012c022e00 JavaThread "Unconstrained build operations Thread 36" [_thread_blocked, id=51739, stack(0x0000000344dcc000,0x0000000344fcf000)]
  0x000000012c7c5400 JavaThread "Unconstrained build operations Thread 37" [_thread_blocked, id=62739, stack(0x0000000344fd8000,0x00000003451db000)]
  0x000000012c112600 JavaThread "Unconstrained build operations Thread 38" [_thread_blocked, id=73763, stack(0x00000003451e4000,0x00000003453e7000)]
  0x000000036a21fa00 JavaThread "Unconstrained build operations Thread 39" [_thread_blocked, id=100107, stack(0x00000003453f0000,0x00000003455f3000)]
  0x0000000168899e00 JavaThread "Unconstrained build operations Thread 40" [_thread_blocked, id=41251, stack(0x00000003455fc000,0x00000003457ff000)]
  0x000000012d6f1e00 JavaThread "Unconstrained build operations Thread 41" [_thread_blocked, id=135435, stack(0x0000000345808000,0x0000000345a0b000)]
  0x000000012d79ca00 JavaThread "Unconstrained build operations Thread 42" [_thread_blocked, id=134683, stack(0x0000000345a14000,0x0000000345c17000)]
  0x000000012d6f2400 JavaThread "Unconstrained build operations Thread 43" [_thread_blocked, id=96027, stack(0x0000000345c20000,0x0000000345e23000)]
  0x000000012d6f2a00 JavaThread "Unconstrained build operations Thread 44" [_thread_blocked, id=117523, stack(0x0000000345e2c000,0x000000034602f000)]
  0x000000010fddc200 JavaThread "Unconstrained build operations Thread 45" [_thread_blocked, id=79131, stack(0x0000000346038000,0x000000034623b000)]
  0x000000012d5b8a00 JavaThread "Unconstrained build operations Thread 46" [_thread_blocked, id=76811, stack(0x0000000346244000,0x0000000346447000)]
  0x000000012d5b8400 JavaThread "Unconstrained build operations Thread 47" [_thread_blocked, id=107811, stack(0x0000000346450000,0x0000000346653000)]
  0x000000012d5b9000 JavaThread "Unconstrained build operations Thread 48" [_thread_blocked, id=114467, stack(0x000000034665c000,0x000000034685f000)]
  0x000000012d9c1e00 JavaThread "Unconstrained build operations Thread 49" [_thread_blocked, id=40227, stack(0x0000000346868000,0x0000000346a6b000)]
  0x000000012de42200 JavaThread "Unconstrained build operations Thread 50" [_thread_blocked, id=117027, stack(0x0000000346a74000,0x0000000346c77000)]
  0x000000036c0b0600 JavaThread "Unconstrained build operations Thread 51" [_thread_blocked, id=91155, stack(0x0000000346c80000,0x0000000346e83000)]
  0x000000036c0b0000 JavaThread "Unconstrained build operations Thread 52" [_thread_blocked, id=87059, stack(0x0000000346e8c000,0x000000034708f000)]
  0x000000012e2eb600 JavaThread "Unconstrained build operations Thread 53" [_thread_blocked, id=72459, stack(0x0000000347098000,0x000000034729b000)]
  0x00000001688cc400 JavaThread "Unconstrained build operations Thread 54" [_thread_blocked, id=75027, stack(0x00000003472a4000,0x00000003474a7000)]
  0x000000036a508e00 JavaThread "Unconstrained build operations Thread 55" [_thread_blocked, id=152603, stack(0x00000003474b0000,0x00000003476b3000)]
  0x000000011eb2a400 JavaThread "Unconstrained build operations Thread 56" [_thread_blocked, id=89115, stack(0x00000003476bc000,0x00000003478bf000)]
  0x000000011ee4a800 JavaThread "Unconstrained build operations Thread 57" [_thread_blocked, id=120075, stack(0x00000003478c8000,0x0000000347acb000)]
  0x000000011effdc00 JavaThread "Unconstrained build operations Thread 58" [_thread_blocked, id=122123, stack(0x0000000347ad4000,0x0000000347cd7000)]
  0x000000011ee65600 JavaThread "Unconstrained build operations Thread 59" [_thread_blocked, id=113179, stack(0x0000000347ce0000,0x0000000347ee3000)]
  0x000000011ed14a00 JavaThread "Unconstrained build operations Thread 60" [_thread_blocked, id=104475, stack(0x0000000347eec000,0x00000003480ef000)]
  0x000000011ed14400 JavaThread "Unconstrained build operations Thread 61" [_thread_blocked, id=121107, stack(0x00000003480f8000,0x00000003482fb000)]
  0x000000011e8f1400 JavaThread "Unconstrained build operations Thread 62" [_thread_blocked, id=73499, stack(0x0000000348304000,0x0000000348507000)]
  0x000000011ee3e600 JavaThread "Unconstrained build operations Thread 63" [_thread_blocked, id=81955, stack(0x0000000348510000,0x0000000348713000)]
  0x000000011ee3ec00 JavaThread "Unconstrained build operations Thread 64" [_thread_blocked, id=103187, stack(0x000000034871c000,0x000000034891f000)]
  0x000000011ec09600 JavaThread "Unconstrained build operations Thread 65" [_thread_blocked, id=40739, stack(0x0000000348928000,0x0000000348b2b000)]
  0x000000011ec09c00 JavaThread "Unconstrained build operations Thread 66" [_thread_blocked, id=62491, stack(0x0000000348b34000,0x0000000348d37000)]
  0x000000011ec0a200 JavaThread "Unconstrained build operations Thread 67" [_thread_blocked, id=81683, stack(0x0000000348d40000,0x0000000348f43000)]
  0x000000036aba7800 JavaThread "Unconstrained build operations Thread 68" [_thread_blocked, id=63763, stack(0x0000000348f4c000,0x000000034914f000)]
  0x000000036aaf5600 JavaThread "Unconstrained build operations Thread 69" [_thread_blocked, id=104219, stack(0x0000000349158000,0x000000034935b000)]
  0x000000012adae600 JavaThread "Unconstrained build operations Thread 70" [_thread_blocked, id=73251, stack(0x0000000349364000,0x0000000349567000)]
  0x000000012d7bb400 JavaThread "Unconstrained build operations Thread 71" [_thread_blocked, id=124683, stack(0x0000000349570000,0x0000000349773000)]
  0x000000011fa9f000 JavaThread "Unconstrained build operations Thread 72" [_thread_blocked, id=106003, stack(0x000000034977c000,0x000000034997f000)]
  0x000000012d7bba00 JavaThread "Unconstrained build operations Thread 73" [_thread_blocked, id=117795, stack(0x0000000349988000,0x0000000349b8b000)]
  0x000000012d5b9600 JavaThread "Unconstrained build operations Thread 74" [_thread_blocked, id=105739, stack(0x0000000349b94000,0x0000000349d97000)]
  0x000000011fdc4e00 JavaThread "Unconstrained build operations Thread 75" [_thread_blocked, id=97299, stack(0x0000000349da0000,0x0000000349fa3000)]
  0x000000011fce7600 JavaThread "Unconstrained build operations Thread 76" [_thread_blocked, id=94731, stack(0x0000000349fac000,0x000000034a1af000)]
  0x000000011fd0ae00 JavaThread "Unconstrained build operations Thread 77" [_thread_blocked, id=62243, stack(0x000000034a1b8000,0x000000034a3bb000)]
  0x000000012aa77600 JavaThread "Unconstrained build operations Thread 78" [_thread_blocked, id=63011, stack(0x000000034a3c4000,0x000000034a5c7000)]
  0x000000011faaca00 JavaThread "Unconstrained build operations Thread 79" [_thread_blocked, id=47627, stack(0x000000034a5d0000,0x000000034a7d3000)]
  0x000000011ebfa400 JavaThread "Unconstrained build operations Thread 80" [_thread_blocked, id=86547, stack(0x000000034a7dc000,0x000000034a9df000)]
  0x000000012c12e800 JavaThread "build event listener" [_thread_blocked, id=92435, stack(0x000000034a9e8000,0x000000034abeb000)]
  0x000000011ecc1400 JavaThread "Unconstrained build operations Thread 81" [_thread_blocked, id=125211, stack(0x000000034abf4000,0x000000034adf7000)]
  0x000000011ebfb000 JavaThread "Unconstrained build operations Thread 82" [_thread_blocked, id=78627, stack(0x000000034f004000,0x000000034f207000)]
  0x000000012d79b200 JavaThread "Unconstrained build operations Thread 83" [_thread_blocked, id=54035, stack(0x000000034f210000,0x000000034f413000)]
  0x000000012d717000 JavaThread "Unconstrained build operations Thread 84" [_thread_blocked, id=108835, stack(0x000000034f41c000,0x000000034f61f000)]
  0x000000012d79b800 JavaThread "Unconstrained build operations Thread 85" [_thread_blocked, id=99339, stack(0x000000034f628000,0x000000034f82b000)]
  0x000000011e8efc00 JavaThread "Unconstrained build operations Thread 86" [_thread_blocked, id=135203, stack(0x000000034f834000,0x000000034fa37000)]
  0x000000011ebfaa00 JavaThread "Unconstrained build operations Thread 87" [_thread_blocked, id=135691, stack(0x000000034fa40000,0x000000034fc43000)]
  0x000000011e8f0200 JavaThread "Unconstrained build operations Thread 88" [_thread_blocked, id=98083, stack(0x000000034fc4c000,0x000000034fe4f000)]
  0x000000011ee74400 JavaThread "Unconstrained build operations Thread 89" [_thread_blocked, id=120339, stack(0x0000000360004000,0x0000000360207000)]
  0x000000011ee74a00 JavaThread "Unconstrained build operations Thread 90" [_thread_blocked, id=76555, stack(0x0000000360210000,0x0000000360413000)]
  0x000000036ace6800 JavaThread "Unconstrained build operations Thread 91" [_thread_blocked, id=80667, stack(0x000000036041c000,0x000000036061f000)]
  0x000000036ab02e00 JavaThread "Unconstrained build operations Thread 92" [_thread_blocked, id=89371, stack(0x0000000360628000,0x000000036082b000)]
  0x000000012aa87e00 JavaThread "Unconstrained build operations Thread 93" [_thread_blocked, id=59147, stack(0x0000000360834000,0x0000000360a37000)]
  0x000000011f049a00 JavaThread "Unconstrained build operations Thread 94" [_thread_blocked, id=56339, stack(0x0000000360a40000,0x0000000360c43000)]
  0x000000011f617800 JavaThread "Unconstrained build operations Thread 95" [_thread_blocked, id=121883, stack(0x0000000360c4c000,0x0000000360e4f000)]
  0x000000011fac0000 JavaThread "Unconstrained build operations Thread 96" [_thread_blocked, id=54555, stack(0x0000000360e58000,0x000000036105b000)]
  0x000000011fa8da00 JavaThread "Unconstrained build operations Thread 97" [_thread_blocked, id=255783, stack(0x0000000361064000,0x0000000361267000)]
  0x000000012aa78c00 JavaThread "Unconstrained build operations Thread 98" [_thread_blocked, id=75803, stack(0x0000000361270000,0x0000000361473000)]
  0x000000012c16a800 JavaThread "Unconstrained build operations Thread 99" [_thread_blocked, id=90907, stack(0x000000036147c000,0x000000036167f000)]
  0x000000012c72ac00 JavaThread "Unconstrained build operations Thread 100" [_thread_blocked, id=46883, stack(0x0000000361688000,0x000000036188b000)]
  0x000000012c02e800 JavaThread "Unconstrained build operations Thread 101" [_thread_blocked, id=97547, stack(0x0000000361894000,0x0000000361a97000)]
  0x000000036a30e000 JavaThread "Unconstrained build operations Thread 102" [_thread_blocked, id=52771, stack(0x0000000361aa0000,0x0000000361ca3000)]
  0x000000012c6f8e00 JavaThread "Unconstrained build operations Thread 103" [_thread_blocked, id=77091, stack(0x0000000361cac000,0x0000000361eaf000)]
  0x000000012c70ae00 JavaThread "Unconstrained build operations Thread 104" [_thread_blocked, id=105227, stack(0x0000000361eb8000,0x00000003620bb000)]
  0x000000036a15ea00 JavaThread "Unconstrained build operations Thread 105" [_thread_blocked, id=128275, stack(0x00000003620c4000,0x00000003622c7000)]
  0x000000036a520a00 JavaThread "Unconstrained build operations Thread 106" [_thread_blocked, id=50963, stack(0x00000003622d0000,0x00000003624d3000)]
  0x000000012a858000 JavaThread "Problems report writer" [_thread_blocked, id=119579, stack(0x00000003624dc000,0x00000003626df000)]
  0x000000012abc5200 JavaThread "Unconstrained build operations Thread 107" [_thread_blocked, id=118563, stack(0x00000003626e8000,0x00000003628eb000)]
  0x000000036aceda00 JavaThread "Unconstrained build operations Thread 108" [_thread_blocked, id=94475, stack(0x00000003628f4000,0x0000000362af7000)]
  0x000000011fa91a00 JavaThread "Unconstrained build operations Thread 109" [_thread_blocked, id=50187, stack(0x0000000362b00000,0x0000000362d03000)]
  0x000000011faa7400 JavaThread "Unconstrained build operations Thread 110" [_thread_blocked, id=88331, stack(0x0000000362d0c000,0x0000000362f0f000)]
  0x000000011fa8fc00 JavaThread "Unconstrained build operations Thread 111" [_thread_blocked, id=113947, stack(0x0000000362f18000,0x000000036311b000)]
  0x000000011fa90a00 JavaThread "Unconstrained build operations Thread 112" [_thread_blocked, id=109091, stack(0x0000000363124000,0x0000000363327000)]
  0x000000011fc44a00 JavaThread "Unconstrained build operations Thread 113" [_thread_blocked, id=130587, stack(0x0000000363330000,0x0000000363533000)]
  0x000000011fc2aa00 JavaThread "Unconstrained build operations Thread 114" [_thread_blocked, id=60683, stack(0x000000036353c000,0x000000036373f000)]
  0x000000011f95ea00 JavaThread "Unconstrained build operations Thread 115" [_thread_blocked, id=123915, stack(0x0000000363748000,0x000000036394b000)]
  0x000000011fdc3200 JavaThread "Unconstrained build operations Thread 116" [_thread_blocked, id=159763, stack(0x0000000363954000,0x0000000363b57000)]
  0x000000011fdc3800 JavaThread "Unconstrained build operations Thread 117" [_thread_blocked, id=143139, stack(0x0000000364804000,0x0000000364a07000)]
  0x000000011fac9400 JavaThread "Unconstrained build operations Thread 118" [_thread_blocked, id=161315, stack(0x0000000364c1c000,0x0000000364e1f000)]
  0x000000011fac8c00 JavaThread "Unconstrained build operations Thread 119" [_thread_blocked, id=261923, stack(0x0000000364e28000,0x000000036502b000)]
  0x000000011fac9a00 JavaThread "Unconstrained build operations Thread 120" [_thread_blocked, id=176411, stack(0x0000000365034000,0x0000000365237000)]
  0x000000012a9ede00 JavaThread "Unconstrained build operations Thread 121" [_thread_blocked, id=111379, stack(0x0000000365240000,0x0000000365443000)]
  0x000000012a9d8800 JavaThread "Unconstrained build operations Thread 122" [_thread_blocked, id=50443, stack(0x000000036544c000,0x000000036564f000)]
  0x000000012adb0400 JavaThread "Unconstrained build operations Thread 123" [_thread_blocked, id=51235, stack(0x0000000365658000,0x000000036585b000)]
  0x000000012abd3000 JavaThread "Unconstrained build operations Thread 124" [_thread_blocked, id=79651, stack(0x0000000365864000,0x0000000365a67000)]
  0x000000012aa92600 JavaThread "Unconstrained build operations Thread 125" [_thread_blocked, id=91939, stack(0x0000000365a70000,0x0000000365c73000)]
  0x000000012aab3800 JavaThread "Unconstrained build operations Thread 126" [_thread_blocked, id=53011, stack(0x0000000365c7c000,0x0000000365e7f000)]
  0x000000012ab4b200 JavaThread "Unconstrained build operations Thread 127" [_thread_blocked, id=74275, stack(0x0000000365e88000,0x000000036608b000)]
  0x000000036ad59800 JavaThread "Unconstrained build operations Thread 128" [_thread_blocked, id=81187, stack(0x0000000366094000,0x0000000366297000)]
  0x000000036ab00800 JavaThread "Unconstrained build operations Thread 129" [_thread_blocked, id=116491, stack(0x00000003662a0000,0x00000003664a3000)]
  0x000000036ab00000 JavaThread "Unconstrained build operations Thread 130" [_thread_blocked, id=61195, stack(0x00000003664ac000,0x00000003666af000)]
  0x000000012abd2400 JavaThread "Unconstrained build operations Thread 131" [_thread_blocked, id=88843, stack(0x00000003666b8000,0x00000003668bb000)]
  0x000000012abd1c00 JavaThread "Unconstrained build operations Thread 132" [_thread_blocked, id=51987, stack(0x00000003668c4000,0x0000000366ac7000)]
  0x000000012d719200 JavaThread "Unconstrained build operations Thread 133" [_thread_blocked, id=81427, stack(0x0000000366ad0000,0x0000000366cd3000)]
  0x000000012d21fa00 JavaThread "Unconstrained build operations Thread 134" [_thread_blocked, id=67091, stack(0x0000000366cdc000,0x0000000366edf000)]
  0x000000012d302800 JavaThread "Unconstrained build operations Thread 135" [_thread_blocked, id=128531, stack(0x0000000366ee8000,0x00000003670eb000)]
  0x000000012d3fa800 JavaThread "Unconstrained build operations Thread 136" [_thread_blocked, id=168467, stack(0x00000003670f4000,0x00000003672f7000)]
  0x000000012d688000 JavaThread "Unconstrained build operations Thread 137" [_thread_blocked, id=169763, stack(0x0000000367300000,0x0000000367503000)]
  0x000000012d71ac00 JavaThread "Unconstrained build operations Thread 138" [_thread_blocked, id=142347, stack(0x000000036750c000,0x000000036770f000)]
  0x000000012d717600 JavaThread "Unconstrained build operations Thread 139" [_thread_blocked, id=178979, stack(0x0000000367924000,0x0000000367b27000)]
  0x000000012d717c00 JavaThread "Unconstrained build operations Thread 140" [_thread_blocked, id=94227, stack(0x000000036cc1c000,0x000000036ce1f000)]
  0x000000036a985e00 JavaThread "Cache worker for execution history cache (/Users/npcapro/Development/autoride_superapp/android/.gradle/8.14.3/executionHistory)" [_thread_blocked, id=102179, stack(0x000000036d104000,0x000000036d307000)]
  0x0000000168bc2600 JavaThread "WorkerExecutor Queue" [_thread_blocked, id=254315, stack(0x0000000173b34000,0x0000000173d37000)]
  0x000000012c18b200 JavaThread "C2 CompilerThread1" daemon [_thread_in_native, id=92963, stack(0x000000036d504000,0x000000036d707000)]
  0x000000011e179400 JavaThread "WorkerExecutor Queue Thread 3" [_thread_blocked, id=153095, stack(0x000000036d91c000,0x000000036db1f000)]
  0x000000011fac3c00 JavaThread "WorkerExecutor Queue Thread 4" [_thread_in_Java, id=56883, stack(0x000000036d710000,0x000000036d913000)]
  0x000000012d4fb000 JavaThread "WorkerExecutor Queue Thread 5" [_thread_blocked, id=65039, stack(0x000000036db28000,0x000000036dd2b000)]
  0x000000011f0e9800 JavaThread "WorkerExecutor Queue Thread 6" [_thread_blocked, id=37899, stack(0x000000036dd34000,0x000000036df37000)]
  0x000000011f1c3400 JavaThread "WorkerExecutor Queue Thread 7" [_thread_blocked, id=70919, stack(0x000000036df40000,0x000000036e143000)]
  0x000000011f4e1c00 JavaThread "WorkerExecutor Queue Thread 8" [_thread_blocked, id=83979, stack(0x000000036e14c000,0x000000036e34f000)]
  0x000000012f14a600 JavaThread "Exec process Thread 7" [_thread_blocked, id=69899, stack(0x000000036e358000,0x000000036e55b000)]
  0x000000012ae4e000 JavaThread "Exec process Thread 8" [_thread_blocked, id=67591, stack(0x000000036e564000,0x000000036e767000)]
  0x000000012abdbc00 JavaThread "Exec process Thread 9" [_thread_blocked, id=71699, stack(0x000000036e770000,0x000000036e973000)]
  0x000000011ee60c00 JavaThread "process reaper" daemon [_thread_blocked, id=84243, stack(0x00000001703a4000,0x00000001703db000)]
  0x000000036a99ce00 JavaThread "Exec process Thread 10" [_thread_blocked, id=83731, stack(0x000000036e97c000,0x000000036eb7f000)]
  0x000000012abdb400 JavaThread "Exec process Thread 11" [_thread_blocked, id=85003, stack(0x000000036eb88000,0x000000036ed8b000)]
  0x000000011e6c9800 JavaThread "process reaper" daemon [_thread_blocked, id=70419, stack(0x0000000177ec0000,0x0000000177ef7000)]
  0x000000011e6cbc00 JavaThread "Exec process Thread 12" [_thread_blocked, id=68875, stack(0x000000036ed94000,0x000000036ef97000)]
  0x000000036a2f3800 JavaThread "Exec process Thread 13" [_thread_blocked, id=68619, stack(0x000000036efa0000,0x000000036f1a3000)]
  0x000000011f63aa00 JavaThread "process reaper" daemon [_thread_blocked, id=83219, stack(0x000000034fe58000,0x000000034fe8f000)]
  0x000000011f63b000 JavaThread "Exec process Thread 14" [_thread_blocked, id=68115, stack(0x000000036f1ac000,0x000000036f3af000)]
  0x000000011f4e2c00 JavaThread "Exec process Thread 15" [_thread_blocked, id=85779, stack(0x0000000370358000,0x000000037055b000)]
  0x000000011e989000 JavaThread "WorkerExecutor Queue Thread 9" [_thread_blocked, id=45319, stack(0x0000000370564000,0x0000000370767000)]
  0x000000012c01ca00 JavaThread "WorkerExecutor Queue Thread 10" [_thread_blocked, id=82703, stack(0x0000000370770000,0x0000000370973000)]
  0x000000036acf2600 JavaThread "WorkerExecutor Queue Thread 11" [_thread_blocked, id=64019, stack(0x000000037097c000,0x0000000370b7f000)]
  0x000000012d8e0200 JavaThread "WorkerExecutor Queue Thread 12" [_thread_blocked, id=64275, stack(0x0000000370b88000,0x0000000370d8b000)]
  0x000000012d6fb600 JavaThread "WorkerExecutor Queue Thread 13" [_thread_in_native, id=134415, stack(0x0000000370d94000,0x0000000370f97000)]
  0x000000036a99d400 JavaThread "WorkerExecutor Queue Thread 14" [_thread_blocked, id=43535, stack(0x0000000370fa0000,0x00000003711a3000)]
  0x000000010f811c00 JavaThread "WorkerExecutor Queue Thread 15" [_thread_blocked, id=173579, stack(0x0000000377eb8000,0x00000003780bb000)]
  0x000000012d502800 JavaThread "Exec process Thread 16" [_thread_blocked, id=165907, stack(0x00000003780c4000,0x00000003782c7000)]
  0x000000036c2a9c00 JavaThread "Exec process Thread 17" [_thread_blocked, id=137999, stack(0x0000000378604000,0x0000000378807000)]
  0x000000011ee3c400 JavaThread "Exec process Thread 18" [_thread_blocked, id=138767, stack(0x0000000378810000,0x0000000378a13000)]
  0x000000011e9eca00 JavaThread "Exec process Thread 19" [_thread_blocked, id=165647, stack(0x0000000378a1c000,0x0000000378c1f000)]
  0x0000000169813000 JavaThread "Exec process Thread 20" [_thread_blocked, id=167175, stack(0x0000000379004000,0x0000000379207000)]
  0x000000016901ae00 JavaThread "Exec process Thread 21" [_thread_blocked, id=165391, stack(0x0000000379210000,0x0000000379413000)]
  0x000000036a2f3e00 JavaThread "process reaper" daemon [_thread_blocked, id=166919, stack(0x000000034fe98000,0x000000034fecf000)]
  0x000000012c021600 JavaThread "Exec process Thread 22" [_thread_blocked, id=165135, stack(0x000000037941c000,0x000000037961f000)]
  0x000000016900b200 JavaThread "Exec process Thread 23" [_thread_blocked, id=164879, stack(0x0000000379628000,0x000000037982b000)]
  0x000000012b81da00 JavaThread "process reaper" daemon [_thread_blocked, id=138247, stack(0x0000000363f78000,0x0000000363faf000)]
  0x000000012b84a600 JavaThread "Exec process Thread 24" [_thread_blocked, id=164615, stack(0x0000000379834000,0x0000000379a37000)]
  0x000000012e70da00 JavaThread "RMI Scheduler(0)" daemon [_thread_blocked, id=137227, stack(0x0000000379c04000,0x0000000379e07000)]
  0x000000012c7b7200 JavaThread "RMI GC Daemon" daemon [_thread_blocked, id=167699, stack(0x000000037a210000,0x000000037a413000)]
  0x000000012c033c00 JavaThread "RMI TCP Accept-0" daemon [_thread_in_native, id=182291, stack(0x0000000380004000,0x0000000380207000)]
  0x000000012c7b8200 JavaThread "RMI Reaper" [_thread_blocked, id=182547, stack(0x0000000380210000,0x0000000380413000)]
  0x000000012ab58c00 JavaThread "RMI TCP Connection(1)-127.0.0.1" daemon [_thread_in_native, id=180235, stack(0x0000000380804000,0x0000000380a07000)]
  0x000000012abf5e00 JavaThread "Cache worker for Java compile cache (/Users/npcapro/.gradle/caches/8.14.3/javaCompile)" [_thread_blocked, id=180495, stack(0x0000000381304000,0x0000000381507000)]
  0x000000011e3ae600 JavaThread "Build operations" [_thread_blocked, id=257799, stack(0x0000000381a04000,0x0000000381c07000)]
  0x000000011e174e00 JavaThread "Build operations Thread 2" [_thread_blocked, id=179471, stack(0x0000000381c10000,0x0000000381e13000)]
  0x000000011e11aa00 JavaThread "Build operations Thread 3" [_thread_blocked, id=260107, stack(0x0000000381e1c000,0x000000038201f000)]
  0x000000011e11b000 JavaThread "Build operations Thread 4" [_thread_blocked, id=177163, stack(0x0000000382028000,0x000000038222b000)]
  0x000000011e174000 JavaThread "Build operations Thread 5" [_thread_blocked, id=175891, stack(0x000000038a004000,0x000000038a207000)]
  0x00000003828fde00 JavaThread "Build operations Thread 6" [_thread_blocked, id=176147, stack(0x000000038a41c000,0x000000038a61f000)]
  0x0000000384ccc800 JavaThread "Build operations Thread 7" [_thread_blocked, id=151563, stack(0x000000038df14000,0x000000038e117000)]
  0x000000012e71fc00 JavaThread "Build operations Thread 8" [_thread_blocked, id=174599, stack(0x000000038e120000,0x000000038e323000)]
  0x000000012af5f600 JavaThread "Build operations Thread 9" [_thread_blocked, id=174867, stack(0x000000038e32c000,0x000000038e52f000)]
  0x000000012ae50c00 JavaThread "Build operations Thread 10" [_thread_blocked, id=260871, stack(0x000000038e538000,0x000000038e73b000)]
  0x000000012ae51200 JavaThread "Build operations Thread 11" [_thread_blocked, id=152075, stack(0x000000038e744000,0x000000038e947000)]
  0x000000036ab38400 JavaThread "Build operations Thread 12" [_thread_blocked, id=100879, stack(0x000000038e950000,0x000000038eb53000)]
  0x000000012ade0800 JavaThread "Build operations Thread 13" [_thread_blocked, id=66823, stack(0x000000038eb5c000,0x000000038ed5f000)]
  0x0000000169870a00 JavaThread "ForkJoinPool.commonPool-worker-14" daemon [_thread_blocked, id=166155, stack(0x000000037a004000,0x000000037a207000)]
  0x0000000169017400 JavaThread "ForkJoinPool.commonPool-worker-15" daemon [_thread_blocked, id=183811, stack(0x0000000391118000,0x000000039131b000)]
  0x0000000169017a00 JavaThread "ForkJoinPool.commonPool-worker-16" daemon [_thread_blocked, id=184323, stack(0x0000000391324000,0x0000000391527000)]
  0x0000000384a48000 JavaThread "ForkJoinPool-2-worker-1" daemon [_thread_blocked, id=252935, stack(0x000000038ed68000,0x000000038ef6b000)]
  0x0000000384a4b800 JavaThread "ForkJoinPool-2-worker-2" daemon [_thread_in_Java, id=183563, stack(0x000000038ef74000,0x000000038f177000)]
  0x000000016a008c00 JavaThread "ForkJoinPool-2-worker-3" daemon [_thread_in_native, id=184579, stack(0x0000000391530000,0x0000000391733000)]
  0x00000001698fb800 JavaThread "ForkJoinPool-2-worker-4" daemon [_thread_in_Java, id=251907, stack(0x000000039173c000,0x000000039193f000)]
  0x000000011f130600 JavaThread "ForkJoinPool-2-worker-5" daemon [_thread_in_vm, id=185091, stack(0x0000000391948000,0x0000000391b4b000)]
  0x000000012e4a6e00 JavaThread "ForkJoinPool-2-worker-6" daemon [_thread_blocked, id=185603, stack(0x0000000391b54000,0x0000000391d57000)]
  0x0000000383392800 JavaThread "ForkJoinPool-2-worker-7" daemon [_thread_blocked, id=251651, stack(0x0000000391d60000,0x0000000391f63000)]
  0x0000000383351c00 JavaThread "ForkJoinPool-2-worker-8" daemon [_thread_in_Java, id=251139, stack(0x0000000391f6c000,0x000000039216f000)]
  0x000000011fa9ea00 JavaThread "ForkJoinPool-2-worker-9" daemon [_thread_in_Java, id=250627, stack(0x0000000392178000,0x000000039237b000)]
  0x0000000389884e00 JavaThread "ForkJoinPool-2-worker-10" daemon [_thread_in_Java, id=250371, stack(0x0000000392384000,0x0000000392587000)]
  0x000000011fa08000 JavaThread "ForkJoinPool-2-worker-14" daemon [_thread_in_Java, id=186627, stack(0x0000000392590000,0x0000000392793000)]
  0x000000011e354e00 JavaThread "ForkJoinPool-2-worker-12" daemon [_thread_in_Java, id=249859, stack(0x000000039279c000,0x000000039299f000)]
  0x000000011e17a400 JavaThread "ForkJoinPool-2-worker-13" daemon [_thread_in_Java, id=249347, stack(0x00000003929a8000,0x0000000392bab000)]
  0x000000038329ee00 JavaThread "ForkJoinPool-2-worker-11" daemon [_thread_blocked, id=187139, stack(0x0000000392bb4000,0x0000000392db7000)]

Other Threads:
  0x0000000138041d00 VMThread "VM Thread" [stack: 0x000000016fcb4000,0x000000016feb7000] [id=17923]
  0x000000012ef68250 WatcherThread [stack: 0x0000000171450000,0x0000000171653000] [id=24323]
  0x0000000138013d50 GCTaskThread "GC Thread#0" [stack: 0x000000016f278000,0x000000016f47b000] [id=14595]
  0x0000000101713200 GCTaskThread "GC Thread#1" [stack: 0x0000000171a74000,0x0000000171c77000] [id=27907]
  0x0000000101713b40 GCTaskThread "GC Thread#2" [stack: 0x0000000171c80000,0x0000000171e83000] [id=25347]
  0x0000000101714480 GCTaskThread "GC Thread#3" [stack: 0x0000000171e8c000,0x000000017208f000] [id=25603]
  0x0000000101714dc0 GCTaskThread "GC Thread#4" [stack: 0x0000000172098000,0x000000017229b000] [id=26883]
  0x0000000101715700 GCTaskThread "GC Thread#5" [stack: 0x00000001722a4000,0x00000001724a7000] [id=25859]
  0x000000012ef7f6a0 GCTaskThread "GC Thread#6" [stack: 0x00000001724b0000,0x00000001726b3000] [id=26371]
  0x000000012ef80250 GCTaskThread "GC Thread#7" [stack: 0x00000001726bc000,0x00000001728bf000] [id=43267]
  0x000000012ef80f80 GCTaskThread "GC Thread#8" [stack: 0x00000001728c8000,0x0000000172acb000] [id=33283]
  0x000000012ee93020 GCTaskThread "GC Thread#9" [stack: 0x0000000172ad4000,0x0000000172cd7000] [id=43011]
  0x000000012ee93c90 GCTaskThread "GC Thread#10" [stack: 0x0000000172ce0000,0x0000000172ee3000] [id=33795]
  0x0000000138014c20 ConcurrentGCThread "G1 Main Marker" [stack: 0x000000016f484000,0x000000016f687000] [id=12803]
  0x0000000138015a10 ConcurrentGCThread "G1 Conc#0" [stack: 0x000000016f690000,0x000000016f893000] [id=14083]
  0x000000012eee6c10 ConcurrentGCThread "G1 Conc#1" [stack: 0x0000000174364000,0x0000000174567000] [id=36867]
  0x000000012a740610 ConcurrentGCThread "G1 Conc#2" [stack: 0x0000000174570000,0x0000000174773000] [id=37123]
  0x000000012ee3fe30 ConcurrentGCThread "G1 Refine#0" [stack: 0x000000016f89c000,0x000000016fa9f000] [id=21507]
  0x000000012edcb3a0 ConcurrentGCThread "G1 Refine#1" [stack: 0x0000000363b60000,0x0000000363d63000] [id=100355]
  0x0000000168553da0 ConcurrentGCThread "G1 Refine#2" [stack: 0x0000000363d6c000,0x0000000363f6f000] [id=112131]
  0x000000034ff8cb20 ConcurrentGCThread "G1 Refine#3" [stack: 0x000000036f504000,0x000000036f707000] [id=139523]
  0x000000012a30e6a0 ConcurrentGCThread "G1 Refine#4" [stack: 0x000000036f710000,0x000000036f913000] [id=163587]
  0x000000036d44f760 ConcurrentGCThread "G1 Refine#5" [stack: 0x000000036f91c000,0x000000036fb1f000] [id=140291]
  0x000000012ca0e210 ConcurrentGCThread "G1 Refine#6" [stack: 0x000000036fb28000,0x000000036fd2b000] [id=162307]
  0x000000034ae98290 ConcurrentGCThread "G1 Refine#7" [stack: 0x000000036fd34000,0x000000036ff37000] [id=162051]
  0x000000036d44ff30 ConcurrentGCThread "G1 Refine#8" [stack: 0x000000036ff40000,0x0000000370143000] [id=141571]
  0x000000012a50fc20 ConcurrentGCThread "G1 Refine#9" [stack: 0x000000037014c000,0x000000037034f000] [id=161795]
  0x00000003713974d0 ConcurrentGCThread "G1 Refine#10" [stack: 0x00000003782d0000,0x00000003784d3000] [id=150019]
  0x000000012ee40bc0 ConcurrentGCThread "G1 Service" [stack: 0x000000016faa8000,0x000000016fcab000] [id=20995]

Threads with active compile tasks:
C2 CompilerThread0   234838 85709       4       com.android.tools.r8.shaking.C4$b::b (1015 bytes)
C1 CompilerThread0   234839 85603 % !   3       org.jetbrains.uast.kotlin.FirKotlinUastResolveProviderService::resolveSyntheticJavaPropertyAccessorCall @ 1958 (2441 bytes)
C2 CompilerThread1   234839 85684       4       com.android.tools.r8.shaking.C4$b::b (74 bytes)

VM state: not at safepoint (normal execution)

VM Mutex/Monitor currently owned by a thread: None

Heap address: 0x0000000600000000, size: 8192 MB, Compressed Oops mode: Zero based, Oop shift amount: 3

CDS archive(s) not mapped
Compressed class space mapped at: 0x0000000800000000-0x0000000840000000, reserved size: 1073741824
Narrow klass base: 0x0000000800000000, Narrow klass shift: 0, Narrow klass range: 0x40000000

GC Precious Log:
 CPUs: 14 total, 14 available
 Memory: 36864M
 Large Page Support: Disabled
 NUMA Support: Disabled
 Compressed Oops: Enabled (Zero based)
 Heap Region Size: 4M
 Heap Min Capacity: 8M
 Heap Initial Capacity: 576M
 Heap Max Capacity: 8G
 Pre-touch: Disabled
 Parallel Workers: 11
 Concurrent Workers: 3
 Concurrent Refinement Workers: 11
 Periodic GC: Disabled

Heap:
 garbage-first heap   total 4669440K, used 2846720K [0x0000000600000000, 0x0000000800000000)
  region size 4096K, 159 young (651264K), 58 survivors (237568K)
 Metaspace       used 324861K, committed 328064K, reserved 1376256K
  class space    used 44114K, committed 45568K, reserved 1048576K

Heap Regions: E=young(eden), S=young(survivor), O=old, HS=humongous(starts), HC=humongous(continues), CS=collection set, F=free, OA=open archive, CA=closed archive, TAMS=top-at-mark-start (previous, next)
|   0|0x0000000600000000, 0x0000000600400000, 0x0000000600400000|100%|HS|  |TAMS 0x0000000600400000, 0x0000000600000000| Complete 
|   1|0x0000000600400000, 0x0000000600800000, 0x0000000600800000|100%| O|  |TAMS 0x0000000600800000, 0x0000000600400000| Untracked 
|   2|0x0000000600800000, 0x0000000600c00000, 0x0000000600c00000|100%| O|  |TAMS 0x0000000600c00000, 0x0000000600800000| Untracked 
|   3|0x0000000600c00000, 0x0000000601000000, 0x0000000601000000|100%| O|  |TAMS 0x0000000601000000, 0x0000000600c00000| Untracked 
|   4|0x0000000601000000, 0x0000000601400000, 0x0000000601400000|100%| O|  |TAMS 0x0000000601400000, 0x0000000601000000| Untracked 
|   5|0x0000000601400000, 0x0000000601800000, 0x0000000601800000|100%| O|  |TAMS 0x0000000601800000, 0x0000000601400000| Untracked 
|   6|0x0000000601800000, 0x0000000601c00000, 0x0000000601c00000|100%| O|  |TAMS 0x0000000601c00000, 0x0000000601800000| Untracked 
|   7|0x0000000601c00000, 0x0000000602000000, 0x0000000602000000|100%| O|  |TAMS 0x0000000602000000, 0x0000000601c00000| Untracked 
|   8|0x0000000602000000, 0x0000000602400000, 0x0000000602400000|100%| O|  |TAMS 0x0000000602400000, 0x0000000602000000| Untracked 
|   9|0x0000000602400000, 0x0000000602800000, 0x0000000602800000|100%| O|  |TAMS 0x0000000602800000, 0x0000000602400000| Untracked 
|  10|0x0000000602800000, 0x0000000602c00000, 0x0000000602c00000|100%| O|  |TAMS 0x0000000602c00000, 0x0000000602800000| Untracked 
|  11|0x0000000602c00000, 0x0000000603000000, 0x0000000603000000|100%| O|  |TAMS 0x0000000603000000, 0x0000000602c00000| Untracked 
|  12|0x0000000603000000, 0x0000000603400000, 0x0000000603400000|100%| O|  |TAMS 0x0000000603400000, 0x0000000603000000| Untracked 
|  13|0x0000000603400000, 0x0000000603800000, 0x0000000603800000|100%|HS|  |TAMS 0x0000000603800000, 0x0000000603400000| Complete 
|  14|0x0000000603800000, 0x0000000603c00000, 0x0000000603c00000|100%| O|  |TAMS 0x0000000603c00000, 0x0000000603800000| Untracked 
|  15|0x0000000603c00000, 0x0000000604000000, 0x0000000604000000|100%| O|  |TAMS 0x0000000604000000, 0x0000000603c00000| Untracked 
|  16|0x0000000604000000, 0x0000000604400000, 0x0000000604400000|100%| O|  |TAMS 0x0000000604400000, 0x0000000604000000| Untracked 
|  17|0x0000000604400000, 0x0000000604800000, 0x0000000604800000|100%| O|  |TAMS 0x0000000604800000, 0x0000000604400000| Untracked 
|  18|0x0000000604800000, 0x0000000604c00000, 0x0000000604c00000|100%| O|  |TAMS 0x0000000604c00000, 0x0000000604800000| Untracked 
|  19|0x0000000604c00000, 0x0000000605000000, 0x0000000605000000|100%| O|  |TAMS 0x0000000605000000, 0x0000000604c00000| Untracked 
|  20|0x0000000605000000, 0x0000000605400000, 0x0000000605400000|100%| O|  |TAMS 0x0000000605400000, 0x0000000605000000| Untracked 
|  21|0x0000000605400000, 0x0000000605800000, 0x0000000605800000|100%| O|  |TAMS 0x0000000605800000, 0x0000000605400000| Untracked 
|  22|0x0000000605800000, 0x0000000605c00000, 0x0000000605c00000|100%| O|  |TAMS 0x0000000605c00000, 0x0000000605800000| Untracked 
|  23|0x0000000605c00000, 0x0000000606000000, 0x0000000606000000|100%| O|  |TAMS 0x0000000606000000, 0x0000000605c00000| Untracked 
|  24|0x0000000606000000, 0x0000000606400000, 0x0000000606400000|100%| O|  |TAMS 0x0000000606400000, 0x0000000606000000| Untracked 
|  25|0x0000000606400000, 0x0000000606800000, 0x0000000606800000|100%| O|  |TAMS 0x0000000606800000, 0x0000000606400000| Untracked 
|  26|0x0000000606800000, 0x0000000606c00000, 0x0000000606c00000|100%| O|  |TAMS 0x0000000606c00000, 0x0000000606800000| Untracked 
|  27|0x0000000606c00000, 0x0000000607000000, 0x0000000607000000|100%| O|  |TAMS 0x0000000607000000, 0x0000000606c00000| Untracked 
|  28|0x0000000607000000, 0x0000000607400000, 0x0000000607400000|100%| O|  |TAMS 0x0000000607400000, 0x0000000607000000| Untracked 
|  29|0x0000000607400000, 0x0000000607800000, 0x0000000607800000|100%| O|  |TAMS 0x0000000607800000, 0x0000000607400000| Untracked 
|  30|0x0000000607800000, 0x0000000607c00000, 0x0000000607c00000|100%| O|  |TAMS 0x0000000607c00000, 0x0000000607800000| Untracked 
|  31|0x0000000607c00000, 0x0000000608000000, 0x0000000608000000|100%| O|  |TAMS 0x0000000608000000, 0x0000000607c00000| Untracked 
|  32|0x0000000608000000, 0x0000000608400000, 0x0000000608400000|100%| O|  |TAMS 0x0000000608400000, 0x0000000608000000| Untracked 
|  33|0x0000000608400000, 0x0000000608800000, 0x0000000608800000|100%|HS|  |TAMS 0x0000000608800000, 0x0000000608400000| Complete 
|  34|0x0000000608800000, 0x0000000608c00000, 0x0000000608c00000|100%| O|  |TAMS 0x0000000608c00000, 0x0000000608800000| Untracked 
|  35|0x0000000608c00000, 0x0000000609000000, 0x0000000609000000|100%| O|  |TAMS 0x0000000609000000, 0x0000000608c00000| Untracked 
|  36|0x0000000609000000, 0x0000000609400000, 0x0000000609400000|100%| O|  |TAMS 0x0000000609400000, 0x0000000609000000| Untracked 
|  37|0x0000000609400000, 0x0000000609800000, 0x0000000609800000|100%| O|  |TAMS 0x0000000609800000, 0x0000000609400000| Untracked 
|  38|0x0000000609800000, 0x0000000609c00000, 0x0000000609c00000|100%| O|  |TAMS 0x0000000609c00000, 0x0000000609800000| Untracked 
|  39|0x0000000609c00000, 0x000000060a000000, 0x000000060a000000|100%| O|  |TAMS 0x000000060a000000, 0x0000000609c00000| Untracked 
|  40|0x000000060a000000, 0x000000060a400000, 0x000000060a400000|100%| O|  |TAMS 0x000000060a400000, 0x000000060a000000| Untracked 
|  41|0x000000060a400000, 0x000000060a800000, 0x000000060a800000|100%| O|  |TAMS 0x000000060a800000, 0x000000060a400000| Untracked 
|  42|0x000000060a800000, 0x000000060ac00000, 0x000000060ac00000|100%| O|  |TAMS 0x000000060ac00000, 0x000000060a800000| Untracked 
|  43|0x000000060ac00000, 0x000000060b000000, 0x000000060b000000|100%| O|  |TAMS 0x000000060b000000, 0x000000060ac00000| Untracked 
|  44|0x000000060b000000, 0x000000060b400000, 0x000000060b400000|100%| O|  |TAMS 0x000000060b400000, 0x000000060b000000| Untracked 
|  45|0x000000060b400000, 0x000000060b800000, 0x000000060b800000|100%| O|  |TAMS 0x000000060b800000, 0x000000060b400000| Untracked 
|  46|0x000000060b800000, 0x000000060bc00000, 0x000000060bc00000|100%| O|  |TAMS 0x000000060bc00000, 0x000000060b800000| Untracked 
|  47|0x000000060bc00000, 0x000000060c000000, 0x000000060c000000|100%| O|  |TAMS 0x000000060c000000, 0x000000060bc00000| Untracked 
|  48|0x000000060c000000, 0x000000060c400000, 0x000000060c400000|100%| O|  |TAMS 0x000000060c400000, 0x000000060c000000| Untracked 
|  49|0x000000060c400000, 0x000000060c800000, 0x000000060c800000|100%| O|  |TAMS 0x000000060c800000, 0x000000060c400000| Untracked 
|  50|0x000000060c800000, 0x000000060cc00000, 0x000000060cc00000|100%| O|  |TAMS 0x000000060cc00000, 0x000000060c800000| Untracked 
|  51|0x000000060cc00000, 0x000000060d000000, 0x000000060d000000|100%| O|  |TAMS 0x000000060d000000, 0x000000060cc00000| Untracked 
|  52|0x000000060d000000, 0x000000060d400000, 0x000000060d400000|100%| O|  |TAMS 0x000000060d400000, 0x000000060d000000| Untracked 
|  53|0x000000060d400000, 0x000000060d800000, 0x000000060d800000|100%| O|  |TAMS 0x000000060d800000, 0x000000060d400000| Untracked 
|  54|0x000000060d800000, 0x000000060dc00000, 0x000000060dc00000|100%| O|  |TAMS 0x000000060dc00000, 0x000000060d800000| Untracked 
|  55|0x000000060dc00000, 0x000000060e000000, 0x000000060e000000|100%| O|  |TAMS 0x000000060e000000, 0x000000060dc00000| Untracked 
|  56|0x000000060e000000, 0x000000060e400000, 0x000000060e400000|100%| O|  |TAMS 0x000000060e400000, 0x000000060e000000| Untracked 
|  57|0x000000060e400000, 0x000000060e800000, 0x000000060e800000|100%| O|  |TAMS 0x000000060e800000, 0x000000060e400000| Untracked 
|  58|0x000000060e800000, 0x000000060ec00000, 0x000000060ec00000|100%| O|  |TAMS 0x000000060ec00000, 0x000000060e800000| Untracked 
|  59|0x000000060ec00000, 0x000000060f000000, 0x000000060f000000|100%| O|  |TAMS 0x000000060f000000, 0x000000060ec00000| Untracked 
|  60|0x000000060f000000, 0x000000060f400000, 0x000000060f400000|100%| O|  |TAMS 0x000000060f400000, 0x000000060f000000| Untracked 
|  61|0x000000060f400000, 0x000000060f800000, 0x000000060f800000|100%| O|  |TAMS 0x000000060f800000, 0x000000060f400000| Untracked 
|  62|0x000000060f800000, 0x000000060fc00000, 0x000000060fc00000|100%| O|  |TAMS 0x000000060fc00000, 0x000000060f800000| Untracked 
|  63|0x000000060fc00000, 0x0000000610000000, 0x0000000610000000|100%| O|  |TAMS 0x0000000610000000, 0x000000060fc00000| Untracked 
|  64|0x0000000610000000, 0x0000000610400000, 0x0000000610400000|100%| O|  |TAMS 0x0000000610400000, 0x0000000610000000| Untracked 
|  65|0x0000000610400000, 0x0000000610800000, 0x0000000610800000|100%| O|  |TAMS 0x0000000610400000, 0x0000000610400000| Untracked 
|  66|0x0000000610800000, 0x0000000610c00000, 0x0000000610c00000|100%| O|  |TAMS 0x0000000610c00000, 0x0000000610800000| Untracked 
|  67|0x0000000610c00000, 0x0000000611000000, 0x0000000611000000|100%| O|  |TAMS 0x0000000611000000, 0x0000000610c00000| Untracked 
|  68|0x0000000611000000, 0x0000000611400000, 0x0000000611400000|100%| O|  |TAMS 0x0000000611400000, 0x0000000611000000| Untracked 
|  69|0x0000000611400000, 0x0000000611800000, 0x0000000611800000|100%| O|  |TAMS 0x0000000611800000, 0x0000000611400000| Untracked 
|  70|0x0000000611800000, 0x0000000611c00000, 0x0000000611c00000|100%| O|  |TAMS 0x0000000611c00000, 0x0000000611800000| Untracked 
|  71|0x0000000611c00000, 0x0000000612000000, 0x0000000612000000|100%| O|  |TAMS 0x0000000612000000, 0x0000000611c00000| Untracked 
|  72|0x0000000612000000, 0x0000000612400000, 0x0000000612400000|100%| O|  |TAMS 0x0000000612400000, 0x0000000612000000| Untracked 
|  73|0x0000000612400000, 0x0000000612800000, 0x0000000612800000|100%| O|  |TAMS 0x0000000612800000, 0x0000000612400000| Untracked 
|  74|0x0000000612800000, 0x0000000612c00000, 0x0000000612c00000|100%| O|  |TAMS 0x0000000612800000, 0x0000000612800000| Untracked 
|  75|0x0000000612c00000, 0x0000000613000000, 0x0000000613000000|100%| O|  |TAMS 0x0000000612c00000, 0x0000000612c00000| Untracked 
|  76|0x0000000613000000, 0x0000000613400000, 0x0000000613400000|100%| O|  |TAMS 0x0000000613400000, 0x0000000613000000| Untracked 
|  77|0x0000000613400000, 0x0000000613800000, 0x0000000613800000|100%| O|  |TAMS 0x0000000613800000, 0x0000000613400000| Untracked 
|  78|0x0000000613800000, 0x0000000613c00000, 0x0000000613c00000|100%| O|  |TAMS 0x0000000613c00000, 0x0000000613800000| Untracked 
|  79|0x0000000613c00000, 0x0000000614000000, 0x0000000614000000|100%| O|  |TAMS 0x0000000614000000, 0x0000000613c00000| Untracked 
|  80|0x0000000614000000, 0x0000000614400000, 0x0000000614400000|100%| O|  |TAMS 0x0000000614400000, 0x0000000614000000| Untracked 
|  81|0x0000000614400000, 0x0000000614800000, 0x0000000614800000|100%| O|  |TAMS 0x0000000614800000, 0x0000000614400000| Untracked 
|  82|0x0000000614800000, 0x0000000614c00000, 0x0000000614c00000|100%| O|  |TAMS 0x0000000614c00000, 0x0000000614800000| Untracked 
|  83|0x0000000614c00000, 0x0000000615000000, 0x0000000615000000|100%| O|  |TAMS 0x0000000615000000, 0x0000000614c00000| Untracked 
|  84|0x0000000615000000, 0x0000000615400000, 0x0000000615400000|100%| O|  |TAMS 0x0000000615400000, 0x0000000615000000| Untracked 
|  85|0x0000000615400000, 0x0000000615800000, 0x0000000615800000|100%| O|  |TAMS 0x0000000615800000, 0x0000000615400000| Untracked 
|  86|0x0000000615800000, 0x0000000615c00000, 0x0000000615c00000|100%| O|  |TAMS 0x0000000615c00000, 0x0000000615800000| Untracked 
|  87|0x0000000615c00000, 0x0000000616000000, 0x0000000616000000|100%| O|  |TAMS 0x0000000616000000, 0x0000000615c00000| Untracked 
|  88|0x0000000616000000, 0x0000000616400000, 0x0000000616400000|100%| O|  |TAMS 0x0000000616400000, 0x0000000616000000| Untracked 
|  89|0x0000000616400000, 0x0000000616800000, 0x0000000616800000|100%| O|  |TAMS 0x0000000616800000, 0x0000000616400000| Untracked 
|  90|0x0000000616800000, 0x0000000616c00000, 0x0000000616c00000|100%| O|  |TAMS 0x0000000616c00000, 0x0000000616800000| Untracked 
|  91|0x0000000616c00000, 0x0000000617000000, 0x0000000617000000|100%| O|  |TAMS 0x0000000617000000, 0x0000000616c00000| Untracked 
|  92|0x0000000617000000, 0x0000000617400000, 0x0000000617400000|100%| O|  |TAMS 0x0000000617400000, 0x0000000617000000| Untracked 
|  93|0x0000000617400000, 0x0000000617800000, 0x0000000617800000|100%| O|  |TAMS 0x0000000617800000, 0x0000000617400000| Untracked 
|  94|0x0000000617800000, 0x0000000617c00000, 0x0000000617c00000|100%| O|  |TAMS 0x0000000617c00000, 0x0000000617800000| Untracked 
|  95|0x0000000617c00000, 0x0000000618000000, 0x0000000618000000|100%| O|  |TAMS 0x0000000618000000, 0x0000000617c00000| Untracked 
|  96|0x0000000618000000, 0x0000000618400000, 0x0000000618400000|100%| O|  |TAMS 0x0000000618400000, 0x0000000618000000| Untracked 
|  97|0x0000000618400000, 0x0000000618800000, 0x0000000618800000|100%| O|  |TAMS 0x0000000618800000, 0x0000000618400000| Untracked 
|  98|0x0000000618800000, 0x0000000618c00000, 0x0000000618c00000|100%| O|  |TAMS 0x0000000618c00000, 0x0000000618800000| Untracked 
|  99|0x0000000618c00000, 0x0000000619000000, 0x0000000619000000|100%| O|  |TAMS 0x0000000619000000, 0x0000000618c00000| Untracked 
| 100|0x0000000619000000, 0x0000000619400000, 0x0000000619400000|100%| O|  |TAMS 0x0000000619400000, 0x0000000619000000| Untracked 
| 101|0x0000000619400000, 0x0000000619800000, 0x0000000619800000|100%| O|  |TAMS 0x0000000619800000, 0x0000000619400000| Untracked 
| 102|0x0000000619800000, 0x0000000619c00000, 0x0000000619c00000|100%| O|  |TAMS 0x0000000619c00000, 0x0000000619800000| Untracked 
| 103|0x0000000619c00000, 0x000000061a000000, 0x000000061a000000|100%| O|  |TAMS 0x000000061a000000, 0x0000000619c00000| Untracked 
| 104|0x000000061a000000, 0x000000061a400000, 0x000000061a400000|100%| O|  |TAMS 0x000000061a400000, 0x000000061a000000| Untracked 
| 105|0x000000061a400000, 0x000000061a800000, 0x000000061a800000|100%| O|  |TAMS 0x000000061a800000, 0x000000061a400000| Untracked 
| 106|0x000000061a800000, 0x000000061ac00000, 0x000000061ac00000|100%| O|  |TAMS 0x000000061ac00000, 0x000000061a800000| Untracked 
| 107|0x000000061ac00000, 0x000000061b000000, 0x000000061b000000|100%| O|  |TAMS 0x000000061b000000, 0x000000061ac00000| Untracked 
| 108|0x000000061b000000, 0x000000061b400000, 0x000000061b400000|100%| O|  |TAMS 0x000000061b400000, 0x000000061b000000| Untracked 
| 109|0x000000061b400000, 0x000000061b800000, 0x000000061b800000|100%| O|  |TAMS 0x000000061b800000, 0x000000061b400000| Untracked 
| 110|0x000000061b800000, 0x000000061bc00000, 0x000000061bc00000|100%| O|  |TAMS 0x000000061bc00000, 0x000000061b800000| Untracked 
| 111|0x000000061bc00000, 0x000000061c000000, 0x000000061c000000|100%| O|  |TAMS 0x000000061c000000, 0x000000061bc00000| Untracked 
| 112|0x000000061c000000, 0x000000061c400000, 0x000000061c400000|100%| O|  |TAMS 0x000000061c400000, 0x000000061c000000| Untracked 
| 113|0x000000061c400000, 0x000000061c800000, 0x000000061c800000|100%| O|  |TAMS 0x000000061c800000, 0x000000061c400000| Untracked 
| 114|0x000000061c800000, 0x000000061cc00000, 0x000000061cc00000|100%| O|  |TAMS 0x000000061cc00000, 0x000000061c800000| Untracked 
| 115|0x000000061cc00000, 0x000000061d000000, 0x000000061d000000|100%| O|  |TAMS 0x000000061d000000, 0x000000061cc00000| Untracked 
| 116|0x000000061d000000, 0x000000061d400000, 0x000000061d400000|100%| O|  |TAMS 0x000000061d000000, 0x000000061d000000| Untracked 
| 117|0x000000061d400000, 0x000000061d800000, 0x000000061d800000|100%| O|  |TAMS 0x000000061d800000, 0x000000061d400000| Untracked 
| 118|0x000000061d800000, 0x000000061dc00000, 0x000000061dc00000|100%|HS|  |TAMS 0x000000061dc00000, 0x000000061d800000| Complete 
| 119|0x000000061dc00000, 0x000000061e000000, 0x000000061e000000|100%|HS|  |TAMS 0x000000061e000000, 0x000000061dc00000| Complete 
| 120|0x000000061e000000, 0x000000061e400000, 0x000000061e400000|100%| O|  |TAMS 0x000000061e400000, 0x000000061e000000| Untracked 
| 121|0x000000061e400000, 0x000000061e800000, 0x000000061e800000|100%| O|  |TAMS 0x000000061e800000, 0x000000061e400000| Untracked 
| 122|0x000000061e800000, 0x000000061ec00000, 0x000000061ec00000|100%| O|  |TAMS 0x000000061ec00000, 0x000000061e800000| Untracked 
| 123|0x000000061ec00000, 0x000000061f000000, 0x000000061f000000|100%| O|  |TAMS 0x000000061f000000, 0x000000061ec00000| Untracked 
| 124|0x000000061f000000, 0x000000061f400000, 0x000000061f400000|100%| O|  |TAMS 0x000000061f400000, 0x000000061f000000| Untracked 
| 125|0x000000061f400000, 0x000000061f800000, 0x000000061f800000|100%| O|  |TAMS 0x000000061f800000, 0x000000061f400000| Untracked 
| 126|0x000000061f800000, 0x000000061fc00000, 0x000000061fc00000|100%| O|  |TAMS 0x000000061fc00000, 0x000000061f800000| Untracked 
| 127|0x000000061fc00000, 0x0000000620000000, 0x0000000620000000|100%| O|  |TAMS 0x0000000620000000, 0x000000061fc00000| Untracked 
| 128|0x0000000620000000, 0x0000000620400000, 0x0000000620400000|100%| O|  |TAMS 0x0000000620400000, 0x0000000620000000| Untracked 
| 129|0x0000000620400000, 0x0000000620800000, 0x0000000620800000|100%| O|  |TAMS 0x0000000620800000, 0x0000000620400000| Untracked 
| 130|0x0000000620800000, 0x0000000620c00000, 0x0000000620c00000|100%| O|  |TAMS 0x0000000620c00000, 0x0000000620800000| Untracked 
| 131|0x0000000620c00000, 0x0000000621000000, 0x0000000621000000|100%| O|  |TAMS 0x0000000621000000, 0x0000000620c00000| Untracked 
| 132|0x0000000621000000, 0x0000000621400000, 0x0000000621400000|100%| O|  |TAMS 0x0000000621400000, 0x0000000621000000| Untracked 
| 133|0x0000000621400000, 0x0000000621800000, 0x0000000621800000|100%| O|  |TAMS 0x0000000621400000, 0x0000000621400000| Untracked 
| 134|0x0000000621800000, 0x0000000621c00000, 0x0000000621c00000|100%| O|  |TAMS 0x0000000621c00000, 0x0000000621800000| Untracked 
| 135|0x0000000621c00000, 0x0000000622000000, 0x0000000622000000|100%| O|  |TAMS 0x0000000622000000, 0x0000000621c00000| Untracked 
| 136|0x0000000622000000, 0x0000000622400000, 0x0000000622400000|100%| O|  |TAMS 0x0000000622400000, 0x0000000622000000| Untracked 
| 137|0x0000000622400000, 0x0000000622800000, 0x0000000622800000|100%| O|  |TAMS 0x0000000622800000, 0x0000000622400000| Untracked 
| 138|0x0000000622800000, 0x0000000622c00000, 0x0000000622c00000|100%| O|  |TAMS 0x0000000622c00000, 0x0000000622800000| Untracked 
| 139|0x0000000622c00000, 0x0000000623000000, 0x0000000623000000|100%| O|  |TAMS 0x0000000623000000, 0x0000000622c00000| Untracked 
| 140|0x0000000623000000, 0x0000000623400000, 0x0000000623400000|100%| O|  |TAMS 0x0000000623400000, 0x0000000623000000| Untracked 
| 141|0x0000000623400000, 0x0000000623800000, 0x0000000623800000|100%| O|  |TAMS 0x0000000623800000, 0x0000000623400000| Untracked 
| 142|0x0000000623800000, 0x0000000623c00000, 0x0000000623c00000|100%| O|  |TAMS 0x0000000623c00000, 0x0000000623800000| Untracked 
| 143|0x0000000623c00000, 0x0000000624000000, 0x0000000624000000|100%| O|  |TAMS 0x0000000624000000, 0x0000000623c00000| Untracked 
| 144|0x0000000624000000, 0x0000000624400000, 0x0000000624400000|100%| O|  |TAMS 0x0000000624400000, 0x0000000624000000| Untracked 
| 145|0x0000000624400000, 0x0000000624800000, 0x0000000624800000|100%| O|  |TAMS 0x0000000624800000, 0x0000000624400000| Untracked 
| 146|0x0000000624800000, 0x0000000624c00000, 0x0000000624c00000|100%| O|  |TAMS 0x0000000624800000, 0x0000000624800000| Untracked 
| 147|0x0000000624c00000, 0x0000000625000000, 0x0000000625000000|100%| O|  |TAMS 0x0000000625000000, 0x0000000624c00000| Untracked 
| 148|0x0000000625000000, 0x0000000625400000, 0x0000000625400000|100%|HS|  |TAMS 0x0000000625400000, 0x0000000625000000| Complete 
| 149|0x0000000625400000, 0x0000000625800000, 0x0000000625800000|100%| O|  |TAMS 0x0000000625800000, 0x0000000625400000| Untracked 
| 150|0x0000000625800000, 0x0000000625c00000, 0x0000000625c00000|100%| O|  |TAMS 0x0000000625c00000, 0x0000000625800000| Untracked 
| 151|0x0000000625c00000, 0x0000000626000000, 0x0000000626000000|100%| O|  |TAMS 0x0000000626000000, 0x0000000625c00000| Untracked 
| 152|0x0000000626000000, 0x0000000626400000, 0x0000000626400000|100%| O|  |TAMS 0x0000000626400000, 0x0000000626000000| Untracked 
| 153|0x0000000626400000, 0x0000000626800000, 0x0000000626800000|100%| O|  |TAMS 0x0000000626800000, 0x0000000626400000| Untracked 
| 154|0x0000000626800000, 0x0000000626c00000, 0x0000000626c00000|100%| O|  |TAMS 0x0000000626c00000, 0x0000000626800000| Untracked 
| 155|0x0000000626c00000, 0x0000000627000000, 0x0000000627000000|100%| O|  |TAMS 0x0000000627000000, 0x0000000626c00000| Untracked 
| 156|0x0000000627000000, 0x0000000627400000, 0x0000000627400000|100%| O|  |TAMS 0x0000000627400000, 0x0000000627000000| Untracked 
| 157|0x0000000627400000, 0x0000000627800000, 0x0000000627800000|100%| O|  |TAMS 0x0000000627800000, 0x0000000627400000| Untracked 
| 158|0x0000000627800000, 0x0000000627c00000, 0x0000000627c00000|100%| O|  |TAMS 0x0000000627800000, 0x0000000627800000| Untracked 
| 159|0x0000000627c00000, 0x0000000628000000, 0x0000000628000000|100%| O|  |TAMS 0x0000000628000000, 0x0000000627c00000| Untracked 
| 160|0x0000000628000000, 0x0000000628400000, 0x0000000628400000|100%| O|  |TAMS 0x0000000628400000, 0x0000000628000000| Untracked 
| 161|0x0000000628400000, 0x0000000628800000, 0x0000000628800000|100%| O|  |TAMS 0x0000000628800000, 0x0000000628400000| Untracked 
| 162|0x0000000628800000, 0x0000000628c00000, 0x0000000628c00000|100%| O|  |TAMS 0x0000000628800000, 0x0000000628800000| Untracked 
| 163|0x0000000628c00000, 0x0000000629000000, 0x0000000629000000|100%| O|  |TAMS 0x0000000628c00000, 0x0000000628c00000| Untracked 
| 164|0x0000000629000000, 0x0000000629400000, 0x0000000629400000|100%| O|  |TAMS 0x0000000629400000, 0x0000000629000000| Untracked 
| 165|0x0000000629400000, 0x0000000629800000, 0x0000000629800000|100%| O|  |TAMS 0x0000000629800000, 0x0000000629400000| Untracked 
| 166|0x0000000629800000, 0x0000000629c00000, 0x0000000629c00000|100%| O|  |TAMS 0x0000000629c00000, 0x0000000629800000| Untracked 
| 167|0x0000000629c00000, 0x000000062a000000, 0x000000062a000000|100%| O|  |TAMS 0x000000062a000000, 0x0000000629c00000| Untracked 
| 168|0x000000062a000000, 0x000000062a400000, 0x000000062a400000|100%| O|  |TAMS 0x000000062a400000, 0x000000062a000000| Untracked 
| 169|0x000000062a400000, 0x000000062a800000, 0x000000062a800000|100%| O|  |TAMS 0x000000062a800000, 0x000000062a400000| Untracked 
| 170|0x000000062a800000, 0x000000062ac00000, 0x000000062ac00000|100%| O|  |TAMS 0x000000062ac00000, 0x000000062a800000| Untracked 
| 171|0x000000062ac00000, 0x000000062b000000, 0x000000062b000000|100%| O|  |TAMS 0x000000062b000000, 0x000000062ac00000| Untracked 
| 172|0x000000062b000000, 0x000000062b400000, 0x000000062b400000|100%| O|  |TAMS 0x000000062b400000, 0x000000062b000000| Untracked 
| 173|0x000000062b400000, 0x000000062b800000, 0x000000062b800000|100%| O|  |TAMS 0x000000062b800000, 0x000000062b400000| Untracked 
| 174|0x000000062b800000, 0x000000062bc00000, 0x000000062bc00000|100%| O|  |TAMS 0x000000062bc00000, 0x000000062b800000| Untracked 
| 175|0x000000062bc00000, 0x000000062c000000, 0x000000062c000000|100%| O|  |TAMS 0x000000062c000000, 0x000000062bc00000| Untracked 
| 176|0x000000062c000000, 0x000000062c400000, 0x000000062c400000|100%| O|  |TAMS 0x000000062c400000, 0x000000062c000000| Untracked 
| 177|0x000000062c400000, 0x000000062c800000, 0x000000062c800000|100%| O|  |TAMS 0x000000062c800000, 0x000000062c400000| Untracked 
| 178|0x000000062c800000, 0x000000062cc00000, 0x000000062cc00000|100%| O|  |TAMS 0x000000062cc00000, 0x000000062c800000| Untracked 
| 179|0x000000062cc00000, 0x000000062d000000, 0x000000062d000000|100%| O|  |TAMS 0x000000062d000000, 0x000000062cc00000| Untracked 
| 180|0x000000062d000000, 0x000000062d400000, 0x000000062d400000|100%| O|  |TAMS 0x000000062d400000, 0x000000062d000000| Untracked 
| 181|0x000000062d400000, 0x000000062d800000, 0x000000062d800000|100%| O|  |TAMS 0x000000062d800000, 0x000000062d400000| Untracked 
| 182|0x000000062d800000, 0x000000062dc00000, 0x000000062dc00000|100%| O|  |TAMS 0x000000062dc00000, 0x000000062d800000| Untracked 
| 183|0x000000062dc00000, 0x000000062e000000, 0x000000062e000000|100%| O|  |TAMS 0x000000062e000000, 0x000000062dc00000| Untracked 
| 184|0x000000062e000000, 0x000000062e400000, 0x000000062e400000|100%| O|  |TAMS 0x000000062e400000, 0x000000062e000000| Untracked 
| 185|0x000000062e400000, 0x000000062e800000, 0x000000062e800000|100%| O|  |TAMS 0x000000062e800000, 0x000000062e400000| Untracked 
| 186|0x000000062e800000, 0x000000062ec00000, 0x000000062ec00000|100%| O|  |TAMS 0x000000062ec00000, 0x000000062e800000| Untracked 
| 187|0x000000062ec00000, 0x000000062f000000, 0x000000062f000000|100%| O|  |TAMS 0x000000062f000000, 0x000000062ec00000| Untracked 
| 188|0x000000062f000000, 0x000000062f400000, 0x000000062f400000|100%| O|  |TAMS 0x000000062f400000, 0x000000062f000000| Untracked 
| 189|0x000000062f400000, 0x000000062f800000, 0x000000062f800000|100%| O|  |TAMS 0x000000062f800000, 0x000000062f400000| Untracked 
| 190|0x000000062f800000, 0x000000062fc00000, 0x000000062fc00000|100%|HS|  |TAMS 0x000000062fc00000, 0x000000062f800000| Complete 
| 191|0x000000062fc00000, 0x0000000630000000, 0x0000000630000000|100%|HC|  |TAMS 0x0000000630000000, 0x000000062fc00000| Complete 
| 192|0x0000000630000000, 0x0000000630400000, 0x0000000630400000|100%| O|  |TAMS 0x0000000630400000, 0x0000000630000000| Untracked 
| 193|0x0000000630400000, 0x0000000630800000, 0x0000000630800000|100%| O|  |TAMS 0x0000000630800000, 0x0000000630400000| Untracked 
| 194|0x0000000630800000, 0x0000000630c00000, 0x0000000630c00000|100%| O|  |TAMS 0x0000000630c00000, 0x0000000630800000| Untracked 
| 195|0x0000000630c00000, 0x0000000631000000, 0x0000000631000000|100%| O|  |TAMS 0x0000000631000000, 0x0000000630c00000| Untracked 
| 196|0x0000000631000000, 0x0000000631400000, 0x0000000631400000|100%| O|  |TAMS 0x0000000631400000, 0x0000000631000000| Untracked 
| 197|0x0000000631400000, 0x0000000631800000, 0x0000000631800000|100%| O|  |TAMS 0x0000000631800000, 0x0000000631400000| Untracked 
| 198|0x0000000631800000, 0x0000000631c00000, 0x0000000631c00000|100%| O|  |TAMS 0x0000000631c00000, 0x0000000631800000| Untracked 
| 199|0x0000000631c00000, 0x0000000632000000, 0x0000000632000000|100%| O|  |TAMS 0x0000000632000000, 0x0000000631c00000| Untracked 
| 200|0x0000000632000000, 0x0000000632400000, 0x0000000632400000|100%| O|  |TAMS 0x0000000632400000, 0x0000000632000000| Untracked 
| 201|0x0000000632400000, 0x0000000632800000, 0x0000000632800000|100%| O|  |TAMS 0x0000000632800000, 0x0000000632400000| Untracked 
| 202|0x0000000632800000, 0x0000000632c00000, 0x0000000632c00000|100%| O|  |TAMS 0x0000000632c00000, 0x0000000632800000| Untracked 
| 203|0x0000000632c00000, 0x0000000633000000, 0x0000000633000000|100%| O|  |TAMS 0x0000000633000000, 0x0000000632c00000| Untracked 
| 204|0x0000000633000000, 0x0000000633400000, 0x0000000633400000|100%| O|  |TAMS 0x0000000633400000, 0x0000000633000000| Untracked 
| 205|0x0000000633400000, 0x0000000633800000, 0x0000000633800000|100%| O|  |TAMS 0x0000000633800000, 0x0000000633400000| Untracked 
| 206|0x0000000633800000, 0x0000000633c00000, 0x0000000633c00000|100%| O|  |TAMS 0x0000000633c00000, 0x0000000633800000| Untracked 
| 207|0x0000000633c00000, 0x0000000634000000, 0x0000000634000000|100%| O|  |TAMS 0x0000000634000000, 0x0000000633c00000| Untracked 
| 208|0x0000000634000000, 0x0000000634400000, 0x0000000634400000|100%| O|  |TAMS 0x0000000634400000, 0x0000000634000000| Untracked 
| 209|0x0000000634400000, 0x0000000634800000, 0x0000000634800000|100%| O|  |TAMS 0x0000000634800000, 0x0000000634400000| Untracked 
| 210|0x0000000634800000, 0x0000000634c00000, 0x0000000634c00000|100%| O|  |TAMS 0x0000000634c00000, 0x0000000634800000| Untracked 
| 211|0x0000000634c00000, 0x0000000635000000, 0x0000000635000000|100%| O|  |TAMS 0x0000000635000000, 0x0000000634c00000| Untracked 
| 212|0x0000000635000000, 0x0000000635400000, 0x0000000635400000|100%| O|  |TAMS 0x0000000635400000, 0x0000000635000000| Untracked 
| 213|0x0000000635400000, 0x0000000635800000, 0x0000000635800000|100%| O|  |TAMS 0x0000000635800000, 0x0000000635400000| Untracked 
| 214|0x0000000635800000, 0x0000000635c00000, 0x0000000635c00000|100%| O|  |TAMS 0x0000000635c00000, 0x0000000635800000| Untracked 
| 215|0x0000000635c00000, 0x0000000636000000, 0x0000000636000000|100%| O|  |TAMS 0x0000000636000000, 0x0000000635c00000| Untracked 
| 216|0x0000000636000000, 0x0000000636400000, 0x0000000636400000|100%| O|  |TAMS 0x0000000636000000, 0x0000000636000000| Untracked 
| 217|0x0000000636400000, 0x0000000636800000, 0x0000000636800000|100%| O|  |TAMS 0x0000000636400000, 0x0000000636400000| Untracked 
| 218|0x0000000636800000, 0x0000000636c00000, 0x0000000636c00000|100%| O|  |TAMS 0x0000000636800000, 0x0000000636800000| Untracked 
| 219|0x0000000636c00000, 0x0000000637000000, 0x0000000637000000|100%| O|  |TAMS 0x0000000636c00000, 0x0000000636c00000| Untracked 
| 220|0x0000000637000000, 0x0000000637400000, 0x0000000637400000|100%| O|  |TAMS 0x0000000637000000, 0x0000000637000000| Untracked 
| 221|0x0000000637400000, 0x0000000637800000, 0x0000000637800000|100%| O|  |TAMS 0x0000000637400000, 0x0000000637400000| Untracked 
| 222|0x0000000637800000, 0x0000000637c00000, 0x0000000637c00000|100%| O|  |TAMS 0x0000000637800000, 0x0000000637800000| Untracked 
| 223|0x0000000637c00000, 0x0000000638000000, 0x0000000638000000|100%| O|  |TAMS 0x0000000637c00000, 0x0000000637c00000| Untracked 
| 224|0x0000000638000000, 0x0000000638400000, 0x0000000638400000|100%| O|  |TAMS 0x0000000638000000, 0x0000000638000000| Untracked 
| 225|0x0000000638400000, 0x0000000638800000, 0x0000000638800000|100%| O|  |TAMS 0x0000000638400000, 0x0000000638400000| Untracked 
| 226|0x0000000638800000, 0x0000000638c00000, 0x0000000638c00000|100%| O|  |TAMS 0x0000000638800000, 0x0000000638800000| Untracked 
| 227|0x0000000638c00000, 0x0000000639000000, 0x0000000639000000|100%| O|  |TAMS 0x0000000638c00000, 0x0000000638c00000| Untracked 
| 228|0x0000000639000000, 0x0000000639400000, 0x0000000639400000|100%| O|  |TAMS 0x0000000639000000, 0x0000000639000000| Untracked 
| 229|0x0000000639400000, 0x0000000639800000, 0x0000000639800000|100%| O|  |TAMS 0x0000000639400000, 0x0000000639400000| Untracked 
| 230|0x0000000639800000, 0x0000000639c00000, 0x0000000639c00000|100%| O|  |TAMS 0x0000000639800000, 0x0000000639800000| Untracked 
| 231|0x0000000639c00000, 0x000000063a000000, 0x000000063a000000|100%| O|  |TAMS 0x0000000639c00000, 0x0000000639c00000| Untracked 
| 232|0x000000063a000000, 0x000000063a400000, 0x000000063a400000|100%| O|  |TAMS 0x000000063a000000, 0x000000063a000000| Untracked 
| 233|0x000000063a400000, 0x000000063a800000, 0x000000063a800000|100%| O|  |TAMS 0x000000063a400000, 0x000000063a400000| Untracked 
| 234|0x000000063a800000, 0x000000063ac00000, 0x000000063ac00000|100%| O|  |TAMS 0x000000063a800000, 0x000000063a800000| Untracked 
| 235|0x000000063ac00000, 0x000000063b000000, 0x000000063b000000|100%| O|  |TAMS 0x000000063ac00000, 0x000000063ac00000| Untracked 
| 236|0x000000063b000000, 0x000000063b400000, 0x000000063b400000|100%| O|  |TAMS 0x000000063b000000, 0x000000063b000000| Untracked 
| 237|0x000000063b400000, 0x000000063b800000, 0x000000063b800000|100%| O|  |TAMS 0x000000063b400000, 0x000000063b400000| Untracked 
| 238|0x000000063b800000, 0x000000063bc00000, 0x000000063bc00000|100%| O|  |TAMS 0x000000063b800000, 0x000000063b800000| Untracked 
| 239|0x000000063bc00000, 0x000000063c000000, 0x000000063c000000|100%| O|  |TAMS 0x000000063bc00000, 0x000000063bc00000| Untracked 
| 240|0x000000063c000000, 0x000000063c400000, 0x000000063c400000|100%| O|  |TAMS 0x000000063c000000, 0x000000063c000000| Untracked 
| 241|0x000000063c400000, 0x000000063c800000, 0x000000063c800000|100%| O|  |TAMS 0x000000063c400000, 0x000000063c400000| Untracked 
| 242|0x000000063c800000, 0x000000063cc00000, 0x000000063cc00000|100%| O|  |TAMS 0x000000063c800000, 0x000000063c800000| Untracked 
| 243|0x000000063cc00000, 0x000000063d000000, 0x000000063d000000|100%| O|  |TAMS 0x000000063cc00000, 0x000000063cc00000| Untracked 
| 244|0x000000063d000000, 0x000000063d400000, 0x000000063d400000|100%| O|  |TAMS 0x000000063d000000, 0x000000063d000000| Untracked 
| 245|0x000000063d400000, 0x000000063d800000, 0x000000063d800000|100%| O|  |TAMS 0x000000063d400000, 0x000000063d400000| Untracked 
| 246|0x000000063d800000, 0x000000063dc00000, 0x000000063dc00000|100%| O|  |TAMS 0x000000063d800000, 0x000000063d800000| Untracked 
| 247|0x000000063dc00000, 0x000000063e000000, 0x000000063e000000|100%| O|  |TAMS 0x000000063dc00000, 0x000000063dc00000| Untracked 
| 248|0x000000063e000000, 0x000000063e400000, 0x000000063e400000|100%| O|  |TAMS 0x000000063e000000, 0x000000063e000000| Untracked 
| 249|0x000000063e400000, 0x000000063e800000, 0x000000063e800000|100%| O|  |TAMS 0x000000063e400000, 0x000000063e400000| Untracked 
| 250|0x000000063e800000, 0x000000063ec00000, 0x000000063ec00000|100%| O|  |TAMS 0x000000063e800000, 0x000000063e800000| Untracked 
| 251|0x000000063ec00000, 0x000000063f000000, 0x000000063f000000|100%| O|  |TAMS 0x000000063ec00000, 0x000000063ec00000| Untracked 
| 252|0x000000063f000000, 0x000000063f400000, 0x000000063f400000|100%| O|  |TAMS 0x000000063f000000, 0x000000063f000000| Untracked 
| 253|0x000000063f400000, 0x000000063f800000, 0x000000063f800000|100%| O|  |TAMS 0x000000063f400000, 0x000000063f400000| Untracked 
| 254|0x000000063f800000, 0x000000063fc00000, 0x000000063fc00000|100%| O|  |TAMS 0x000000063f800000, 0x000000063f800000| Untracked 
| 255|0x000000063fc00000, 0x0000000640000000, 0x0000000640000000|100%| O|  |TAMS 0x000000063fc00000, 0x000000063fc00000| Untracked 
| 256|0x0000000640000000, 0x0000000640400000, 0x0000000640400000|100%| O|  |TAMS 0x0000000640000000, 0x0000000640000000| Untracked 
| 257|0x0000000640400000, 0x0000000640800000, 0x0000000640800000|100%| O|  |TAMS 0x0000000640400000, 0x0000000640400000| Untracked 
| 258|0x0000000640800000, 0x0000000640c00000, 0x0000000640c00000|100%| O|  |TAMS 0x0000000640800000, 0x0000000640800000| Untracked 
| 259|0x0000000640c00000, 0x0000000641000000, 0x0000000641000000|100%| O|  |TAMS 0x0000000640c00000, 0x0000000640c00000| Untracked 
| 260|0x0000000641000000, 0x0000000641400000, 0x0000000641400000|100%| O|  |TAMS 0x0000000641000000, 0x0000000641000000| Untracked 
| 261|0x0000000641400000, 0x0000000641800000, 0x0000000641800000|100%| O|  |TAMS 0x0000000641400000, 0x0000000641400000| Untracked 
| 262|0x0000000641800000, 0x0000000641c00000, 0x0000000641c00000|100%| O|  |TAMS 0x0000000641800000, 0x0000000641800000| Untracked 
| 263|0x0000000641c00000, 0x0000000642000000, 0x0000000642000000|100%| O|  |TAMS 0x0000000641c00000, 0x0000000641c00000| Untracked 
| 264|0x0000000642000000, 0x0000000642400000, 0x0000000642400000|100%| O|  |TAMS 0x0000000642000000, 0x0000000642000000| Untracked 
| 265|0x0000000642400000, 0x0000000642800000, 0x0000000642800000|100%| O|  |TAMS 0x0000000642400000, 0x0000000642400000| Untracked 
| 266|0x0000000642800000, 0x0000000642c00000, 0x0000000642c00000|100%| O|  |TAMS 0x0000000642800000, 0x0000000642800000| Untracked 
| 267|0x0000000642c00000, 0x0000000643000000, 0x0000000643000000|100%| O|  |TAMS 0x0000000642c00000, 0x0000000642c00000| Untracked 
| 268|0x0000000643000000, 0x0000000643400000, 0x0000000643400000|100%| O|  |TAMS 0x0000000643000000, 0x0000000643000000| Untracked 
| 269|0x0000000643400000, 0x0000000643800000, 0x0000000643800000|100%| O|  |TAMS 0x0000000643400000, 0x0000000643400000| Untracked 
| 270|0x0000000643800000, 0x0000000643c00000, 0x0000000643c00000|100%| O|  |TAMS 0x0000000643800000, 0x0000000643800000| Untracked 
| 271|0x0000000643c00000, 0x0000000644000000, 0x0000000644000000|100%| O|  |TAMS 0x0000000643c00000, 0x0000000643c00000| Untracked 
| 272|0x0000000644000000, 0x0000000644400000, 0x0000000644400000|100%| O|  |TAMS 0x0000000644000000, 0x0000000644000000| Untracked 
| 273|0x0000000644400000, 0x0000000644800000, 0x0000000644800000|100%| O|  |TAMS 0x0000000644400000, 0x0000000644400000| Untracked 
| 274|0x0000000644800000, 0x0000000644c00000, 0x0000000644c00000|100%| O|  |TAMS 0x0000000644800000, 0x0000000644800000| Untracked 
| 275|0x0000000644c00000, 0x0000000645000000, 0x0000000645000000|100%| O|  |TAMS 0x0000000644c00000, 0x0000000644c00000| Untracked 
| 276|0x0000000645000000, 0x0000000645400000, 0x0000000645400000|100%| O|  |TAMS 0x0000000645000000, 0x0000000645000000| Untracked 
| 277|0x0000000645400000, 0x0000000645800000, 0x0000000645800000|100%| O|  |TAMS 0x0000000645400000, 0x0000000645400000| Untracked 
| 278|0x0000000645800000, 0x0000000645c00000, 0x0000000645c00000|100%| O|  |TAMS 0x0000000645800000, 0x0000000645800000| Untracked 
| 279|0x0000000645c00000, 0x0000000646000000, 0x0000000646000000|100%| O|  |TAMS 0x0000000645c00000, 0x0000000645c00000| Untracked 
| 280|0x0000000646000000, 0x0000000646400000, 0x0000000646400000|100%| O|  |TAMS 0x0000000646000000, 0x0000000646000000| Untracked 
| 281|0x0000000646400000, 0x0000000646800000, 0x0000000646800000|100%| O|  |TAMS 0x0000000646400000, 0x0000000646400000| Untracked 
| 282|0x0000000646800000, 0x0000000646c00000, 0x0000000646c00000|100%| O|  |TAMS 0x0000000646800000, 0x0000000646800000| Untracked 
| 283|0x0000000646c00000, 0x0000000647000000, 0x0000000647000000|100%| O|  |TAMS 0x0000000646c00000, 0x0000000646c00000| Untracked 
| 284|0x0000000647000000, 0x0000000647400000, 0x0000000647400000|100%| O|  |TAMS 0x0000000647000000, 0x0000000647000000| Untracked 
| 285|0x0000000647400000, 0x0000000647800000, 0x0000000647800000|100%| O|  |TAMS 0x0000000647400000, 0x0000000647400000| Untracked 
| 286|0x0000000647800000, 0x0000000647c00000, 0x0000000647c00000|100%| O|  |TAMS 0x0000000647800000, 0x0000000647800000| Untracked 
| 287|0x0000000647c00000, 0x0000000648000000, 0x0000000648000000|100%| O|  |TAMS 0x0000000647c00000, 0x0000000647c00000| Untracked 
| 288|0x0000000648000000, 0x0000000648400000, 0x0000000648400000|100%| O|  |TAMS 0x0000000648000000, 0x0000000648000000| Untracked 
| 289|0x0000000648400000, 0x0000000648800000, 0x0000000648800000|100%| O|  |TAMS 0x0000000648400000, 0x0000000648400000| Untracked 
| 290|0x0000000648800000, 0x0000000648c00000, 0x0000000648c00000|100%| O|  |TAMS 0x0000000648800000, 0x0000000648800000| Untracked 
| 291|0x0000000648c00000, 0x0000000649000000, 0x0000000649000000|100%| O|  |TAMS 0x0000000648c00000, 0x0000000648c00000| Untracked 
| 292|0x0000000649000000, 0x0000000649400000, 0x0000000649400000|100%| O|  |TAMS 0x0000000649000000, 0x0000000649000000| Untracked 
| 293|0x0000000649400000, 0x0000000649800000, 0x0000000649800000|100%| O|  |TAMS 0x0000000649400000, 0x0000000649400000| Untracked 
| 294|0x0000000649800000, 0x0000000649c00000, 0x0000000649c00000|100%| O|  |TAMS 0x0000000649800000, 0x0000000649800000| Untracked 
| 295|0x0000000649c00000, 0x000000064a000000, 0x000000064a000000|100%| O|  |TAMS 0x0000000649c00000, 0x0000000649c00000| Untracked 
| 296|0x000000064a000000, 0x000000064a400000, 0x000000064a400000|100%| O|  |TAMS 0x000000064a000000, 0x000000064a000000| Untracked 
| 297|0x000000064a400000, 0x000000064a800000, 0x000000064a800000|100%| O|  |TAMS 0x000000064a400000, 0x000000064a400000| Untracked 
| 298|0x000000064a800000, 0x000000064ac00000, 0x000000064ac00000|100%| O|  |TAMS 0x000000064a800000, 0x000000064a800000| Untracked 
| 299|0x000000064ac00000, 0x000000064b000000, 0x000000064b000000|100%| O|  |TAMS 0x000000064ac00000, 0x000000064ac00000| Untracked 
| 300|0x000000064b000000, 0x000000064b400000, 0x000000064b400000|100%| O|  |TAMS 0x000000064b000000, 0x000000064b000000| Untracked 
| 301|0x000000064b400000, 0x000000064b800000, 0x000000064b800000|100%| O|  |TAMS 0x000000064b400000, 0x000000064b400000| Untracked 
| 302|0x000000064b800000, 0x000000064bc00000, 0x000000064bc00000|100%| O|  |TAMS 0x000000064b800000, 0x000000064b800000| Untracked 
| 303|0x000000064bc00000, 0x000000064c000000, 0x000000064c000000|100%| O|  |TAMS 0x000000064bc00000, 0x000000064bc00000| Untracked 
| 304|0x000000064c000000, 0x000000064c400000, 0x000000064c400000|100%| O|  |TAMS 0x000000064c000000, 0x000000064c000000| Untracked 
| 305|0x000000064c400000, 0x000000064c800000, 0x000000064c800000|100%| O|  |TAMS 0x000000064c400000, 0x000000064c400000| Untracked 
| 306|0x000000064c800000, 0x000000064cc00000, 0x000000064cc00000|100%| O|  |TAMS 0x000000064c800000, 0x000000064c800000| Untracked 
| 307|0x000000064cc00000, 0x000000064d000000, 0x000000064d000000|100%| O|  |TAMS 0x000000064cc00000, 0x000000064cc00000| Untracked 
| 308|0x000000064d000000, 0x000000064d400000, 0x000000064d400000|100%| O|  |TAMS 0x000000064d000000, 0x000000064d000000| Untracked 
| 309|0x000000064d400000, 0x000000064d800000, 0x000000064d800000|100%| O|  |TAMS 0x000000064d400000, 0x000000064d400000| Untracked 
| 310|0x000000064d800000, 0x000000064dc00000, 0x000000064dc00000|100%| O|  |TAMS 0x000000064d800000, 0x000000064d800000| Untracked 
| 311|0x000000064dc00000, 0x000000064e000000, 0x000000064e000000|100%|HS|  |TAMS 0x000000064dc00000, 0x000000064dc00000| Complete 
| 312|0x000000064e000000, 0x000000064e400000, 0x000000064e400000|100%|HS|  |TAMS 0x000000064e000000, 0x000000064e000000| Complete 
| 313|0x000000064e400000, 0x000000064e800000, 0x000000064e800000|100%|HS|  |TAMS 0x000000064e400000, 0x000000064e400000| Complete 
| 314|0x000000064e800000, 0x000000064ec00000, 0x000000064ec00000|100%|HS|  |TAMS 0x000000064e800000, 0x000000064e800000| Complete 
| 315|0x000000064ec00000, 0x000000064f000000, 0x000000064f000000|100%|HC|  |TAMS 0x000000064ec00000, 0x000000064ec00000| Complete 
| 316|0x000000064f000000, 0x000000064f400000, 0x000000064f400000|100%| O|  |TAMS 0x000000064f000000, 0x000000064f000000| Untracked 
| 317|0x000000064f400000, 0x000000064f800000, 0x000000064f800000|100%| O|  |TAMS 0x000000064f400000, 0x000000064f400000| Untracked 
| 318|0x000000064f800000, 0x000000064fc00000, 0x000000064fc00000|100%| O|  |TAMS 0x000000064f800000, 0x000000064f800000| Untracked 
| 319|0x000000064fc00000, 0x0000000650000000, 0x0000000650000000|100%| O|  |TAMS 0x000000064fc00000, 0x000000064fc00000| Untracked 
| 320|0x0000000650000000, 0x0000000650400000, 0x0000000650400000|100%| O|  |TAMS 0x0000000650000000, 0x0000000650000000| Untracked 
| 321|0x0000000650400000, 0x0000000650800000, 0x0000000650800000|100%| O|  |TAMS 0x0000000650400000, 0x0000000650400000| Untracked 
| 322|0x0000000650800000, 0x0000000650c00000, 0x0000000650c00000|100%| O|  |TAMS 0x0000000650800000, 0x0000000650800000| Untracked 
| 323|0x0000000650c00000, 0x0000000651000000, 0x0000000651000000|100%| O|  |TAMS 0x0000000650c00000, 0x0000000650c00000| Untracked 
| 324|0x0000000651000000, 0x0000000651400000, 0x0000000651400000|100%| O|  |TAMS 0x0000000651000000, 0x0000000651000000| Untracked 
| 325|0x0000000651400000, 0x0000000651800000, 0x0000000651800000|100%| O|  |TAMS 0x0000000651400000, 0x0000000651400000| Untracked 
| 326|0x0000000651800000, 0x0000000651c00000, 0x0000000651c00000|100%| O|  |TAMS 0x0000000651800000, 0x0000000651800000| Untracked 
| 327|0x0000000651c00000, 0x0000000652000000, 0x0000000652000000|100%| O|  |TAMS 0x0000000651c00000, 0x0000000651c00000| Untracked 
| 328|0x0000000652000000, 0x0000000652400000, 0x0000000652400000|100%| O|  |TAMS 0x0000000652000000, 0x0000000652000000| Untracked 
| 329|0x0000000652400000, 0x0000000652800000, 0x0000000652800000|100%| O|  |TAMS 0x0000000652400000, 0x0000000652400000| Untracked 
| 330|0x0000000652800000, 0x0000000652c00000, 0x0000000652c00000|100%| O|  |TAMS 0x0000000652800000, 0x0000000652800000| Untracked 
| 331|0x0000000652c00000, 0x0000000653000000, 0x0000000653000000|100%| O|  |TAMS 0x0000000652c00000, 0x0000000652c00000| Untracked 
| 332|0x0000000653000000, 0x0000000653400000, 0x0000000653400000|100%| O|  |TAMS 0x0000000653000000, 0x0000000653000000| Untracked 
| 333|0x0000000653400000, 0x0000000653800000, 0x0000000653800000|100%| O|  |TAMS 0x0000000653400000, 0x0000000653400000| Untracked 
| 334|0x0000000653800000, 0x0000000653c00000, 0x0000000653c00000|100%| O|  |TAMS 0x0000000653800000, 0x0000000653800000| Untracked 
| 335|0x0000000653c00000, 0x0000000654000000, 0x0000000654000000|100%| O|  |TAMS 0x0000000653c00000, 0x0000000653c00000| Untracked 
| 336|0x0000000654000000, 0x0000000654400000, 0x0000000654400000|100%| O|  |TAMS 0x0000000654000000, 0x0000000654000000| Untracked 
| 337|0x0000000654400000, 0x0000000654800000, 0x0000000654800000|100%| O|  |TAMS 0x0000000654400000, 0x0000000654400000| Untracked 
| 338|0x0000000654800000, 0x0000000654c00000, 0x0000000654c00000|100%| O|  |TAMS 0x0000000654800000, 0x0000000654800000| Untracked 
| 339|0x0000000654c00000, 0x0000000655000000, 0x0000000655000000|100%| O|  |TAMS 0x0000000654c00000, 0x0000000654c00000| Untracked 
| 340|0x0000000655000000, 0x0000000655400000, 0x0000000655400000|100%| O|  |TAMS 0x0000000655000000, 0x0000000655000000| Untracked 
| 341|0x0000000655400000, 0x0000000655800000, 0x0000000655800000|100%| O|  |TAMS 0x0000000655400000, 0x0000000655400000| Untracked 
| 342|0x0000000655800000, 0x0000000655c00000, 0x0000000655c00000|100%| O|  |TAMS 0x0000000655800000, 0x0000000655800000| Untracked 
| 343|0x0000000655c00000, 0x0000000656000000, 0x0000000656000000|100%| O|  |TAMS 0x0000000655c00000, 0x0000000655c00000| Untracked 
| 344|0x0000000656000000, 0x0000000656400000, 0x0000000656400000|100%| O|  |TAMS 0x0000000656000000, 0x0000000656000000| Untracked 
| 345|0x0000000656400000, 0x0000000656800000, 0x0000000656800000|100%| O|  |TAMS 0x0000000656400000, 0x0000000656400000| Untracked 
| 346|0x0000000656800000, 0x0000000656c00000, 0x0000000656c00000|100%| O|  |TAMS 0x0000000656800000, 0x0000000656800000| Untracked 
| 347|0x0000000656c00000, 0x0000000657000000, 0x0000000657000000|100%| O|  |TAMS 0x0000000656c00000, 0x0000000656c00000| Untracked 
| 348|0x0000000657000000, 0x0000000657400000, 0x0000000657400000|100%| O|  |TAMS 0x0000000657000000, 0x0000000657000000| Untracked 
| 349|0x0000000657400000, 0x0000000657800000, 0x0000000657800000|100%| O|  |TAMS 0x0000000657400000, 0x0000000657400000| Untracked 
| 350|0x0000000657800000, 0x0000000657c00000, 0x0000000657c00000|100%| O|  |TAMS 0x0000000657800000, 0x0000000657800000| Untracked 
| 351|0x0000000657c00000, 0x0000000658000000, 0x0000000658000000|100%| O|  |TAMS 0x0000000657c00000, 0x0000000657c00000| Untracked 
| 352|0x0000000658000000, 0x0000000658400000, 0x0000000658400000|100%| O|  |TAMS 0x0000000658000000, 0x0000000658000000| Untracked 
| 353|0x0000000658400000, 0x0000000658800000, 0x0000000658800000|100%| O|  |TAMS 0x0000000658400000, 0x0000000658400000| Untracked 
| 354|0x0000000658800000, 0x0000000658c00000, 0x0000000658c00000|100%| O|  |TAMS 0x0000000658800000, 0x0000000658800000| Untracked 
| 355|0x0000000658c00000, 0x0000000659000000, 0x0000000659000000|100%| O|  |TAMS 0x0000000658c00000, 0x0000000658c00000| Untracked 
| 356|0x0000000659000000, 0x0000000659400000, 0x0000000659400000|100%| O|  |TAMS 0x0000000659000000, 0x0000000659000000| Untracked 
| 357|0x0000000659400000, 0x0000000659800000, 0x0000000659800000|100%| O|  |TAMS 0x0000000659400000, 0x0000000659400000| Untracked 
| 358|0x0000000659800000, 0x0000000659c00000, 0x0000000659c00000|100%| O|  |TAMS 0x0000000659800000, 0x0000000659800000| Untracked 
| 359|0x0000000659c00000, 0x000000065a000000, 0x000000065a000000|100%| O|  |TAMS 0x0000000659c00000, 0x0000000659c00000| Untracked 
| 360|0x000000065a000000, 0x000000065a400000, 0x000000065a400000|100%| O|  |TAMS 0x000000065a000000, 0x000000065a000000| Untracked 
| 361|0x000000065a400000, 0x000000065a800000, 0x000000065a800000|100%|HS|  |TAMS 0x000000065a400000, 0x000000065a400000| Complete 
| 362|0x000000065a800000, 0x000000065ac00000, 0x000000065ac00000|100%| O|  |TAMS 0x000000065a800000, 0x000000065a800000| Untracked 
| 363|0x000000065ac00000, 0x000000065b000000, 0x000000065b000000|100%| O|  |TAMS 0x000000065ac00000, 0x000000065ac00000| Untracked 
| 364|0x000000065b000000, 0x000000065b400000, 0x000000065b400000|100%| O|  |TAMS 0x000000065b000000, 0x000000065b000000| Untracked 
| 365|0x000000065b400000, 0x000000065b800000, 0x000000065b800000|100%| O|  |TAMS 0x000000065b400000, 0x000000065b400000| Untracked 
| 366|0x000000065b800000, 0x000000065bc00000, 0x000000065bc00000|100%| O|  |TAMS 0x000000065b800000, 0x000000065b800000| Untracked 
| 367|0x000000065bc00000, 0x000000065c000000, 0x000000065c000000|100%|HS|  |TAMS 0x000000065bc00000, 0x000000065bc00000| Complete 
| 368|0x000000065c000000, 0x000000065c400000, 0x000000065c400000|100%|HC|  |TAMS 0x000000065c000000, 0x000000065c000000| Complete 
| 369|0x000000065c400000, 0x000000065c800000, 0x000000065c800000|100%|HS|  |TAMS 0x000000065c400000, 0x000000065c400000| Complete 
| 370|0x000000065c800000, 0x000000065cc00000, 0x000000065cc00000|100%|HC|  |TAMS 0x000000065c800000, 0x000000065c800000| Complete 
| 371|0x000000065cc00000, 0x000000065d000000, 0x000000065d000000|100%|HC|  |TAMS 0x000000065cc00000, 0x000000065cc00000| Complete 
| 372|0x000000065d000000, 0x000000065d400000, 0x000000065d400000|100%|HC|  |TAMS 0x000000065d000000, 0x000000065d000000| Complete 
| 373|0x000000065d400000, 0x000000065d800000, 0x000000065d800000|100%|HC|  |TAMS 0x000000065d400000, 0x000000065d400000| Complete 
| 374|0x000000065d800000, 0x000000065dc00000, 0x000000065dc00000|100%| O|  |TAMS 0x000000065d800000, 0x000000065d800000| Untracked 
| 375|0x000000065dc00000, 0x000000065e000000, 0x000000065e000000|100%| O|  |TAMS 0x000000065dc00000, 0x000000065dc00000| Untracked 
| 376|0x000000065e000000, 0x000000065e400000, 0x000000065e400000|100%| O|  |TAMS 0x000000065e000000, 0x000000065e000000| Untracked 
| 377|0x000000065e400000, 0x000000065e800000, 0x000000065e800000|100%|HS|  |TAMS 0x000000065e400000, 0x000000065e400000| Complete 
| 378|0x000000065e800000, 0x000000065ec00000, 0x000000065ec00000|100%|HC|  |TAMS 0x000000065e800000, 0x000000065e800000| Complete 
| 379|0x000000065ec00000, 0x000000065f000000, 0x000000065f000000|100%|HC|  |TAMS 0x000000065ec00000, 0x000000065ec00000| Complete 
| 380|0x000000065f000000, 0x000000065f400000, 0x000000065f400000|100%|HC|  |TAMS 0x000000065f000000, 0x000000065f000000| Complete 
| 381|0x000000065f400000, 0x000000065f800000, 0x000000065f800000|100%|HS|  |TAMS 0x000000065f400000, 0x000000065f400000| Complete 
| 382|0x000000065f800000, 0x000000065fc00000, 0x000000065fc00000|100%|HC|  |TAMS 0x000000065f800000, 0x000000065f800000| Complete 
| 383|0x000000065fc00000, 0x0000000660000000, 0x0000000660000000|100%|HC|  |TAMS 0x000000065fc00000, 0x000000065fc00000| Complete 
| 384|0x0000000660000000, 0x0000000660400000, 0x0000000660400000|100%| O|  |TAMS 0x0000000660000000, 0x0000000660000000| Untracked 
| 385|0x0000000660400000, 0x0000000660800000, 0x0000000660800000|100%| O|  |TAMS 0x0000000660400000, 0x0000000660400000| Untracked 
| 386|0x0000000660800000, 0x0000000660c00000, 0x0000000660c00000|100%| O|  |TAMS 0x0000000660800000, 0x0000000660800000| Untracked 
| 387|0x0000000660c00000, 0x0000000661000000, 0x0000000661000000|100%| O|  |TAMS 0x0000000660c00000, 0x0000000660c00000| Untracked 
| 388|0x0000000661000000, 0x0000000661400000, 0x0000000661400000|100%| O|  |TAMS 0x0000000661000000, 0x0000000661000000| Untracked 
| 389|0x0000000661400000, 0x0000000661800000, 0x0000000661800000|100%| O|  |TAMS 0x0000000661400000, 0x0000000661400000| Untracked 
| 390|0x0000000661800000, 0x0000000661c00000, 0x0000000661c00000|100%| O|  |TAMS 0x0000000661800000, 0x0000000661800000| Untracked 
| 391|0x0000000661c00000, 0x0000000662000000, 0x0000000662000000|100%| O|  |TAMS 0x0000000661c00000, 0x0000000661c00000| Untracked 
| 392|0x0000000662000000, 0x0000000662400000, 0x0000000662400000|100%| O|  |TAMS 0x0000000662000000, 0x0000000662000000| Untracked 
| 393|0x0000000662400000, 0x0000000662800000, 0x0000000662800000|100%| O|  |TAMS 0x0000000662400000, 0x0000000662400000| Untracked 
| 394|0x0000000662800000, 0x0000000662c00000, 0x0000000662c00000|100%| O|  |TAMS 0x0000000662800000, 0x0000000662800000| Untracked 
| 395|0x0000000662c00000, 0x0000000663000000, 0x0000000663000000|100%| O|  |TAMS 0x0000000662c00000, 0x0000000662c00000| Untracked 
| 396|0x0000000663000000, 0x0000000663400000, 0x0000000663400000|100%| O|  |TAMS 0x0000000663000000, 0x0000000663000000| Untracked 
| 397|0x0000000663400000, 0x0000000663800000, 0x0000000663800000|100%| O|  |TAMS 0x0000000663400000, 0x0000000663400000| Untracked 
| 398|0x0000000663800000, 0x0000000663c00000, 0x0000000663c00000|100%| O|  |TAMS 0x0000000663800000, 0x0000000663800000| Untracked 
| 399|0x0000000663c00000, 0x0000000664000000, 0x0000000664000000|100%| O|  |TAMS 0x0000000663c00000, 0x0000000663c00000| Untracked 
| 400|0x0000000664000000, 0x0000000664400000, 0x0000000664400000|100%| O|  |TAMS 0x0000000664000000, 0x0000000664000000| Untracked 
| 401|0x0000000664400000, 0x0000000664800000, 0x0000000664800000|100%| O|  |TAMS 0x0000000664400000, 0x0000000664400000| Untracked 
| 402|0x0000000664800000, 0x0000000664c00000, 0x0000000664c00000|100%| O|  |TAMS 0x0000000664800000, 0x0000000664800000| Untracked 
| 403|0x0000000664c00000, 0x0000000665000000, 0x0000000665000000|100%|HS|  |TAMS 0x0000000664c00000, 0x0000000664c00000| Complete 
| 404|0x0000000665000000, 0x0000000665000000, 0x0000000665400000|  0%| F|  |TAMS 0x0000000665000000, 0x0000000665000000| Untracked 
| 405|0x0000000665400000, 0x0000000665400000, 0x0000000665800000|  0%| F|  |TAMS 0x0000000665400000, 0x0000000665400000| Untracked 
| 406|0x0000000665800000, 0x0000000665800000, 0x0000000665c00000|  0%| F|  |TAMS 0x0000000665800000, 0x0000000665800000| Untracked 
| 407|0x0000000665c00000, 0x0000000665c00000, 0x0000000666000000|  0%| F|  |TAMS 0x0000000665c00000, 0x0000000665c00000| Untracked 
| 408|0x0000000666000000, 0x0000000666400000, 0x0000000666400000|100%|HS|  |TAMS 0x0000000666000000, 0x0000000666000000| Complete 
| 409|0x0000000666400000, 0x0000000666800000, 0x0000000666800000|100%|HC|  |TAMS 0x0000000666400000, 0x0000000666400000| Complete 
| 410|0x0000000666800000, 0x0000000666c00000, 0x0000000666c00000|100%|HC|  |TAMS 0x0000000666800000, 0x0000000666800000| Complete 
| 411|0x0000000666c00000, 0x0000000667000000, 0x0000000667000000|100%| O|  |TAMS 0x0000000666c00000, 0x0000000666c00000| Untracked 
| 412|0x0000000667000000, 0x0000000667400000, 0x0000000667400000|100%| O|  |TAMS 0x0000000667000000, 0x0000000667000000| Untracked 
| 413|0x0000000667400000, 0x0000000667800000, 0x0000000667800000|100%| O|  |TAMS 0x0000000667400000, 0x0000000667400000| Untracked 
| 414|0x0000000667800000, 0x0000000667c00000, 0x0000000667c00000|100%| O|  |TAMS 0x0000000667800000, 0x0000000667800000| Untracked 
| 415|0x0000000667c00000, 0x0000000668000000, 0x0000000668000000|100%| O|  |TAMS 0x0000000667c00000, 0x0000000667c00000| Untracked 
| 416|0x0000000668000000, 0x0000000668400000, 0x0000000668400000|100%| O|  |TAMS 0x0000000668000000, 0x0000000668000000| Untracked 
| 417|0x0000000668400000, 0x0000000668800000, 0x0000000668800000|100%| O|  |TAMS 0x0000000668400000, 0x0000000668400000| Untracked 
| 418|0x0000000668800000, 0x0000000668c00000, 0x0000000668c00000|100%| O|  |TAMS 0x0000000668800000, 0x0000000668800000| Untracked 
| 419|0x0000000668c00000, 0x0000000669000000, 0x0000000669000000|100%| O|  |TAMS 0x0000000668c00000, 0x0000000668c00000| Untracked 
| 420|0x0000000669000000, 0x0000000669400000, 0x0000000669400000|100%| O|  |TAMS 0x0000000669000000, 0x0000000669000000| Untracked 
| 421|0x0000000669400000, 0x0000000669800000, 0x0000000669800000|100%| O|  |TAMS 0x0000000669400000, 0x0000000669400000| Untracked 
| 422|0x0000000669800000, 0x0000000669c00000, 0x0000000669c00000|100%| O|  |TAMS 0x0000000669800000, 0x0000000669800000| Untracked 
| 423|0x0000000669c00000, 0x000000066a000000, 0x000000066a000000|100%| O|  |TAMS 0x0000000669c00000, 0x0000000669c00000| Untracked 
| 424|0x000000066a000000, 0x000000066a400000, 0x000000066a400000|100%| O|  |TAMS 0x000000066a000000, 0x000000066a000000| Untracked 
| 425|0x000000066a400000, 0x000000066a800000, 0x000000066a800000|100%| O|  |TAMS 0x000000066a400000, 0x000000066a400000| Untracked 
| 426|0x000000066a800000, 0x000000066ac00000, 0x000000066ac00000|100%| O|  |TAMS 0x000000066a800000, 0x000000066a800000| Untracked 
| 427|0x000000066ac00000, 0x000000066b000000, 0x000000066b000000|100%| O|  |TAMS 0x000000066ac00000, 0x000000066ac00000| Untracked 
| 428|0x000000066b000000, 0x000000066b400000, 0x000000066b400000|100%| O|  |TAMS 0x000000066b000000, 0x000000066b000000| Untracked 
| 429|0x000000066b400000, 0x000000066b800000, 0x000000066b800000|100%| O|  |TAMS 0x000000066b400000, 0x000000066b400000| Untracked 
| 430|0x000000066b800000, 0x000000066bc00000, 0x000000066bc00000|100%| O|  |TAMS 0x000000066b800000, 0x000000066b800000| Untracked 
| 431|0x000000066bc00000, 0x000000066c000000, 0x000000066c000000|100%| O|  |TAMS 0x000000066bc00000, 0x000000066bc00000| Untracked 
| 432|0x000000066c000000, 0x000000066c400000, 0x000000066c400000|100%| O|  |TAMS 0x000000066c000000, 0x000000066c000000| Untracked 
| 433|0x000000066c400000, 0x000000066c800000, 0x000000066c800000|100%| O|  |TAMS 0x000000066c400000, 0x000000066c400000| Untracked 
| 434|0x000000066c800000, 0x000000066cc00000, 0x000000066cc00000|100%| O|  |TAMS 0x000000066c800000, 0x000000066c800000| Untracked 
| 435|0x000000066cc00000, 0x000000066d000000, 0x000000066d000000|100%| O|  |TAMS 0x000000066cc00000, 0x000000066cc00000| Untracked 
| 436|0x000000066d000000, 0x000000066d400000, 0x000000066d400000|100%| O|  |TAMS 0x000000066d000000, 0x000000066d000000| Untracked 
| 437|0x000000066d400000, 0x000000066d800000, 0x000000066d800000|100%| O|  |TAMS 0x000000066d400000, 0x000000066d400000| Untracked 
| 438|0x000000066d800000, 0x000000066dc00000, 0x000000066dc00000|100%| O|  |TAMS 0x000000066d800000, 0x000000066d800000| Untracked 
| 439|0x000000066dc00000, 0x000000066e000000, 0x000000066e000000|100%| O|  |TAMS 0x000000066dc00000, 0x000000066dc00000| Untracked 
| 440|0x000000066e000000, 0x000000066e400000, 0x000000066e400000|100%| O|  |TAMS 0x000000066e000000, 0x000000066e000000| Untracked 
| 441|0x000000066e400000, 0x000000066e800000, 0x000000066e800000|100%| O|  |TAMS 0x000000066e400000, 0x000000066e400000| Untracked 
| 442|0x000000066e800000, 0x000000066ec00000, 0x000000066ec00000|100%| O|  |TAMS 0x000000066e800000, 0x000000066e800000| Untracked 
| 443|0x000000066ec00000, 0x000000066f000000, 0x000000066f000000|100%| O|  |TAMS 0x000000066ec00000, 0x000000066ec00000| Untracked 
| 444|0x000000066f000000, 0x000000066f400000, 0x000000066f400000|100%| O|  |TAMS 0x000000066f000000, 0x000000066f000000| Untracked 
| 445|0x000000066f400000, 0x000000066f800000, 0x000000066f800000|100%| O|  |TAMS 0x000000066f400000, 0x000000066f400000| Untracked 
| 446|0x000000066f800000, 0x000000066fc00000, 0x000000066fc00000|100%| O|  |TAMS 0x000000066f800000, 0x000000066f800000| Untracked 
| 447|0x000000066fc00000, 0x0000000670000000, 0x0000000670000000|100%| O|  |TAMS 0x000000066fc00000, 0x000000066fc00000| Untracked 
| 448|0x0000000670000000, 0x0000000670400000, 0x0000000670400000|100%| O|  |TAMS 0x0000000670000000, 0x0000000670000000| Untracked 
| 449|0x0000000670400000, 0x0000000670800000, 0x0000000670800000|100%| O|  |TAMS 0x0000000670400000, 0x0000000670400000| Untracked 
| 450|0x0000000670800000, 0x0000000670c00000, 0x0000000670c00000|100%| O|  |TAMS 0x0000000670800000, 0x0000000670800000| Untracked 
| 451|0x0000000670c00000, 0x0000000671000000, 0x0000000671000000|100%| O|  |TAMS 0x0000000670c00000, 0x0000000670c00000| Untracked 
| 452|0x0000000671000000, 0x0000000671400000, 0x0000000671400000|100%| O|  |TAMS 0x0000000671000000, 0x0000000671000000| Untracked 
| 453|0x0000000671400000, 0x0000000671800000, 0x0000000671800000|100%| O|  |TAMS 0x0000000671400000, 0x0000000671400000| Untracked 
| 454|0x0000000671800000, 0x0000000671c00000, 0x0000000671c00000|100%| O|  |TAMS 0x0000000671800000, 0x0000000671800000| Untracked 
| 455|0x0000000671c00000, 0x0000000672000000, 0x0000000672000000|100%| O|  |TAMS 0x0000000671c00000, 0x0000000671c00000| Untracked 
| 456|0x0000000672000000, 0x0000000672400000, 0x0000000672400000|100%| O|  |TAMS 0x0000000672000000, 0x0000000672000000| Untracked 
| 457|0x0000000672400000, 0x0000000672800000, 0x0000000672800000|100%| O|  |TAMS 0x0000000672400000, 0x0000000672400000| Untracked 
| 458|0x0000000672800000, 0x0000000672c00000, 0x0000000672c00000|100%| O|  |TAMS 0x0000000672800000, 0x0000000672800000| Untracked 
| 459|0x0000000672c00000, 0x0000000673000000, 0x0000000673000000|100%| O|  |TAMS 0x0000000672c00000, 0x0000000672c00000| Untracked 
| 460|0x0000000673000000, 0x0000000673400000, 0x0000000673400000|100%| O|  |TAMS 0x0000000673000000, 0x0000000673000000| Untracked 
| 461|0x0000000673400000, 0x0000000673800000, 0x0000000673800000|100%| O|  |TAMS 0x0000000673400000, 0x0000000673400000| Untracked 
| 462|0x0000000673800000, 0x0000000673c00000, 0x0000000673c00000|100%| O|  |TAMS 0x0000000673800000, 0x0000000673800000| Untracked 
| 463|0x0000000673c00000, 0x0000000674000000, 0x0000000674000000|100%| O|  |TAMS 0x0000000673c00000, 0x0000000673c00000| Untracked 
| 464|0x0000000674000000, 0x0000000674400000, 0x0000000674400000|100%| O|  |TAMS 0x0000000674000000, 0x0000000674000000| Untracked 
| 465|0x0000000674400000, 0x0000000674800000, 0x0000000674800000|100%| O|  |TAMS 0x0000000674400000, 0x0000000674400000| Untracked 
| 466|0x0000000674800000, 0x0000000674c00000, 0x0000000674c00000|100%| O|  |TAMS 0x0000000674800000, 0x0000000674800000| Untracked 
| 467|0x0000000674c00000, 0x0000000675000000, 0x0000000675000000|100%| O|  |TAMS 0x0000000674c00000, 0x0000000674c00000| Untracked 
| 468|0x0000000675000000, 0x0000000675400000, 0x0000000675400000|100%| O|  |TAMS 0x0000000675000000, 0x0000000675000000| Untracked 
| 469|0x0000000675400000, 0x0000000675800000, 0x0000000675800000|100%| O|  |TAMS 0x0000000675400000, 0x0000000675400000| Untracked 
| 470|0x0000000675800000, 0x0000000675c00000, 0x0000000675c00000|100%| O|  |TAMS 0x0000000675800000, 0x0000000675800000| Untracked 
| 471|0x0000000675c00000, 0x0000000676000000, 0x0000000676000000|100%| O|  |TAMS 0x0000000675c00000, 0x0000000675c00000| Untracked 
| 472|0x0000000676000000, 0x0000000676400000, 0x0000000676400000|100%| O|  |TAMS 0x0000000676000000, 0x0000000676000000| Untracked 
| 473|0x0000000676400000, 0x0000000676800000, 0x0000000676800000|100%| O|  |TAMS 0x0000000676400000, 0x0000000676400000| Untracked 
| 474|0x0000000676800000, 0x0000000676c00000, 0x0000000676c00000|100%| O|  |TAMS 0x0000000676800000, 0x0000000676800000| Untracked 
| 475|0x0000000676c00000, 0x0000000677000000, 0x0000000677000000|100%| O|  |TAMS 0x0000000676c00000, 0x0000000676c00000| Untracked 
| 476|0x0000000677000000, 0x0000000677400000, 0x0000000677400000|100%| O|  |TAMS 0x0000000677000000, 0x0000000677000000| Untracked 
| 477|0x0000000677400000, 0x0000000677800000, 0x0000000677800000|100%| O|  |TAMS 0x0000000677400000, 0x0000000677400000| Untracked 
| 478|0x0000000677800000, 0x0000000677c00000, 0x0000000677c00000|100%| O|  |TAMS 0x0000000677800000, 0x0000000677800000| Untracked 
| 479|0x0000000677c00000, 0x0000000678000000, 0x0000000678000000|100%| O|  |TAMS 0x0000000677c00000, 0x0000000677c00000| Untracked 
| 480|0x0000000678000000, 0x0000000678400000, 0x0000000678400000|100%| O|  |TAMS 0x0000000678000000, 0x0000000678000000| Untracked 
| 481|0x0000000678400000, 0x0000000678800000, 0x0000000678800000|100%| O|  |TAMS 0x0000000678400000, 0x0000000678400000| Untracked 
| 482|0x0000000678800000, 0x0000000678c00000, 0x0000000678c00000|100%| O|  |TAMS 0x0000000678800000, 0x0000000678800000| Untracked 
| 483|0x0000000678c00000, 0x0000000679000000, 0x0000000679000000|100%| O|  |TAMS 0x0000000678c00000, 0x0000000678c00000| Untracked 
| 484|0x0000000679000000, 0x0000000679400000, 0x0000000679400000|100%| O|  |TAMS 0x0000000679000000, 0x0000000679000000| Untracked 
| 485|0x0000000679400000, 0x0000000679800000, 0x0000000679800000|100%| O|  |TAMS 0x0000000679400000, 0x0000000679400000| Untracked 
| 486|0x0000000679800000, 0x0000000679c00000, 0x0000000679c00000|100%| O|  |TAMS 0x0000000679800000, 0x0000000679800000| Untracked 
| 487|0x0000000679c00000, 0x000000067a000000, 0x000000067a000000|100%| O|  |TAMS 0x0000000679c00000, 0x0000000679c00000| Untracked 
| 488|0x000000067a000000, 0x000000067a400000, 0x000000067a400000|100%| O|  |TAMS 0x000000067a000000, 0x000000067a000000| Untracked 
| 489|0x000000067a400000, 0x000000067a800000, 0x000000067a800000|100%| O|  |TAMS 0x000000067a400000, 0x000000067a400000| Untracked 
| 490|0x000000067a800000, 0x000000067ac00000, 0x000000067ac00000|100%| O|  |TAMS 0x000000067a800000, 0x000000067a800000| Untracked 
| 491|0x000000067ac00000, 0x000000067b000000, 0x000000067b000000|100%| O|  |TAMS 0x000000067ac00000, 0x000000067ac00000| Untracked 
| 492|0x000000067b000000, 0x000000067b400000, 0x000000067b400000|100%| O|  |TAMS 0x000000067b000000, 0x000000067b000000| Untracked 
| 493|0x000000067b400000, 0x000000067b800000, 0x000000067b800000|100%| O|  |TAMS 0x000000067b400000, 0x000000067b400000| Untracked 
| 494|0x000000067b800000, 0x000000067bc00000, 0x000000067bc00000|100%| O|  |TAMS 0x000000067b800000, 0x000000067b800000| Untracked 
| 495|0x000000067bc00000, 0x000000067c000000, 0x000000067c000000|100%| O|  |TAMS 0x000000067bc00000, 0x000000067bc00000| Untracked 
| 496|0x000000067c000000, 0x000000067c400000, 0x000000067c400000|100%| O|  |TAMS 0x000000067c000000, 0x000000067c000000| Untracked 
| 497|0x000000067c400000, 0x000000067c800000, 0x000000067c800000|100%| O|  |TAMS 0x000000067c400000, 0x000000067c400000| Untracked 
| 498|0x000000067c800000, 0x000000067cc00000, 0x000000067cc00000|100%| O|  |TAMS 0x000000067c800000, 0x000000067c800000| Untracked 
| 499|0x000000067cc00000, 0x000000067d000000, 0x000000067d000000|100%| O|  |TAMS 0x000000067cc00000, 0x000000067cc00000| Untracked 
| 500|0x000000067d000000, 0x000000067d400000, 0x000000067d400000|100%| O|  |TAMS 0x000000067d000000, 0x000000067d000000| Untracked 
| 501|0x000000067d400000, 0x000000067d800000, 0x000000067d800000|100%| O|  |TAMS 0x000000067d400000, 0x000000067d400000| Untracked 
| 502|0x000000067d800000, 0x000000067dc00000, 0x000000067dc00000|100%| O|  |TAMS 0x000000067d800000, 0x000000067d800000| Untracked 
| 503|0x000000067dc00000, 0x000000067e000000, 0x000000067e000000|100%| O|  |TAMS 0x000000067dc00000, 0x000000067dc00000| Untracked 
| 504|0x000000067e000000, 0x000000067e400000, 0x000000067e400000|100%| O|  |TAMS 0x000000067e000000, 0x000000067e000000| Untracked 
| 505|0x000000067e400000, 0x000000067e800000, 0x000000067e800000|100%| O|  |TAMS 0x000000067e400000, 0x000000067e400000| Untracked 
| 506|0x000000067e800000, 0x000000067ec00000, 0x000000067ec00000|100%| O|  |TAMS 0x000000067e800000, 0x000000067e800000| Untracked 
| 507|0x000000067ec00000, 0x000000067f000000, 0x000000067f000000|100%| O|  |TAMS 0x000000067ec00000, 0x000000067ec00000| Untracked 
| 508|0x000000067f000000, 0x000000067f400000, 0x000000067f400000|100%| O|  |TAMS 0x000000067f000000, 0x000000067f000000| Untracked 
| 509|0x000000067f400000, 0x000000067f800000, 0x000000067f800000|100%| O|  |TAMS 0x000000067f400000, 0x000000067f400000| Untracked 
| 510|0x000000067f800000, 0x000000067fc00000, 0x000000067fc00000|100%| O|  |TAMS 0x000000067f800000, 0x000000067f800000| Untracked 
| 511|0x000000067fc00000, 0x0000000680000000, 0x0000000680000000|100%| O|  |TAMS 0x000000067fc00000, 0x000000067fc00000| Untracked 
| 512|0x0000000680000000, 0x0000000680400000, 0x0000000680400000|100%| O|  |TAMS 0x0000000680000000, 0x0000000680000000| Untracked 
| 513|0x0000000680400000, 0x0000000680800000, 0x0000000680800000|100%| O|  |TAMS 0x0000000680400000, 0x0000000680400000| Untracked 
| 514|0x0000000680800000, 0x0000000680c00000, 0x0000000680c00000|100%| O|  |TAMS 0x0000000680800000, 0x0000000680800000| Untracked 
| 515|0x0000000680c00000, 0x0000000681000000, 0x0000000681000000|100%| O|  |TAMS 0x0000000680c00000, 0x0000000680c00000| Untracked 
| 516|0x0000000681000000, 0x0000000681400000, 0x0000000681400000|100%| O|  |TAMS 0x0000000681000000, 0x0000000681000000| Untracked 
| 517|0x0000000681400000, 0x0000000681800000, 0x0000000681800000|100%| O|  |TAMS 0x0000000681400000, 0x0000000681400000| Untracked 
| 518|0x0000000681800000, 0x0000000681c00000, 0x0000000681c00000|100%| O|  |TAMS 0x0000000681800000, 0x0000000681800000| Untracked 
| 519|0x0000000681c00000, 0x0000000682000000, 0x0000000682000000|100%| O|  |TAMS 0x0000000681c00000, 0x0000000681c00000| Untracked 
| 520|0x0000000682000000, 0x0000000682400000, 0x0000000682400000|100%| O|  |TAMS 0x0000000682000000, 0x0000000682000000| Untracked 
| 521|0x0000000682400000, 0x0000000682800000, 0x0000000682800000|100%| O|  |TAMS 0x0000000682400000, 0x0000000682400000| Untracked 
| 522|0x0000000682800000, 0x0000000682c00000, 0x0000000682c00000|100%| O|  |TAMS 0x0000000682800000, 0x0000000682800000| Untracked 
| 523|0x0000000682c00000, 0x0000000683000000, 0x0000000683000000|100%| O|  |TAMS 0x0000000682c00000, 0x0000000682c00000| Untracked 
| 524|0x0000000683000000, 0x0000000683400000, 0x0000000683400000|100%| O|  |TAMS 0x0000000683000000, 0x0000000683000000| Untracked 
| 525|0x0000000683400000, 0x0000000683800000, 0x0000000683800000|100%| O|  |TAMS 0x0000000683400000, 0x0000000683400000| Untracked 
| 526|0x0000000683800000, 0x0000000683c00000, 0x0000000683c00000|100%| O|  |TAMS 0x0000000683800000, 0x0000000683800000| Untracked 
| 527|0x0000000683c00000, 0x0000000684000000, 0x0000000684000000|100%| O|  |TAMS 0x0000000683c00000, 0x0000000683c00000| Untracked 
| 528|0x0000000684000000, 0x0000000684400000, 0x0000000684400000|100%| O|  |TAMS 0x0000000684000000, 0x0000000684000000| Untracked 
| 529|0x0000000684400000, 0x0000000684800000, 0x0000000684800000|100%| O|  |TAMS 0x0000000684400000, 0x0000000684400000| Untracked 
| 530|0x0000000684800000, 0x0000000684c00000, 0x0000000684c00000|100%| O|  |TAMS 0x0000000684800000, 0x0000000684800000| Untracked 
| 531|0x0000000684c00000, 0x0000000685000000, 0x0000000685000000|100%| O|  |TAMS 0x0000000684c00000, 0x0000000684c00000| Untracked 
| 532|0x0000000685000000, 0x0000000685400000, 0x0000000685400000|100%|HS|  |TAMS 0x0000000685000000, 0x0000000685000000| Complete 
| 533|0x0000000685400000, 0x0000000685800000, 0x0000000685800000|100%|HC|  |TAMS 0x0000000685400000, 0x0000000685400000| Complete 
| 534|0x0000000685800000, 0x0000000685c00000, 0x0000000685c00000|100%|HC|  |TAMS 0x0000000685800000, 0x0000000685800000| Complete 
| 535|0x0000000685c00000, 0x0000000686000000, 0x0000000686000000|100%|HC|  |TAMS 0x0000000685c00000, 0x0000000685c00000| Complete 
| 536|0x0000000686000000, 0x0000000686400000, 0x0000000686400000|100%|HC|  |TAMS 0x0000000686000000, 0x0000000686000000| Complete 
| 537|0x0000000686400000, 0x0000000686800000, 0x0000000686800000|100%|HS|  |TAMS 0x0000000686400000, 0x0000000686400000| Complete 
| 538|0x0000000686800000, 0x0000000686c00000, 0x0000000686c00000|100%|HC|  |TAMS 0x0000000686800000, 0x0000000686800000| Complete 
| 539|0x0000000686c00000, 0x0000000687000000, 0x0000000687000000|100%|HC|  |TAMS 0x0000000686c00000, 0x0000000686c00000| Complete 
| 540|0x0000000687000000, 0x0000000687400000, 0x0000000687400000|100%|HC|  |TAMS 0x0000000687000000, 0x0000000687000000| Complete 
| 541|0x0000000687400000, 0x0000000687800000, 0x0000000687800000|100%|HC|  |TAMS 0x0000000687400000, 0x0000000687400000| Complete 
| 542|0x0000000687800000, 0x0000000687800000, 0x0000000687c00000|  0%| F|  |TAMS 0x0000000687800000, 0x0000000687800000| Untracked 
| 543|0x0000000687c00000, 0x0000000687c00000, 0x0000000688000000|  0%| F|  |TAMS 0x0000000687c00000, 0x0000000687c00000| Untracked 
| 544|0x0000000688000000, 0x0000000688000000, 0x0000000688400000|  0%| F|  |TAMS 0x0000000688000000, 0x0000000688000000| Untracked 
| 545|0x0000000688400000, 0x0000000688400000, 0x0000000688800000|  0%| F|  |TAMS 0x0000000688400000, 0x0000000688400000| Untracked 
| 546|0x0000000688800000, 0x0000000688800000, 0x0000000688c00000|  0%| F|  |TAMS 0x0000000688800000, 0x0000000688800000| Untracked 
| 547|0x0000000688c00000, 0x0000000688c00000, 0x0000000689000000|  0%| F|  |TAMS 0x0000000688c00000, 0x0000000688c00000| Untracked 
| 548|0x0000000689000000, 0x0000000689000000, 0x0000000689400000|  0%| F|  |TAMS 0x0000000689000000, 0x0000000689000000| Untracked 
| 549|0x0000000689400000, 0x0000000689400000, 0x0000000689800000|  0%| F|  |TAMS 0x0000000689400000, 0x0000000689400000| Untracked 
| 550|0x0000000689800000, 0x0000000689800000, 0x0000000689c00000|  0%| F|  |TAMS 0x0000000689800000, 0x0000000689800000| Untracked 
| 551|0x0000000689c00000, 0x0000000689c00000, 0x000000068a000000|  0%| F|  |TAMS 0x0000000689c00000, 0x0000000689c00000| Untracked 
| 552|0x000000068a000000, 0x000000068a000000, 0x000000068a400000|  0%| F|  |TAMS 0x000000068a000000, 0x000000068a000000| Untracked 
| 553|0x000000068a400000, 0x000000068a400000, 0x000000068a800000|  0%| F|  |TAMS 0x000000068a400000, 0x000000068a400000| Untracked 
| 554|0x000000068a800000, 0x000000068a800000, 0x000000068ac00000|  0%| F|  |TAMS 0x000000068a800000, 0x000000068a800000| Untracked 
| 555|0x000000068ac00000, 0x000000068ac00000, 0x000000068b000000|  0%| F|  |TAMS 0x000000068ac00000, 0x000000068ac00000| Untracked 
| 556|0x000000068b000000, 0x000000068b000000, 0x000000068b400000|  0%| F|  |TAMS 0x000000068b000000, 0x000000068b000000| Untracked 
| 557|0x000000068b400000, 0x000000068b400000, 0x000000068b800000|  0%| F|  |TAMS 0x000000068b400000, 0x000000068b400000| Untracked 
| 558|0x000000068b800000, 0x000000068b800000, 0x000000068bc00000|  0%| F|  |TAMS 0x000000068b800000, 0x000000068b800000| Untracked 
| 559|0x000000068bc00000, 0x000000068bc00000, 0x000000068c000000|  0%| F|  |TAMS 0x000000068bc00000, 0x000000068bc00000| Untracked 
| 560|0x000000068c000000, 0x000000068c000000, 0x000000068c400000|  0%| F|  |TAMS 0x000000068c000000, 0x000000068c000000| Untracked 
| 561|0x000000068c400000, 0x000000068c400000, 0x000000068c800000|  0%| F|  |TAMS 0x000000068c400000, 0x000000068c400000| Untracked 
| 562|0x000000068c800000, 0x000000068c800000, 0x000000068cc00000|  0%| F|  |TAMS 0x000000068c800000, 0x000000068c800000| Untracked 
| 563|0x000000068cc00000, 0x000000068cc00000, 0x000000068d000000|  0%| F|  |TAMS 0x000000068cc00000, 0x000000068cc00000| Untracked 
| 564|0x000000068d000000, 0x000000068d000000, 0x000000068d400000|  0%| F|  |TAMS 0x000000068d000000, 0x000000068d000000| Untracked 
| 565|0x000000068d400000, 0x000000068d400000, 0x000000068d800000|  0%| F|  |TAMS 0x000000068d400000, 0x000000068d400000| Untracked 
| 566|0x000000068d800000, 0x000000068d800000, 0x000000068dc00000|  0%| F|  |TAMS 0x000000068d800000, 0x000000068d800000| Untracked 
| 567|0x000000068dc00000, 0x000000068dc00000, 0x000000068e000000|  0%| F|  |TAMS 0x000000068dc00000, 0x000000068dc00000| Untracked 
| 568|0x000000068e000000, 0x000000068e000000, 0x000000068e400000|  0%| F|  |TAMS 0x000000068e000000, 0x000000068e000000| Untracked 
| 569|0x000000068e400000, 0x000000068e400000, 0x000000068e800000|  0%| F|  |TAMS 0x000000068e400000, 0x000000068e400000| Untracked 
| 570|0x000000068e800000, 0x000000068e800000, 0x000000068ec00000|  0%| F|  |TAMS 0x000000068e800000, 0x000000068e800000| Untracked 
| 571|0x000000068ec00000, 0x000000068ec00000, 0x000000068f000000|  0%| F|  |TAMS 0x000000068ec00000, 0x000000068ec00000| Untracked 
| 572|0x000000068f000000, 0x000000068f000000, 0x000000068f400000|  0%| F|  |TAMS 0x000000068f000000, 0x000000068f000000| Untracked 
| 573|0x000000068f400000, 0x000000068f400000, 0x000000068f800000|  0%| F|  |TAMS 0x000000068f400000, 0x000000068f400000| Untracked 
| 574|0x000000068f800000, 0x000000068f800000, 0x000000068fc00000|  0%| F|  |TAMS 0x000000068f800000, 0x000000068f800000| Untracked 
| 575|0x000000068fc00000, 0x000000068fc00000, 0x0000000690000000|  0%| F|  |TAMS 0x000000068fc00000, 0x000000068fc00000| Untracked 
| 576|0x0000000690000000, 0x0000000690000000, 0x0000000690400000|  0%| F|  |TAMS 0x0000000690000000, 0x0000000690000000| Untracked 
| 577|0x0000000690400000, 0x0000000690400000, 0x0000000690800000|  0%| F|  |TAMS 0x0000000690400000, 0x0000000690400000| Untracked 
| 578|0x0000000690800000, 0x0000000690800000, 0x0000000690c00000|  0%| F|  |TAMS 0x0000000690800000, 0x0000000690800000| Untracked 
| 579|0x0000000690c00000, 0x0000000690c00000, 0x0000000691000000|  0%| F|  |TAMS 0x0000000690c00000, 0x0000000690c00000| Untracked 
| 580|0x0000000691000000, 0x0000000691000000, 0x0000000691400000|  0%| F|  |TAMS 0x0000000691000000, 0x0000000691000000| Untracked 
| 581|0x0000000691400000, 0x0000000691400000, 0x0000000691800000|  0%| F|  |TAMS 0x0000000691400000, 0x0000000691400000| Untracked 
| 582|0x0000000691800000, 0x0000000691800000, 0x0000000691c00000|  0%| F|  |TAMS 0x0000000691800000, 0x0000000691800000| Untracked 
| 583|0x0000000691c00000, 0x0000000691c00000, 0x0000000692000000|  0%| F|  |TAMS 0x0000000691c00000, 0x0000000691c00000| Untracked 
| 584|0x0000000692000000, 0x0000000692000000, 0x0000000692400000|  0%| F|  |TAMS 0x0000000692000000, 0x0000000692000000| Untracked 
| 585|0x0000000692400000, 0x0000000692400000, 0x0000000692800000|  0%| F|  |TAMS 0x0000000692400000, 0x0000000692400000| Untracked 
| 586|0x0000000692800000, 0x0000000692800000, 0x0000000692c00000|  0%| F|  |TAMS 0x0000000692800000, 0x0000000692800000| Untracked 
| 587|0x0000000692c00000, 0x0000000692c00000, 0x0000000693000000|  0%| F|  |TAMS 0x0000000692c00000, 0x0000000692c00000| Untracked 
| 588|0x0000000693000000, 0x0000000693000000, 0x0000000693400000|  0%| F|  |TAMS 0x0000000693000000, 0x0000000693000000| Untracked 
| 589|0x0000000693400000, 0x0000000693400000, 0x0000000693800000|  0%| F|  |TAMS 0x0000000693400000, 0x0000000693400000| Untracked 
| 590|0x0000000693800000, 0x0000000693800000, 0x0000000693c00000|  0%| F|  |TAMS 0x0000000693800000, 0x0000000693800000| Untracked 
| 591|0x0000000693c00000, 0x0000000693c00000, 0x0000000694000000|  0%| F|  |TAMS 0x0000000693c00000, 0x0000000693c00000| Untracked 
| 592|0x0000000694000000, 0x0000000694000000, 0x0000000694400000|  0%| F|  |TAMS 0x0000000694000000, 0x0000000694000000| Untracked 
| 593|0x0000000694400000, 0x0000000694400000, 0x0000000694800000|  0%| F|  |TAMS 0x0000000694400000, 0x0000000694400000| Untracked 
| 594|0x0000000694800000, 0x0000000694800000, 0x0000000694c00000|  0%| F|  |TAMS 0x0000000694800000, 0x0000000694800000| Untracked 
| 595|0x0000000694c00000, 0x0000000694c00000, 0x0000000695000000|  0%| F|  |TAMS 0x0000000694c00000, 0x0000000694c00000| Untracked 
| 596|0x0000000695000000, 0x0000000695000000, 0x0000000695400000|  0%| F|  |TAMS 0x0000000695000000, 0x0000000695000000| Untracked 
| 597|0x0000000695400000, 0x0000000695400000, 0x0000000695800000|  0%| F|  |TAMS 0x0000000695400000, 0x0000000695400000| Untracked 
| 598|0x0000000695800000, 0x0000000695800000, 0x0000000695c00000|  0%| F|  |TAMS 0x0000000695800000, 0x0000000695800000| Untracked 
| 599|0x0000000695c00000, 0x0000000695c00000, 0x0000000696000000|  0%| F|  |TAMS 0x0000000695c00000, 0x0000000695c00000| Untracked 
| 600|0x0000000696000000, 0x0000000696000000, 0x0000000696400000|  0%| F|  |TAMS 0x0000000696000000, 0x0000000696000000| Untracked 
| 601|0x0000000696400000, 0x0000000696400000, 0x0000000696800000|  0%| F|  |TAMS 0x0000000696400000, 0x0000000696400000| Untracked 
| 602|0x0000000696800000, 0x0000000696800000, 0x0000000696c00000|  0%| F|  |TAMS 0x0000000696800000, 0x0000000696800000| Untracked 
| 603|0x0000000696c00000, 0x0000000696c00000, 0x0000000697000000|  0%| F|  |TAMS 0x0000000696c00000, 0x0000000696c00000| Untracked 
| 604|0x0000000697000000, 0x0000000697000000, 0x0000000697400000|  0%| F|  |TAMS 0x0000000697000000, 0x0000000697000000| Untracked 
| 605|0x0000000697400000, 0x0000000697400000, 0x0000000697800000|  0%| F|  |TAMS 0x0000000697400000, 0x0000000697400000| Untracked 
| 606|0x0000000697800000, 0x0000000697800000, 0x0000000697c00000|  0%| F|  |TAMS 0x0000000697800000, 0x0000000697800000| Untracked 
| 607|0x0000000697c00000, 0x0000000697c00000, 0x0000000698000000|  0%| F|  |TAMS 0x0000000697c00000, 0x0000000697c00000| Untracked 
| 608|0x0000000698000000, 0x0000000698000000, 0x0000000698400000|  0%| F|  |TAMS 0x0000000698000000, 0x0000000698000000| Untracked 
| 609|0x0000000698400000, 0x0000000698400000, 0x0000000698800000|  0%| F|  |TAMS 0x0000000698400000, 0x0000000698400000| Untracked 
| 610|0x0000000698800000, 0x0000000698800000, 0x0000000698c00000|  0%| F|  |TAMS 0x0000000698800000, 0x0000000698800000| Untracked 
| 611|0x0000000698c00000, 0x0000000698c00000, 0x0000000699000000|  0%| F|  |TAMS 0x0000000698c00000, 0x0000000698c00000| Untracked 
| 612|0x0000000699000000, 0x0000000699000000, 0x0000000699400000|  0%| F|  |TAMS 0x0000000699000000, 0x0000000699000000| Untracked 
| 613|0x0000000699400000, 0x0000000699400000, 0x0000000699800000|  0%| F|  |TAMS 0x0000000699400000, 0x0000000699400000| Untracked 
| 614|0x0000000699800000, 0x0000000699800000, 0x0000000699c00000|  0%| F|  |TAMS 0x0000000699800000, 0x0000000699800000| Untracked 
| 615|0x0000000699c00000, 0x0000000699c00000, 0x000000069a000000|  0%| F|  |TAMS 0x0000000699c00000, 0x0000000699c00000| Untracked 
| 616|0x000000069a000000, 0x000000069a000000, 0x000000069a400000|  0%| F|  |TAMS 0x000000069a000000, 0x000000069a000000| Untracked 
| 617|0x000000069a400000, 0x000000069a400000, 0x000000069a800000|  0%| F|  |TAMS 0x000000069a400000, 0x000000069a400000| Untracked 
| 618|0x000000069a800000, 0x000000069a800000, 0x000000069ac00000|  0%| F|  |TAMS 0x000000069a800000, 0x000000069a800000| Untracked 
| 619|0x000000069ac00000, 0x000000069ac00000, 0x000000069b000000|  0%| F|  |TAMS 0x000000069ac00000, 0x000000069ac00000| Untracked 
| 620|0x000000069b000000, 0x000000069b000000, 0x000000069b400000|  0%| F|  |TAMS 0x000000069b000000, 0x000000069b000000| Untracked 
| 621|0x000000069b400000, 0x000000069b400000, 0x000000069b800000|  0%| F|  |TAMS 0x000000069b400000, 0x000000069b400000| Untracked 
| 622|0x000000069b800000, 0x000000069b800000, 0x000000069bc00000|  0%| F|  |TAMS 0x000000069b800000, 0x000000069b800000| Untracked 
| 623|0x000000069bc00000, 0x000000069bc00000, 0x000000069c000000|  0%| F|  |TAMS 0x000000069bc00000, 0x000000069bc00000| Untracked 
| 624|0x000000069c000000, 0x000000069c000000, 0x000000069c400000|  0%| F|  |TAMS 0x000000069c000000, 0x000000069c000000| Untracked 
| 625|0x000000069c400000, 0x000000069c400000, 0x000000069c800000|  0%| F|  |TAMS 0x000000069c400000, 0x000000069c400000| Untracked 
| 626|0x000000069c800000, 0x000000069c800000, 0x000000069cc00000|  0%| F|  |TAMS 0x000000069c800000, 0x000000069c800000| Untracked 
| 627|0x000000069cc00000, 0x000000069cc00000, 0x000000069d000000|  0%| F|  |TAMS 0x000000069cc00000, 0x000000069cc00000| Untracked 
| 628|0x000000069d000000, 0x000000069d000000, 0x000000069d400000|  0%| F|  |TAMS 0x000000069d000000, 0x000000069d000000| Untracked 
| 629|0x000000069d400000, 0x000000069d400000, 0x000000069d800000|  0%| F|  |TAMS 0x000000069d400000, 0x000000069d400000| Untracked 
| 630|0x000000069d800000, 0x000000069d800000, 0x000000069dc00000|  0%| F|  |TAMS 0x000000069d800000, 0x000000069d800000| Untracked 
| 631|0x000000069dc00000, 0x000000069dc00000, 0x000000069e000000|  0%| F|  |TAMS 0x000000069dc00000, 0x000000069dc00000| Untracked 
| 632|0x000000069e000000, 0x000000069e000000, 0x000000069e400000|  0%| F|  |TAMS 0x000000069e000000, 0x000000069e000000| Untracked 
| 633|0x000000069e400000, 0x000000069e400000, 0x000000069e800000|  0%| F|  |TAMS 0x000000069e400000, 0x000000069e400000| Untracked 
| 634|0x000000069e800000, 0x000000069e800000, 0x000000069ec00000|  0%| F|  |TAMS 0x000000069e800000, 0x000000069e800000| Untracked 
| 635|0x000000069ec00000, 0x000000069ec00000, 0x000000069f000000|  0%| F|  |TAMS 0x000000069ec00000, 0x000000069ec00000| Untracked 
| 636|0x000000069f000000, 0x000000069f000000, 0x000000069f400000|  0%| F|  |TAMS 0x000000069f000000, 0x000000069f000000| Untracked 
| 637|0x000000069f400000, 0x000000069f400000, 0x000000069f800000|  0%| F|  |TAMS 0x000000069f400000, 0x000000069f400000| Untracked 
| 638|0x000000069f800000, 0x000000069f800000, 0x000000069fc00000|  0%| F|  |TAMS 0x000000069f800000, 0x000000069f800000| Untracked 
| 639|0x000000069fc00000, 0x000000069fc00000, 0x00000006a0000000|  0%| F|  |TAMS 0x000000069fc00000, 0x000000069fc00000| Untracked 
| 640|0x00000006a0000000, 0x00000006a0000000, 0x00000006a0400000|  0%| F|  |TAMS 0x00000006a0000000, 0x00000006a0000000| Untracked 
| 641|0x00000006a0400000, 0x00000006a0400000, 0x00000006a0800000|  0%| F|  |TAMS 0x00000006a0400000, 0x00000006a0400000| Untracked 
| 642|0x00000006a0800000, 0x00000006a0800000, 0x00000006a0c00000|  0%| F|  |TAMS 0x00000006a0800000, 0x00000006a0800000| Untracked 
| 643|0x00000006a0c00000, 0x00000006a0c00000, 0x00000006a1000000|  0%| F|  |TAMS 0x00000006a0c00000, 0x00000006a0c00000| Untracked 
| 644|0x00000006a1000000, 0x00000006a1000000, 0x00000006a1400000|  0%| F|  |TAMS 0x00000006a1000000, 0x00000006a1000000| Untracked 
| 645|0x00000006a1400000, 0x00000006a1400000, 0x00000006a1800000|  0%| F|  |TAMS 0x00000006a1400000, 0x00000006a1400000| Untracked 
| 646|0x00000006a1800000, 0x00000006a1800000, 0x00000006a1c00000|  0%| F|  |TAMS 0x00000006a1800000, 0x00000006a1800000| Untracked 
| 647|0x00000006a1c00000, 0x00000006a1c00000, 0x00000006a2000000|  0%| F|  |TAMS 0x00000006a1c00000, 0x00000006a1c00000| Untracked 
| 648|0x00000006a2000000, 0x00000006a2000000, 0x00000006a2400000|  0%| F|  |TAMS 0x00000006a2000000, 0x00000006a2000000| Untracked 
| 649|0x00000006a2400000, 0x00000006a2400000, 0x00000006a2800000|  0%| F|  |TAMS 0x00000006a2400000, 0x00000006a2400000| Untracked 
| 650|0x00000006a2800000, 0x00000006a2800000, 0x00000006a2c00000|  0%| F|  |TAMS 0x00000006a2800000, 0x00000006a2800000| Untracked 
| 651|0x00000006a2c00000, 0x00000006a2c00000, 0x00000006a3000000|  0%| F|  |TAMS 0x00000006a2c00000, 0x00000006a2c00000| Untracked 
| 652|0x00000006a3000000, 0x00000006a3000000, 0x00000006a3400000|  0%| F|  |TAMS 0x00000006a3000000, 0x00000006a3000000| Untracked 
| 653|0x00000006a3400000, 0x00000006a3400000, 0x00000006a3800000|  0%| F|  |TAMS 0x00000006a3400000, 0x00000006a3400000| Untracked 
| 654|0x00000006a3800000, 0x00000006a3800000, 0x00000006a3c00000|  0%| F|  |TAMS 0x00000006a3800000, 0x00000006a3800000| Untracked 
| 655|0x00000006a3c00000, 0x00000006a3c00000, 0x00000006a4000000|  0%| F|  |TAMS 0x00000006a3c00000, 0x00000006a3c00000| Untracked 
| 656|0x00000006a4000000, 0x00000006a4000000, 0x00000006a4400000|  0%| F|  |TAMS 0x00000006a4000000, 0x00000006a4000000| Untracked 
| 657|0x00000006a4400000, 0x00000006a4400000, 0x00000006a4800000|  0%| F|  |TAMS 0x00000006a4400000, 0x00000006a4400000| Untracked 
| 658|0x00000006a4800000, 0x00000006a4800000, 0x00000006a4c00000|  0%| F|  |TAMS 0x00000006a4800000, 0x00000006a4800000| Untracked 
| 659|0x00000006a4c00000, 0x00000006a4c00000, 0x00000006a5000000|  0%| F|  |TAMS 0x00000006a4c00000, 0x00000006a4c00000| Untracked 
| 660|0x00000006a5000000, 0x00000006a5000000, 0x00000006a5400000|  0%| F|  |TAMS 0x00000006a5000000, 0x00000006a5000000| Untracked 
| 661|0x00000006a5400000, 0x00000006a5400000, 0x00000006a5800000|  0%| F|  |TAMS 0x00000006a5400000, 0x00000006a5400000| Untracked 
| 662|0x00000006a5800000, 0x00000006a5800000, 0x00000006a5c00000|  0%| F|  |TAMS 0x00000006a5800000, 0x00000006a5800000| Untracked 
| 663|0x00000006a5c00000, 0x00000006a5c00000, 0x00000006a6000000|  0%| F|  |TAMS 0x00000006a5c00000, 0x00000006a5c00000| Untracked 
| 664|0x00000006a6000000, 0x00000006a6000000, 0x00000006a6400000|  0%| F|  |TAMS 0x00000006a6000000, 0x00000006a6000000| Untracked 
| 665|0x00000006a6400000, 0x00000006a6400000, 0x00000006a6800000|  0%| F|  |TAMS 0x00000006a6400000, 0x00000006a6400000| Untracked 
| 666|0x00000006a6800000, 0x00000006a6800000, 0x00000006a6c00000|  0%| F|  |TAMS 0x00000006a6800000, 0x00000006a6800000| Untracked 
| 667|0x00000006a6c00000, 0x00000006a6c00000, 0x00000006a7000000|  0%| F|  |TAMS 0x00000006a6c00000, 0x00000006a6c00000| Untracked 
| 668|0x00000006a7000000, 0x00000006a7000000, 0x00000006a7400000|  0%| F|  |TAMS 0x00000006a7000000, 0x00000006a7000000| Untracked 
| 669|0x00000006a7400000, 0x00000006a7400000, 0x00000006a7800000|  0%| F|  |TAMS 0x00000006a7400000, 0x00000006a7400000| Untracked 
| 670|0x00000006a7800000, 0x00000006a7800000, 0x00000006a7c00000|  0%| F|  |TAMS 0x00000006a7800000, 0x00000006a7800000| Untracked 
| 671|0x00000006a7c00000, 0x00000006a7c00000, 0x00000006a8000000|  0%| F|  |TAMS 0x00000006a7c00000, 0x00000006a7c00000| Untracked 
| 672|0x00000006a8000000, 0x00000006a8000000, 0x00000006a8400000|  0%| F|  |TAMS 0x00000006a8000000, 0x00000006a8000000| Untracked 
| 673|0x00000006a8400000, 0x00000006a8400000, 0x00000006a8800000|  0%| F|  |TAMS 0x00000006a8400000, 0x00000006a8400000| Untracked 
| 674|0x00000006a8800000, 0x00000006a8800000, 0x00000006a8c00000|  0%| F|  |TAMS 0x00000006a8800000, 0x00000006a8800000| Untracked 
| 675|0x00000006a8c00000, 0x00000006a8c00000, 0x00000006a9000000|  0%| F|  |TAMS 0x00000006a8c00000, 0x00000006a8c00000| Untracked 
| 676|0x00000006a9000000, 0x00000006a9000000, 0x00000006a9400000|  0%| F|  |TAMS 0x00000006a9000000, 0x00000006a9000000| Untracked 
| 677|0x00000006a9400000, 0x00000006a9400000, 0x00000006a9800000|  0%| F|  |TAMS 0x00000006a9400000, 0x00000006a9400000| Untracked 
| 678|0x00000006a9800000, 0x00000006a9800000, 0x00000006a9c00000|  0%| F|  |TAMS 0x00000006a9800000, 0x00000006a9800000| Untracked 
| 679|0x00000006a9c00000, 0x00000006a9c00000, 0x00000006aa000000|  0%| F|  |TAMS 0x00000006a9c00000, 0x00000006a9c00000| Untracked 
| 680|0x00000006aa000000, 0x00000006aa000000, 0x00000006aa400000|  0%| F|  |TAMS 0x00000006aa000000, 0x00000006aa000000| Untracked 
| 681|0x00000006aa400000, 0x00000006aa400000, 0x00000006aa800000|  0%| F|  |TAMS 0x00000006aa400000, 0x00000006aa400000| Untracked 
| 682|0x00000006aa800000, 0x00000006aa800000, 0x00000006aac00000|  0%| F|  |TAMS 0x00000006aa800000, 0x00000006aa800000| Untracked 
| 683|0x00000006aac00000, 0x00000006aac00000, 0x00000006ab000000|  0%| F|  |TAMS 0x00000006aac00000, 0x00000006aac00000| Untracked 
| 684|0x00000006ab000000, 0x00000006ab000000, 0x00000006ab400000|  0%| F|  |TAMS 0x00000006ab000000, 0x00000006ab000000| Untracked 
| 685|0x00000006ab400000, 0x00000006ab400000, 0x00000006ab800000|  0%| F|  |TAMS 0x00000006ab400000, 0x00000006ab400000| Untracked 
| 686|0x00000006ab800000, 0x00000006abc00000, 0x00000006abc00000|100%| S|CS|TAMS 0x00000006ab800000, 0x00000006ab800000| Complete 
| 687|0x00000006abc00000, 0x00000006ac000000, 0x00000006ac000000|100%| S|CS|TAMS 0x00000006abc00000, 0x00000006abc00000| Complete 
| 688|0x00000006ac000000, 0x00000006ac400000, 0x00000006ac400000|100%| S|CS|TAMS 0x00000006ac000000, 0x00000006ac000000| Complete 
| 689|0x00000006ac400000, 0x00000006ac800000, 0x00000006ac800000|100%| S|CS|TAMS 0x00000006ac400000, 0x00000006ac400000| Complete 
| 690|0x00000006ac800000, 0x00000006acc00000, 0x00000006acc00000|100%| S|CS|TAMS 0x00000006ac800000, 0x00000006ac800000| Complete 
| 691|0x00000006acc00000, 0x00000006ad000000, 0x00000006ad000000|100%| S|CS|TAMS 0x00000006acc00000, 0x00000006acc00000| Complete 
| 692|0x00000006ad000000, 0x00000006ad400000, 0x00000006ad400000|100%| S|CS|TAMS 0x00000006ad000000, 0x00000006ad000000| Complete 
| 693|0x00000006ad400000, 0x00000006ad800000, 0x00000006ad800000|100%| S|CS|TAMS 0x00000006ad400000, 0x00000006ad400000| Complete 
| 694|0x00000006ad800000, 0x00000006adc00000, 0x00000006adc00000|100%| S|CS|TAMS 0x00000006ad800000, 0x00000006ad800000| Complete 
| 695|0x00000006adc00000, 0x00000006ae000000, 0x00000006ae000000|100%| S|CS|TAMS 0x00000006adc00000, 0x00000006adc00000| Complete 
| 696|0x00000006ae000000, 0x00000006ae400000, 0x00000006ae400000|100%| S|CS|TAMS 0x00000006ae000000, 0x00000006ae000000| Complete 
| 697|0x00000006ae400000, 0x00000006ae800000, 0x00000006ae800000|100%| S|CS|TAMS 0x00000006ae400000, 0x00000006ae400000| Complete 
| 698|0x00000006ae800000, 0x00000006aec00000, 0x00000006aec00000|100%| S|CS|TAMS 0x00000006ae800000, 0x00000006ae800000| Complete 
| 699|0x00000006aec00000, 0x00000006af000000, 0x00000006af000000|100%| S|CS|TAMS 0x00000006aec00000, 0x00000006aec00000| Complete 
| 700|0x00000006af000000, 0x00000006af400000, 0x00000006af400000|100%| S|CS|TAMS 0x00000006af000000, 0x00000006af000000| Complete 
| 701|0x00000006af400000, 0x00000006af800000, 0x00000006af800000|100%| S|CS|TAMS 0x00000006af400000, 0x00000006af400000| Complete 
| 702|0x00000006af800000, 0x00000006afc00000, 0x00000006afc00000|100%| S|CS|TAMS 0x00000006af800000, 0x00000006af800000| Complete 
| 703|0x00000006afc00000, 0x00000006b0000000, 0x00000006b0000000|100%| S|CS|TAMS 0x00000006afc00000, 0x00000006afc00000| Complete 
| 704|0x00000006b0000000, 0x00000006b0400000, 0x00000006b0400000|100%| S|CS|TAMS 0x00000006b0000000, 0x00000006b0000000| Complete 
| 705|0x00000006b0400000, 0x00000006b0800000, 0x00000006b0800000|100%| S|CS|TAMS 0x00000006b0400000, 0x00000006b0400000| Complete 
| 706|0x00000006b0800000, 0x00000006b0c00000, 0x00000006b0c00000|100%| S|CS|TAMS 0x00000006b0800000, 0x00000006b0800000| Complete 
| 707|0x00000006b0c00000, 0x00000006b1000000, 0x00000006b1000000|100%| S|CS|TAMS 0x00000006b0c00000, 0x00000006b0c00000| Complete 
| 708|0x00000006b1000000, 0x00000006b1400000, 0x00000006b1400000|100%| S|CS|TAMS 0x00000006b1000000, 0x00000006b1000000| Complete 
| 709|0x00000006b1400000, 0x00000006b1800000, 0x00000006b1800000|100%| S|CS|TAMS 0x00000006b1400000, 0x00000006b1400000| Complete 
| 710|0x00000006b1800000, 0x00000006b1c00000, 0x00000006b1c00000|100%| S|CS|TAMS 0x00000006b1800000, 0x00000006b1800000| Complete 
| 711|0x00000006b1c00000, 0x00000006b2000000, 0x00000006b2000000|100%| S|CS|TAMS 0x00000006b1c00000, 0x00000006b1c00000| Complete 
| 712|0x00000006b2000000, 0x00000006b2400000, 0x00000006b2400000|100%| S|CS|TAMS 0x00000006b2000000, 0x00000006b2000000| Complete 
| 713|0x00000006b2400000, 0x00000006b2800000, 0x00000006b2800000|100%| S|CS|TAMS 0x00000006b2400000, 0x00000006b2400000| Complete 
| 714|0x00000006b2800000, 0x00000006b2c00000, 0x00000006b2c00000|100%| S|CS|TAMS 0x00000006b2800000, 0x00000006b2800000| Complete 
| 715|0x00000006b2c00000, 0x00000006b3000000, 0x00000006b3000000|100%| S|CS|TAMS 0x00000006b2c00000, 0x00000006b2c00000| Complete 
| 716|0x00000006b3000000, 0x00000006b3400000, 0x00000006b3400000|100%| S|CS|TAMS 0x00000006b3000000, 0x00000006b3000000| Complete 
| 717|0x00000006b3400000, 0x00000006b3800000, 0x00000006b3800000|100%| S|CS|TAMS 0x00000006b3400000, 0x00000006b3400000| Complete 
| 718|0x00000006b3800000, 0x00000006b3c00000, 0x00000006b3c00000|100%| S|CS|TAMS 0x00000006b3800000, 0x00000006b3800000| Complete 
| 719|0x00000006b3c00000, 0x00000006b4000000, 0x00000006b4000000|100%| S|CS|TAMS 0x00000006b3c00000, 0x00000006b3c00000| Complete 
| 720|0x00000006b4000000, 0x00000006b4400000, 0x00000006b4400000|100%| S|CS|TAMS 0x00000006b4000000, 0x00000006b4000000| Complete 
| 721|0x00000006b4400000, 0x00000006b4800000, 0x00000006b4800000|100%| S|CS|TAMS 0x00000006b4400000, 0x00000006b4400000| Complete 
| 722|0x00000006b4800000, 0x00000006b4c00000, 0x00000006b4c00000|100%| S|CS|TAMS 0x00000006b4800000, 0x00000006b4800000| Complete 
| 723|0x00000006b4c00000, 0x00000006b5000000, 0x00000006b5000000|100%| S|CS|TAMS 0x00000006b4c00000, 0x00000006b4c00000| Complete 
| 724|0x00000006b5000000, 0x00000006b5400000, 0x00000006b5400000|100%| S|CS|TAMS 0x00000006b5000000, 0x00000006b5000000| Complete 
| 725|0x00000006b5400000, 0x00000006b5800000, 0x00000006b5800000|100%| S|CS|TAMS 0x00000006b5400000, 0x00000006b5400000| Complete 
| 726|0x00000006b5800000, 0x00000006b5c00000, 0x00000006b5c00000|100%| S|CS|TAMS 0x00000006b5800000, 0x00000006b5800000| Complete 
| 727|0x00000006b5c00000, 0x00000006b6000000, 0x00000006b6000000|100%| S|CS|TAMS 0x00000006b5c00000, 0x00000006b5c00000| Complete 
| 728|0x00000006b6000000, 0x00000006b6400000, 0x00000006b6400000|100%| S|CS|TAMS 0x00000006b6000000, 0x00000006b6000000| Complete 
| 729|0x00000006b6400000, 0x00000006b6800000, 0x00000006b6800000|100%| S|CS|TAMS 0x00000006b6400000, 0x00000006b6400000| Complete 
| 730|0x00000006b6800000, 0x00000006b6c00000, 0x00000006b6c00000|100%| S|CS|TAMS 0x00000006b6800000, 0x00000006b6800000| Complete 
| 731|0x00000006b6c00000, 0x00000006b7000000, 0x00000006b7000000|100%| S|CS|TAMS 0x00000006b6c00000, 0x00000006b6c00000| Complete 
| 732|0x00000006b7000000, 0x00000006b7400000, 0x00000006b7400000|100%| S|CS|TAMS 0x00000006b7000000, 0x00000006b7000000| Complete 
| 733|0x00000006b7400000, 0x00000006b7800000, 0x00000006b7800000|100%| S|CS|TAMS 0x00000006b7400000, 0x00000006b7400000| Complete 
| 734|0x00000006b7800000, 0x00000006b7c00000, 0x00000006b7c00000|100%| S|CS|TAMS 0x00000006b7800000, 0x00000006b7800000| Complete 
| 735|0x00000006b7c00000, 0x00000006b8000000, 0x00000006b8000000|100%| S|CS|TAMS 0x00000006b7c00000, 0x00000006b7c00000| Complete 
| 736|0x00000006b8000000, 0x00000006b8400000, 0x00000006b8400000|100%| S|CS|TAMS 0x00000006b8000000, 0x00000006b8000000| Complete 
| 737|0x00000006b8400000, 0x00000006b8800000, 0x00000006b8800000|100%| S|CS|TAMS 0x00000006b8400000, 0x00000006b8400000| Complete 
| 738|0x00000006b8800000, 0x00000006b8c00000, 0x00000006b8c00000|100%| S|CS|TAMS 0x00000006b8800000, 0x00000006b8800000| Complete 
| 739|0x00000006b8c00000, 0x00000006b9000000, 0x00000006b9000000|100%| S|CS|TAMS 0x00000006b8c00000, 0x00000006b8c00000| Complete 
| 740|0x00000006b9000000, 0x00000006b9400000, 0x00000006b9400000|100%| S|CS|TAMS 0x00000006b9000000, 0x00000006b9000000| Complete 
| 741|0x00000006b9400000, 0x00000006b9800000, 0x00000006b9800000|100%| S|CS|TAMS 0x00000006b9400000, 0x00000006b9400000| Complete 
| 742|0x00000006b9800000, 0x00000006b9c00000, 0x00000006b9c00000|100%| S|CS|TAMS 0x00000006b9800000, 0x00000006b9800000| Complete 
| 743|0x00000006b9c00000, 0x00000006ba000000, 0x00000006ba000000|100%| S|CS|TAMS 0x00000006b9c00000, 0x00000006b9c00000| Complete 
| 744|0x00000006ba000000, 0x00000006ba000000, 0x00000006ba400000|  0%| F|  |TAMS 0x00000006ba000000, 0x00000006ba000000| Untracked 
| 745|0x00000006ba400000, 0x00000006ba400000, 0x00000006ba800000|  0%| F|  |TAMS 0x00000006ba400000, 0x00000006ba400000| Untracked 
| 746|0x00000006ba800000, 0x00000006ba800000, 0x00000006bac00000|  0%| F|  |TAMS 0x00000006ba800000, 0x00000006ba800000| Untracked 
| 747|0x00000006bac00000, 0x00000006bac00000, 0x00000006bb000000|  0%| F|  |TAMS 0x00000006bac00000, 0x00000006bac00000| Untracked 
| 748|0x00000006bb000000, 0x00000006bb000000, 0x00000006bb400000|  0%| F|  |TAMS 0x00000006bb000000, 0x00000006bb000000| Untracked 
| 749|0x00000006bb400000, 0x00000006bb400000, 0x00000006bb800000|  0%| F|  |TAMS 0x00000006bb400000, 0x00000006bb400000| Untracked 
| 750|0x00000006bb800000, 0x00000006bb800000, 0x00000006bbc00000|  0%| F|  |TAMS 0x00000006bb800000, 0x00000006bb800000| Untracked 
| 751|0x00000006bbc00000, 0x00000006bbc00000, 0x00000006bc000000|  0%| F|  |TAMS 0x00000006bbc00000, 0x00000006bbc00000| Untracked 
| 752|0x00000006bc000000, 0x00000006bc000000, 0x00000006bc400000|  0%| F|  |TAMS 0x00000006bc000000, 0x00000006bc000000| Untracked 
| 753|0x00000006bc400000, 0x00000006bc400000, 0x00000006bc800000|  0%| F|  |TAMS 0x00000006bc400000, 0x00000006bc400000| Untracked 
| 754|0x00000006bc800000, 0x00000006bc800000, 0x00000006bcc00000|  0%| F|  |TAMS 0x00000006bc800000, 0x00000006bc800000| Untracked 
| 755|0x00000006bcc00000, 0x00000006bcc00000, 0x00000006bd000000|  0%| F|  |TAMS 0x00000006bcc00000, 0x00000006bcc00000| Untracked 
| 756|0x00000006bd000000, 0x00000006bd000000, 0x00000006bd400000|  0%| F|  |TAMS 0x00000006bd000000, 0x00000006bd000000| Untracked 
| 757|0x00000006bd400000, 0x00000006bd400000, 0x00000006bd800000|  0%| F|  |TAMS 0x00000006bd400000, 0x00000006bd400000| Untracked 
| 758|0x00000006bd800000, 0x00000006bd800000, 0x00000006bdc00000|  0%| F|  |TAMS 0x00000006bd800000, 0x00000006bd800000| Untracked 
| 759|0x00000006bdc00000, 0x00000006bdc00000, 0x00000006be000000|  0%| F|  |TAMS 0x00000006bdc00000, 0x00000006bdc00000| Untracked 
| 760|0x00000006be000000, 0x00000006be000000, 0x00000006be400000|  0%| F|  |TAMS 0x00000006be000000, 0x00000006be000000| Untracked 
| 761|0x00000006be400000, 0x00000006be400000, 0x00000006be800000|  0%| F|  |TAMS 0x00000006be400000, 0x00000006be400000| Untracked 
| 762|0x00000006be800000, 0x00000006be800000, 0x00000006bec00000|  0%| F|  |TAMS 0x00000006be800000, 0x00000006be800000| Untracked 
| 763|0x00000006bec00000, 0x00000006bec00000, 0x00000006bf000000|  0%| F|  |TAMS 0x00000006bec00000, 0x00000006bec00000| Untracked 
| 764|0x00000006bf000000, 0x00000006bf000000, 0x00000006bf400000|  0%| F|  |TAMS 0x00000006bf000000, 0x00000006bf000000| Untracked 
| 765|0x00000006bf400000, 0x00000006bf400000, 0x00000006bf800000|  0%| F|  |TAMS 0x00000006bf400000, 0x00000006bf400000| Untracked 
| 766|0x00000006bf800000, 0x00000006bf800000, 0x00000006bfc00000|  0%| F|  |TAMS 0x00000006bf800000, 0x00000006bf800000| Untracked 
| 767|0x00000006bfc00000, 0x00000006bfc00000, 0x00000006c0000000|  0%| F|  |TAMS 0x00000006bfc00000, 0x00000006bfc00000| Untracked 
| 768|0x00000006c0000000, 0x00000006c0000000, 0x00000006c0400000|  0%| F|  |TAMS 0x00000006c0000000, 0x00000006c0000000| Untracked 
| 769|0x00000006c0400000, 0x00000006c0400000, 0x00000006c0800000|  0%| F|  |TAMS 0x00000006c0400000, 0x00000006c0400000| Untracked 
| 770|0x00000006c0800000, 0x00000006c0800000, 0x00000006c0c00000|  0%| F|  |TAMS 0x00000006c0800000, 0x00000006c0800000| Untracked 
| 771|0x00000006c0c00000, 0x00000006c0c00000, 0x00000006c1000000|  0%| F|  |TAMS 0x00000006c0c00000, 0x00000006c0c00000| Untracked 
| 772|0x00000006c1000000, 0x00000006c1000000, 0x00000006c1400000|  0%| F|  |TAMS 0x00000006c1000000, 0x00000006c1000000| Untracked 
| 773|0x00000006c1400000, 0x00000006c1400000, 0x00000006c1800000|  0%| F|  |TAMS 0x00000006c1400000, 0x00000006c1400000| Untracked 
| 774|0x00000006c1800000, 0x00000006c1800000, 0x00000006c1c00000|  0%| F|  |TAMS 0x00000006c1800000, 0x00000006c1800000| Untracked 
| 775|0x00000006c1c00000, 0x00000006c1c00000, 0x00000006c2000000|  0%| F|  |TAMS 0x00000006c1c00000, 0x00000006c1c00000| Untracked 
| 776|0x00000006c2000000, 0x00000006c2000000, 0x00000006c2400000|  0%| F|  |TAMS 0x00000006c2000000, 0x00000006c2000000| Untracked 
| 777|0x00000006c2400000, 0x00000006c2400000, 0x00000006c2800000|  0%| F|  |TAMS 0x00000006c2400000, 0x00000006c2400000| Untracked 
| 778|0x00000006c2800000, 0x00000006c2800000, 0x00000006c2c00000|  0%| F|  |TAMS 0x00000006c2800000, 0x00000006c2800000| Untracked 
| 779|0x00000006c2c00000, 0x00000006c2c00000, 0x00000006c3000000|  0%| F|  |TAMS 0x00000006c2c00000, 0x00000006c2c00000| Untracked 
| 780|0x00000006c3000000, 0x00000006c3000000, 0x00000006c3400000|  0%| F|  |TAMS 0x00000006c3000000, 0x00000006c3000000| Untracked 
| 781|0x00000006c3400000, 0x00000006c3400000, 0x00000006c3800000|  0%| F|  |TAMS 0x00000006c3400000, 0x00000006c3400000| Untracked 
| 782|0x00000006c3800000, 0x00000006c3800000, 0x00000006c3c00000|  0%| F|  |TAMS 0x00000006c3800000, 0x00000006c3800000| Untracked 
| 783|0x00000006c3c00000, 0x00000006c3c00000, 0x00000006c4000000|  0%| F|  |TAMS 0x00000006c3c00000, 0x00000006c3c00000| Untracked 
| 784|0x00000006c4000000, 0x00000006c4000000, 0x00000006c4400000|  0%| F|  |TAMS 0x00000006c4000000, 0x00000006c4000000| Untracked 
| 785|0x00000006c4400000, 0x00000006c4400000, 0x00000006c4800000|  0%| F|  |TAMS 0x00000006c4400000, 0x00000006c4400000| Untracked 
| 786|0x00000006c4800000, 0x00000006c4800000, 0x00000006c4c00000|  0%| F|  |TAMS 0x00000006c4800000, 0x00000006c4800000| Untracked 
| 787|0x00000006c4c00000, 0x00000006c4c00000, 0x00000006c5000000|  0%| F|  |TAMS 0x00000006c4c00000, 0x00000006c4c00000| Untracked 
| 788|0x00000006c5000000, 0x00000006c5000000, 0x00000006c5400000|  0%| F|  |TAMS 0x00000006c5000000, 0x00000006c5000000| Untracked 
| 789|0x00000006c5400000, 0x00000006c5400000, 0x00000006c5800000|  0%| F|  |TAMS 0x00000006c5400000, 0x00000006c5400000| Untracked 
| 790|0x00000006c5800000, 0x00000006c5800000, 0x00000006c5c00000|  0%| F|  |TAMS 0x00000006c5800000, 0x00000006c5800000| Untracked 
| 791|0x00000006c5c00000, 0x00000006c5c00000, 0x00000006c6000000|  0%| F|  |TAMS 0x00000006c5c00000, 0x00000006c5c00000| Untracked 
| 792|0x00000006c6000000, 0x00000006c6000000, 0x00000006c6400000|  0%| F|  |TAMS 0x00000006c6000000, 0x00000006c6000000| Untracked 
| 793|0x00000006c6400000, 0x00000006c6400000, 0x00000006c6800000|  0%| F|  |TAMS 0x00000006c6400000, 0x00000006c6400000| Untracked 
| 794|0x00000006c6800000, 0x00000006c6800000, 0x00000006c6c00000|  0%| F|  |TAMS 0x00000006c6800000, 0x00000006c6800000| Untracked 
| 795|0x00000006c6c00000, 0x00000006c6c00000, 0x00000006c7000000|  0%| F|  |TAMS 0x00000006c6c00000, 0x00000006c6c00000| Untracked 
| 796|0x00000006c7000000, 0x00000006c7000000, 0x00000006c7400000|  0%| F|  |TAMS 0x00000006c7000000, 0x00000006c7000000| Untracked 
| 797|0x00000006c7400000, 0x00000006c7400000, 0x00000006c7800000|  0%| F|  |TAMS 0x00000006c7400000, 0x00000006c7400000| Untracked 
| 798|0x00000006c7800000, 0x00000006c7800000, 0x00000006c7c00000|  0%| F|  |TAMS 0x00000006c7800000, 0x00000006c7800000| Untracked 
| 799|0x00000006c7c00000, 0x00000006c7c00000, 0x00000006c8000000|  0%| F|  |TAMS 0x00000006c7c00000, 0x00000006c7c00000| Untracked 
| 800|0x00000006c8000000, 0x00000006c8000000, 0x00000006c8400000|  0%| F|  |TAMS 0x00000006c8000000, 0x00000006c8000000| Untracked 
| 801|0x00000006c8400000, 0x00000006c8400000, 0x00000006c8800000|  0%| F|  |TAMS 0x00000006c8400000, 0x00000006c8400000| Untracked 
| 802|0x00000006c8800000, 0x00000006c8800000, 0x00000006c8c00000|  0%| F|  |TAMS 0x00000006c8800000, 0x00000006c8800000| Untracked 
| 803|0x00000006c8c00000, 0x00000006c8c00000, 0x00000006c9000000|  0%| F|  |TAMS 0x00000006c8c00000, 0x00000006c8c00000| Untracked 
| 804|0x00000006c9000000, 0x00000006c9000000, 0x00000006c9400000|  0%| F|  |TAMS 0x00000006c9000000, 0x00000006c9000000| Untracked 
| 805|0x00000006c9400000, 0x00000006c9400000, 0x00000006c9800000|  0%| F|  |TAMS 0x00000006c9400000, 0x00000006c9400000| Untracked 
| 806|0x00000006c9800000, 0x00000006c9800000, 0x00000006c9c00000|  0%| F|  |TAMS 0x00000006c9800000, 0x00000006c9800000| Untracked 
| 807|0x00000006c9c00000, 0x00000006c9c00000, 0x00000006ca000000|  0%| F|  |TAMS 0x00000006c9c00000, 0x00000006c9c00000| Untracked 
| 808|0x00000006ca000000, 0x00000006ca000000, 0x00000006ca400000|  0%| F|  |TAMS 0x00000006ca000000, 0x00000006ca000000| Untracked 
| 809|0x00000006ca400000, 0x00000006ca400000, 0x00000006ca800000|  0%| F|  |TAMS 0x00000006ca400000, 0x00000006ca400000| Untracked 
| 810|0x00000006ca800000, 0x00000006ca800000, 0x00000006cac00000|  0%| F|  |TAMS 0x00000006ca800000, 0x00000006ca800000| Untracked 
| 811|0x00000006cac00000, 0x00000006cac00000, 0x00000006cb000000|  0%| F|  |TAMS 0x00000006cac00000, 0x00000006cac00000| Untracked 
| 812|0x00000006cb000000, 0x00000006cb000000, 0x00000006cb400000|  0%| F|  |TAMS 0x00000006cb000000, 0x00000006cb000000| Untracked 
| 813|0x00000006cb400000, 0x00000006cb400000, 0x00000006cb800000|  0%| F|  |TAMS 0x00000006cb400000, 0x00000006cb400000| Untracked 
| 814|0x00000006cb800000, 0x00000006cb800000, 0x00000006cbc00000|  0%| F|  |TAMS 0x00000006cb800000, 0x00000006cb800000| Untracked 
| 815|0x00000006cbc00000, 0x00000006cbc00000, 0x00000006cc000000|  0%| F|  |TAMS 0x00000006cbc00000, 0x00000006cbc00000| Untracked 
| 816|0x00000006cc000000, 0x00000006cc000000, 0x00000006cc400000|  0%| F|  |TAMS 0x00000006cc000000, 0x00000006cc000000| Untracked 
| 817|0x00000006cc400000, 0x00000006cc400000, 0x00000006cc800000|  0%| F|  |TAMS 0x00000006cc400000, 0x00000006cc400000| Untracked 
| 818|0x00000006cc800000, 0x00000006cc800000, 0x00000006ccc00000|  0%| F|  |TAMS 0x00000006cc800000, 0x00000006cc800000| Untracked 
| 819|0x00000006ccc00000, 0x00000006ccc00000, 0x00000006cd000000|  0%| F|  |TAMS 0x00000006ccc00000, 0x00000006ccc00000| Untracked 
| 820|0x00000006cd000000, 0x00000006cd000000, 0x00000006cd400000|  0%| F|  |TAMS 0x00000006cd000000, 0x00000006cd000000| Untracked 
| 821|0x00000006cd400000, 0x00000006cd400000, 0x00000006cd800000|  0%| F|  |TAMS 0x00000006cd400000, 0x00000006cd400000| Untracked 
| 822|0x00000006cd800000, 0x00000006cd800000, 0x00000006cdc00000|  0%| F|  |TAMS 0x00000006cd800000, 0x00000006cd800000| Untracked 
| 823|0x00000006cdc00000, 0x00000006cdc00000, 0x00000006ce000000|  0%| F|  |TAMS 0x00000006cdc00000, 0x00000006cdc00000| Untracked 
| 824|0x00000006ce000000, 0x00000006ce000000, 0x00000006ce400000|  0%| F|  |TAMS 0x00000006ce000000, 0x00000006ce000000| Untracked 
| 825|0x00000006ce400000, 0x00000006ce400000, 0x00000006ce800000|  0%| F|  |TAMS 0x00000006ce400000, 0x00000006ce400000| Untracked 
| 826|0x00000006ce800000, 0x00000006ce800000, 0x00000006cec00000|  0%| F|  |TAMS 0x00000006ce800000, 0x00000006ce800000| Untracked 
| 827|0x00000006cec00000, 0x00000006cec00000, 0x00000006cf000000|  0%| F|  |TAMS 0x00000006cec00000, 0x00000006cec00000| Untracked 
| 828|0x00000006cf000000, 0x00000006cf000000, 0x00000006cf400000|  0%| F|  |TAMS 0x00000006cf000000, 0x00000006cf000000| Untracked 
| 829|0x00000006cf400000, 0x00000006cf400000, 0x00000006cf800000|  0%| F|  |TAMS 0x00000006cf400000, 0x00000006cf400000| Untracked 
| 830|0x00000006cf800000, 0x00000006cf800000, 0x00000006cfc00000|  0%| F|  |TAMS 0x00000006cf800000, 0x00000006cf800000| Untracked 
| 831|0x00000006cfc00000, 0x00000006cfc00000, 0x00000006d0000000|  0%| F|  |TAMS 0x00000006cfc00000, 0x00000006cfc00000| Untracked 
| 832|0x00000006d0000000, 0x00000006d0000000, 0x00000006d0400000|  0%| F|  |TAMS 0x00000006d0000000, 0x00000006d0000000| Untracked 
| 833|0x00000006d0400000, 0x00000006d0400000, 0x00000006d0800000|  0%| F|  |TAMS 0x00000006d0400000, 0x00000006d0400000| Untracked 
| 834|0x00000006d0800000, 0x00000006d0800000, 0x00000006d0c00000|  0%| F|  |TAMS 0x00000006d0800000, 0x00000006d0800000| Untracked 
| 835|0x00000006d0c00000, 0x00000006d0c00000, 0x00000006d1000000|  0%| F|  |TAMS 0x00000006d0c00000, 0x00000006d0c00000| Untracked 
| 836|0x00000006d1000000, 0x00000006d1000000, 0x00000006d1400000|  0%| F|  |TAMS 0x00000006d1000000, 0x00000006d1000000| Untracked 
| 837|0x00000006d1400000, 0x00000006d1400000, 0x00000006d1800000|  0%| F|  |TAMS 0x00000006d1400000, 0x00000006d1400000| Untracked 
| 838|0x00000006d1800000, 0x00000006d1800000, 0x00000006d1c00000|  0%| F|  |TAMS 0x00000006d1800000, 0x00000006d1800000| Untracked 
| 839|0x00000006d1c00000, 0x00000006d1c00000, 0x00000006d2000000|  0%| F|  |TAMS 0x00000006d1c00000, 0x00000006d1c00000| Untracked 
| 840|0x00000006d2000000, 0x00000006d2000000, 0x00000006d2400000|  0%| F|  |TAMS 0x00000006d2000000, 0x00000006d2000000| Untracked 
| 841|0x00000006d2400000, 0x00000006d2400000, 0x00000006d2800000|  0%| F|  |TAMS 0x00000006d2400000, 0x00000006d2400000| Untracked 
| 842|0x00000006d2800000, 0x00000006d2800000, 0x00000006d2c00000|  0%| F|  |TAMS 0x00000006d2800000, 0x00000006d2800000| Untracked 
| 843|0x00000006d2c00000, 0x00000006d2c00000, 0x00000006d3000000|  0%| F|  |TAMS 0x00000006d2c00000, 0x00000006d2c00000| Untracked 
| 844|0x00000006d3000000, 0x00000006d3000000, 0x00000006d3400000|  0%| F|  |TAMS 0x00000006d3000000, 0x00000006d3000000| Untracked 
| 845|0x00000006d3400000, 0x00000006d3400000, 0x00000006d3800000|  0%| F|  |TAMS 0x00000006d3400000, 0x00000006d3400000| Untracked 
| 846|0x00000006d3800000, 0x00000006d3800000, 0x00000006d3c00000|  0%| F|  |TAMS 0x00000006d3800000, 0x00000006d3800000| Untracked 
| 847|0x00000006d3c00000, 0x00000006d3c00000, 0x00000006d4000000|  0%| F|  |TAMS 0x00000006d3c00000, 0x00000006d3c00000| Untracked 
| 848|0x00000006d4000000, 0x00000006d4000000, 0x00000006d4400000|  0%| F|  |TAMS 0x00000006d4000000, 0x00000006d4000000| Untracked 
| 849|0x00000006d4400000, 0x00000006d4400000, 0x00000006d4800000|  0%| F|  |TAMS 0x00000006d4400000, 0x00000006d4400000| Untracked 
| 850|0x00000006d4800000, 0x00000006d4800000, 0x00000006d4c00000|  0%| F|  |TAMS 0x00000006d4800000, 0x00000006d4800000| Untracked 
| 851|0x00000006d4c00000, 0x00000006d4c00000, 0x00000006d5000000|  0%| F|  |TAMS 0x00000006d4c00000, 0x00000006d4c00000| Untracked 
| 852|0x00000006d5000000, 0x00000006d5000000, 0x00000006d5400000|  0%| F|  |TAMS 0x00000006d5000000, 0x00000006d5000000| Untracked 
| 853|0x00000006d5400000, 0x00000006d5400000, 0x00000006d5800000|  0%| F|  |TAMS 0x00000006d5400000, 0x00000006d5400000| Untracked 
| 854|0x00000006d5800000, 0x00000006d5800000, 0x00000006d5c00000|  0%| F|  |TAMS 0x00000006d5800000, 0x00000006d5800000| Untracked 
| 855|0x00000006d5c00000, 0x00000006d5c00000, 0x00000006d6000000|  0%| F|  |TAMS 0x00000006d5c00000, 0x00000006d5c00000| Untracked 
| 856|0x00000006d6000000, 0x00000006d6000000, 0x00000006d6400000|  0%| F|  |TAMS 0x00000006d6000000, 0x00000006d6000000| Untracked 
| 857|0x00000006d6400000, 0x00000006d6400000, 0x00000006d6800000|  0%| F|  |TAMS 0x00000006d6400000, 0x00000006d6400000| Untracked 
| 858|0x00000006d6800000, 0x00000006d6800000, 0x00000006d6c00000|  0%| F|  |TAMS 0x00000006d6800000, 0x00000006d6800000| Untracked 
| 859|0x00000006d6c00000, 0x00000006d6c00000, 0x00000006d7000000|  0%| F|  |TAMS 0x00000006d6c00000, 0x00000006d6c00000| Untracked 
| 860|0x00000006d7000000, 0x00000006d7000000, 0x00000006d7400000|  0%| F|  |TAMS 0x00000006d7000000, 0x00000006d7000000| Untracked 
| 861|0x00000006d7400000, 0x00000006d7400000, 0x00000006d7800000|  0%| F|  |TAMS 0x00000006d7400000, 0x00000006d7400000| Untracked 
| 862|0x00000006d7800000, 0x00000006d7800000, 0x00000006d7c00000|  0%| F|  |TAMS 0x00000006d7800000, 0x00000006d7800000| Untracked 
| 863|0x00000006d7c00000, 0x00000006d7c00000, 0x00000006d8000000|  0%| F|  |TAMS 0x00000006d7c00000, 0x00000006d7c00000| Untracked 
| 864|0x00000006d8000000, 0x00000006d8000000, 0x00000006d8400000|  0%| F|  |TAMS 0x00000006d8000000, 0x00000006d8000000| Untracked 
| 865|0x00000006d8400000, 0x00000006d8400000, 0x00000006d8800000|  0%| F|  |TAMS 0x00000006d8400000, 0x00000006d8400000| Untracked 
| 866|0x00000006d8800000, 0x00000006d8800000, 0x00000006d8c00000|  0%| F|  |TAMS 0x00000006d8800000, 0x00000006d8800000| Untracked 
| 867|0x00000006d8c00000, 0x00000006d8c00000, 0x00000006d9000000|  0%| F|  |TAMS 0x00000006d8c00000, 0x00000006d8c00000| Untracked 
| 868|0x00000006d9000000, 0x00000006d9000000, 0x00000006d9400000|  0%| F|  |TAMS 0x00000006d9000000, 0x00000006d9000000| Untracked 
| 869|0x00000006d9400000, 0x00000006d9400000, 0x00000006d9800000|  0%| F|  |TAMS 0x00000006d9400000, 0x00000006d9400000| Untracked 
| 870|0x00000006d9800000, 0x00000006d9800000, 0x00000006d9c00000|  0%| F|  |TAMS 0x00000006d9800000, 0x00000006d9800000| Untracked 
| 871|0x00000006d9c00000, 0x00000006d9c00000, 0x00000006da000000|  0%| F|  |TAMS 0x00000006d9c00000, 0x00000006d9c00000| Untracked 
| 872|0x00000006da000000, 0x00000006da000000, 0x00000006da400000|  0%| F|  |TAMS 0x00000006da000000, 0x00000006da000000| Untracked 
| 873|0x00000006da400000, 0x00000006da400000, 0x00000006da800000|  0%| F|  |TAMS 0x00000006da400000, 0x00000006da400000| Untracked 
| 874|0x00000006da800000, 0x00000006da800000, 0x00000006dac00000|  0%| F|  |TAMS 0x00000006da800000, 0x00000006da800000| Untracked 
| 875|0x00000006dac00000, 0x00000006dac00000, 0x00000006db000000|  0%| F|  |TAMS 0x00000006dac00000, 0x00000006dac00000| Untracked 
| 876|0x00000006db000000, 0x00000006db000000, 0x00000006db400000|  0%| F|  |TAMS 0x00000006db000000, 0x00000006db000000| Untracked 
| 877|0x00000006db400000, 0x00000006db400000, 0x00000006db800000|  0%| F|  |TAMS 0x00000006db400000, 0x00000006db400000| Untracked 
| 878|0x00000006db800000, 0x00000006db800000, 0x00000006dbc00000|  0%| F|  |TAMS 0x00000006db800000, 0x00000006db800000| Untracked 
| 879|0x00000006dbc00000, 0x00000006dbc00000, 0x00000006dc000000|  0%| F|  |TAMS 0x00000006dbc00000, 0x00000006dbc00000| Untracked 
| 880|0x00000006dc000000, 0x00000006dc000000, 0x00000006dc400000|  0%| F|  |TAMS 0x00000006dc000000, 0x00000006dc000000| Untracked 
| 881|0x00000006dc400000, 0x00000006dc400000, 0x00000006dc800000|  0%| F|  |TAMS 0x00000006dc400000, 0x00000006dc400000| Untracked 
| 882|0x00000006dc800000, 0x00000006dc800000, 0x00000006dcc00000|  0%| F|  |TAMS 0x00000006dc800000, 0x00000006dc800000| Untracked 
| 883|0x00000006dcc00000, 0x00000006dcc00000, 0x00000006dd000000|  0%| F|  |TAMS 0x00000006dcc00000, 0x00000006dcc00000| Untracked 
| 884|0x00000006dd000000, 0x00000006dd000000, 0x00000006dd400000|  0%| F|  |TAMS 0x00000006dd000000, 0x00000006dd000000| Untracked 
| 885|0x00000006dd400000, 0x00000006dd400000, 0x00000006dd800000|  0%| F|  |TAMS 0x00000006dd400000, 0x00000006dd400000| Untracked 
| 886|0x00000006dd800000, 0x00000006dd800000, 0x00000006ddc00000|  0%| F|  |TAMS 0x00000006dd800000, 0x00000006dd800000| Untracked 
| 887|0x00000006ddc00000, 0x00000006ddc00000, 0x00000006de000000|  0%| F|  |TAMS 0x00000006ddc00000, 0x00000006ddc00000| Untracked 
| 888|0x00000006de000000, 0x00000006de000000, 0x00000006de400000|  0%| F|  |TAMS 0x00000006de000000, 0x00000006de000000| Untracked 
| 889|0x00000006de400000, 0x00000006de400000, 0x00000006de800000|  0%| F|  |TAMS 0x00000006de400000, 0x00000006de400000| Untracked 
| 890|0x00000006de800000, 0x00000006de800000, 0x00000006dec00000|  0%| F|  |TAMS 0x00000006de800000, 0x00000006de800000| Untracked 
| 891|0x00000006dec00000, 0x00000006dec00000, 0x00000006df000000|  0%| F|  |TAMS 0x00000006dec00000, 0x00000006dec00000| Untracked 
| 892|0x00000006df000000, 0x00000006df000000, 0x00000006df400000|  0%| F|  |TAMS 0x00000006df000000, 0x00000006df000000| Untracked 
| 893|0x00000006df400000, 0x00000006df400000, 0x00000006df800000|  0%| F|  |TAMS 0x00000006df400000, 0x00000006df400000| Untracked 
| 894|0x00000006df800000, 0x00000006df800000, 0x00000006dfc00000|  0%| F|  |TAMS 0x00000006df800000, 0x00000006df800000| Untracked 
| 895|0x00000006dfc00000, 0x00000006dfc00000, 0x00000006e0000000|  0%| F|  |TAMS 0x00000006dfc00000, 0x00000006dfc00000| Untracked 
| 896|0x00000006e0000000, 0x00000006e0000000, 0x00000006e0400000|  0%| F|  |TAMS 0x00000006e0000000, 0x00000006e0000000| Untracked 
| 897|0x00000006e0400000, 0x00000006e0400000, 0x00000006e0800000|  0%| F|  |TAMS 0x00000006e0400000, 0x00000006e0400000| Untracked 
| 898|0x00000006e0800000, 0x00000006e0800000, 0x00000006e0c00000|  0%| F|  |TAMS 0x00000006e0800000, 0x00000006e0800000| Untracked 
| 899|0x00000006e0c00000, 0x00000006e0c00000, 0x00000006e1000000|  0%| F|  |TAMS 0x00000006e0c00000, 0x00000006e0c00000| Untracked 
| 900|0x00000006e1000000, 0x00000006e1000000, 0x00000006e1400000|  0%| F|  |TAMS 0x00000006e1000000, 0x00000006e1000000| Untracked 
| 901|0x00000006e1400000, 0x00000006e1400000, 0x00000006e1800000|  0%| F|  |TAMS 0x00000006e1400000, 0x00000006e1400000| Untracked 
| 902|0x00000006e1800000, 0x00000006e1800000, 0x00000006e1c00000|  0%| F|  |TAMS 0x00000006e1800000, 0x00000006e1800000| Untracked 
| 903|0x00000006e1c00000, 0x00000006e1c00000, 0x00000006e2000000|  0%| F|  |TAMS 0x00000006e1c00000, 0x00000006e1c00000| Untracked 
| 904|0x00000006e2000000, 0x00000006e2000000, 0x00000006e2400000|  0%| F|  |TAMS 0x00000006e2000000, 0x00000006e2000000| Untracked 
| 905|0x00000006e2400000, 0x00000006e2400000, 0x00000006e2800000|  0%| F|  |TAMS 0x00000006e2400000, 0x00000006e2400000| Untracked 
| 906|0x00000006e2800000, 0x00000006e2800000, 0x00000006e2c00000|  0%| F|  |TAMS 0x00000006e2800000, 0x00000006e2800000| Untracked 
| 907|0x00000006e2c00000, 0x00000006e2c00000, 0x00000006e3000000|  0%| F|  |TAMS 0x00000006e2c00000, 0x00000006e2c00000| Untracked 
| 908|0x00000006e3000000, 0x00000006e3000000, 0x00000006e3400000|  0%| F|  |TAMS 0x00000006e3000000, 0x00000006e3000000| Untracked 
| 909|0x00000006e3400000, 0x00000006e3400000, 0x00000006e3800000|  0%| F|  |TAMS 0x00000006e3400000, 0x00000006e3400000| Untracked 
| 910|0x00000006e3800000, 0x00000006e3800000, 0x00000006e3c00000|  0%| F|  |TAMS 0x00000006e3800000, 0x00000006e3800000| Untracked 
| 911|0x00000006e3c00000, 0x00000006e3c00000, 0x00000006e4000000|  0%| F|  |TAMS 0x00000006e3c00000, 0x00000006e3c00000| Untracked 
| 912|0x00000006e4000000, 0x00000006e4000000, 0x00000006e4400000|  0%| F|  |TAMS 0x00000006e4000000, 0x00000006e4000000| Untracked 
| 913|0x00000006e4400000, 0x00000006e4400000, 0x00000006e4800000|  0%| F|  |TAMS 0x00000006e4400000, 0x00000006e4400000| Untracked 
| 914|0x00000006e4800000, 0x00000006e4800000, 0x00000006e4c00000|  0%| F|  |TAMS 0x00000006e4800000, 0x00000006e4800000| Untracked 
| 915|0x00000006e4c00000, 0x00000006e4c00000, 0x00000006e5000000|  0%| F|  |TAMS 0x00000006e4c00000, 0x00000006e4c00000| Untracked 
| 916|0x00000006e5000000, 0x00000006e5000000, 0x00000006e5400000|  0%| F|  |TAMS 0x00000006e5000000, 0x00000006e5000000| Untracked 
| 917|0x00000006e5400000, 0x00000006e5400000, 0x00000006e5800000|  0%| F|  |TAMS 0x00000006e5400000, 0x00000006e5400000| Untracked 
| 918|0x00000006e5800000, 0x00000006e5800000, 0x00000006e5c00000|  0%| F|  |TAMS 0x00000006e5800000, 0x00000006e5800000| Untracked 
| 919|0x00000006e5c00000, 0x00000006e5c00000, 0x00000006e6000000|  0%| F|  |TAMS 0x00000006e5c00000, 0x00000006e5c00000| Untracked 
| 920|0x00000006e6000000, 0x00000006e6000000, 0x00000006e6400000|  0%| F|  |TAMS 0x00000006e6000000, 0x00000006e6000000| Untracked 
| 921|0x00000006e6400000, 0x00000006e6400000, 0x00000006e6800000|  0%| F|  |TAMS 0x00000006e6400000, 0x00000006e6400000| Untracked 
| 922|0x00000006e6800000, 0x00000006e6800000, 0x00000006e6c00000|  0%| F|  |TAMS 0x00000006e6800000, 0x00000006e6800000| Untracked 
| 923|0x00000006e6c00000, 0x00000006e6c00000, 0x00000006e7000000|  0%| F|  |TAMS 0x00000006e6c00000, 0x00000006e6c00000| Untracked 
| 924|0x00000006e7000000, 0x00000006e7000000, 0x00000006e7400000|  0%| F|  |TAMS 0x00000006e7000000, 0x00000006e7000000| Untracked 
| 925|0x00000006e7400000, 0x00000006e7400000, 0x00000006e7800000|  0%| F|  |TAMS 0x00000006e7400000, 0x00000006e7400000| Untracked 
| 926|0x00000006e7800000, 0x00000006e7800000, 0x00000006e7c00000|  0%| F|  |TAMS 0x00000006e7800000, 0x00000006e7800000| Untracked 
| 927|0x00000006e7c00000, 0x00000006e7c00000, 0x00000006e8000000|  0%| F|  |TAMS 0x00000006e7c00000, 0x00000006e7c00000| Untracked 
| 928|0x00000006e8000000, 0x00000006e8000000, 0x00000006e8400000|  0%| F|  |TAMS 0x00000006e8000000, 0x00000006e8000000| Untracked 
| 929|0x00000006e8400000, 0x00000006e8400000, 0x00000006e8800000|  0%| F|  |TAMS 0x00000006e8400000, 0x00000006e8400000| Untracked 
| 930|0x00000006e8800000, 0x00000006e8800000, 0x00000006e8c00000|  0%| F|  |TAMS 0x00000006e8800000, 0x00000006e8800000| Untracked 
| 931|0x00000006e8c00000, 0x00000006e8c00000, 0x00000006e9000000|  0%| F|  |TAMS 0x00000006e8c00000, 0x00000006e8c00000| Untracked 
| 932|0x00000006e9000000, 0x00000006e9000000, 0x00000006e9400000|  0%| F|  |TAMS 0x00000006e9000000, 0x00000006e9000000| Untracked 
| 933|0x00000006e9400000, 0x00000006e9400000, 0x00000006e9800000|  0%| F|  |TAMS 0x00000006e9400000, 0x00000006e9400000| Untracked 
| 934|0x00000006e9800000, 0x00000006e9800000, 0x00000006e9c00000|  0%| F|  |TAMS 0x00000006e9800000, 0x00000006e9800000| Untracked 
| 935|0x00000006e9c00000, 0x00000006e9c00000, 0x00000006ea000000|  0%| F|  |TAMS 0x00000006e9c00000, 0x00000006e9c00000| Untracked 
| 936|0x00000006ea000000, 0x00000006ea000000, 0x00000006ea400000|  0%| F|  |TAMS 0x00000006ea000000, 0x00000006ea000000| Untracked 
| 937|0x00000006ea400000, 0x00000006ea400000, 0x00000006ea800000|  0%| F|  |TAMS 0x00000006ea400000, 0x00000006ea400000| Untracked 
| 938|0x00000006ea800000, 0x00000006ea800000, 0x00000006eac00000|  0%| F|  |TAMS 0x00000006ea800000, 0x00000006ea800000| Untracked 
| 939|0x00000006eac00000, 0x00000006eac00000, 0x00000006eb000000|  0%| F|  |TAMS 0x00000006eac00000, 0x00000006eac00000| Untracked 
| 940|0x00000006eb000000, 0x00000006eb000000, 0x00000006eb400000|  0%| F|  |TAMS 0x00000006eb000000, 0x00000006eb000000| Untracked 
| 941|0x00000006eb400000, 0x00000006eb400000, 0x00000006eb800000|  0%| F|  |TAMS 0x00000006eb400000, 0x00000006eb400000| Untracked 
| 942|0x00000006eb800000, 0x00000006eb800000, 0x00000006ebc00000|  0%| F|  |TAMS 0x00000006eb800000, 0x00000006eb800000| Untracked 
| 943|0x00000006ebc00000, 0x00000006ebc00000, 0x00000006ec000000|  0%| F|  |TAMS 0x00000006ebc00000, 0x00000006ebc00000| Untracked 
| 944|0x00000006ec000000, 0x00000006ec000000, 0x00000006ec400000|  0%| F|  |TAMS 0x00000006ec000000, 0x00000006ec000000| Untracked 
| 945|0x00000006ec400000, 0x00000006ec400000, 0x00000006ec800000|  0%| F|  |TAMS 0x00000006ec400000, 0x00000006ec400000| Untracked 
| 946|0x00000006ec800000, 0x00000006ec800000, 0x00000006ecc00000|  0%| F|  |TAMS 0x00000006ec800000, 0x00000006ec800000| Untracked 
| 947|0x00000006ecc00000, 0x00000006ecc00000, 0x00000006ed000000|  0%| F|  |TAMS 0x00000006ecc00000, 0x00000006ecc00000| Untracked 
| 948|0x00000006ed000000, 0x00000006ed000000, 0x00000006ed400000|  0%| F|  |TAMS 0x00000006ed000000, 0x00000006ed000000| Untracked 
| 949|0x00000006ed400000, 0x00000006ed400000, 0x00000006ed800000|  0%| F|  |TAMS 0x00000006ed400000, 0x00000006ed400000| Untracked 
| 950|0x00000006ed800000, 0x00000006ed800000, 0x00000006edc00000|  0%| F|  |TAMS 0x00000006ed800000, 0x00000006ed800000| Untracked 
| 951|0x00000006edc00000, 0x00000006edc00000, 0x00000006ee000000|  0%| F|  |TAMS 0x00000006edc00000, 0x00000006edc00000| Untracked 
| 952|0x00000006ee000000, 0x00000006ee000000, 0x00000006ee400000|  0%| F|  |TAMS 0x00000006ee000000, 0x00000006ee000000| Untracked 
| 953|0x00000006ee400000, 0x00000006ee400000, 0x00000006ee800000|  0%| F|  |TAMS 0x00000006ee400000, 0x00000006ee400000| Untracked 
| 954|0x00000006ee800000, 0x00000006ee800000, 0x00000006eec00000|  0%| F|  |TAMS 0x00000006ee800000, 0x00000006ee800000| Untracked 
| 955|0x00000006eec00000, 0x00000006eec00000, 0x00000006ef000000|  0%| F|  |TAMS 0x00000006eec00000, 0x00000006eec00000| Untracked 
| 956|0x00000006ef000000, 0x00000006ef000000, 0x00000006ef400000|  0%| F|  |TAMS 0x00000006ef000000, 0x00000006ef000000| Untracked 
| 957|0x00000006ef400000, 0x00000006ef400000, 0x00000006ef800000|  0%| F|  |TAMS 0x00000006ef400000, 0x00000006ef400000| Untracked 
| 958|0x00000006ef800000, 0x00000006ef800000, 0x00000006efc00000|  0%| F|  |TAMS 0x00000006ef800000, 0x00000006ef800000| Untracked 
| 959|0x00000006efc00000, 0x00000006efc00000, 0x00000006f0000000|  0%| F|  |TAMS 0x00000006efc00000, 0x00000006efc00000| Untracked 
| 960|0x00000006f0000000, 0x00000006f0000000, 0x00000006f0400000|  0%| F|  |TAMS 0x00000006f0000000, 0x00000006f0000000| Untracked 
| 961|0x00000006f0400000, 0x00000006f0400000, 0x00000006f0800000|  0%| F|  |TAMS 0x00000006f0400000, 0x00000006f0400000| Untracked 
| 962|0x00000006f0800000, 0x00000006f0800000, 0x00000006f0c00000|  0%| F|  |TAMS 0x00000006f0800000, 0x00000006f0800000| Untracked 
| 963|0x00000006f0c00000, 0x00000006f0c00000, 0x00000006f1000000|  0%| F|  |TAMS 0x00000006f0c00000, 0x00000006f0c00000| Untracked 
| 964|0x00000006f1000000, 0x00000006f1000000, 0x00000006f1400000|  0%| F|  |TAMS 0x00000006f1000000, 0x00000006f1000000| Untracked 
| 965|0x00000006f1400000, 0x00000006f1400000, 0x00000006f1800000|  0%| F|  |TAMS 0x00000006f1400000, 0x00000006f1400000| Untracked 
| 966|0x00000006f1800000, 0x00000006f1800000, 0x00000006f1c00000|  0%| F|  |TAMS 0x00000006f1800000, 0x00000006f1800000| Untracked 
| 967|0x00000006f1c00000, 0x00000006f1c00000, 0x00000006f2000000|  0%| F|  |TAMS 0x00000006f1c00000, 0x00000006f1c00000| Untracked 
| 968|0x00000006f2000000, 0x00000006f2000000, 0x00000006f2400000|  0%| F|  |TAMS 0x00000006f2000000, 0x00000006f2000000| Untracked 
| 969|0x00000006f2400000, 0x00000006f2400000, 0x00000006f2800000|  0%| F|  |TAMS 0x00000006f2400000, 0x00000006f2400000| Untracked 
| 970|0x00000006f2800000, 0x00000006f2800000, 0x00000006f2c00000|  0%| F|  |TAMS 0x00000006f2800000, 0x00000006f2800000| Untracked 
| 971|0x00000006f2c00000, 0x00000006f2c00000, 0x00000006f3000000|  0%| F|  |TAMS 0x00000006f2c00000, 0x00000006f2c00000| Untracked 
| 972|0x00000006f3000000, 0x00000006f3000000, 0x00000006f3400000|  0%| F|  |TAMS 0x00000006f3000000, 0x00000006f3000000| Untracked 
| 973|0x00000006f3400000, 0x00000006f3400000, 0x00000006f3800000|  0%| F|  |TAMS 0x00000006f3400000, 0x00000006f3400000| Untracked 
| 974|0x00000006f3800000, 0x00000006f3800000, 0x00000006f3c00000|  0%| F|  |TAMS 0x00000006f3800000, 0x00000006f3800000| Untracked 
| 975|0x00000006f3c00000, 0x00000006f3c00000, 0x00000006f4000000|  0%| F|  |TAMS 0x00000006f3c00000, 0x00000006f3c00000| Untracked 
| 976|0x00000006f4000000, 0x00000006f4000000, 0x00000006f4400000|  0%| F|  |TAMS 0x00000006f4000000, 0x00000006f4000000| Untracked 
| 977|0x00000006f4400000, 0x00000006f4400000, 0x00000006f4800000|  0%| F|  |TAMS 0x00000006f4400000, 0x00000006f4400000| Untracked 
| 978|0x00000006f4800000, 0x00000006f4800000, 0x00000006f4c00000|  0%| F|  |TAMS 0x00000006f4800000, 0x00000006f4800000| Untracked 
| 979|0x00000006f4c00000, 0x00000006f4c00000, 0x00000006f5000000|  0%| F|  |TAMS 0x00000006f4c00000, 0x00000006f4c00000| Untracked 
| 980|0x00000006f5000000, 0x00000006f5000000, 0x00000006f5400000|  0%| F|  |TAMS 0x00000006f5000000, 0x00000006f5000000| Untracked 
| 981|0x00000006f5400000, 0x00000006f5400000, 0x00000006f5800000|  0%| F|  |TAMS 0x00000006f5400000, 0x00000006f5400000| Untracked 
| 982|0x00000006f5800000, 0x00000006f5800000, 0x00000006f5c00000|  0%| F|  |TAMS 0x00000006f5800000, 0x00000006f5800000| Untracked 
| 983|0x00000006f5c00000, 0x00000006f5c00000, 0x00000006f6000000|  0%| F|  |TAMS 0x00000006f5c00000, 0x00000006f5c00000| Untracked 
| 984|0x00000006f6000000, 0x00000006f6000000, 0x00000006f6400000|  0%| F|  |TAMS 0x00000006f6000000, 0x00000006f6000000| Untracked 
| 985|0x00000006f6400000, 0x00000006f6400000, 0x00000006f6800000|  0%| F|  |TAMS 0x00000006f6400000, 0x00000006f6400000| Untracked 
| 986|0x00000006f6800000, 0x00000006f6800000, 0x00000006f6c00000|  0%| F|  |TAMS 0x00000006f6800000, 0x00000006f6800000| Untracked 
| 987|0x00000006f6c00000, 0x00000006f6c00000, 0x00000006f7000000|  0%| F|  |TAMS 0x00000006f6c00000, 0x00000006f6c00000| Untracked 
| 988|0x00000006f7000000, 0x00000006f7000000, 0x00000006f7400000|  0%| F|  |TAMS 0x00000006f7000000, 0x00000006f7000000| Untracked 
| 989|0x00000006f7400000, 0x00000006f7400000, 0x00000006f7800000|  0%| F|  |TAMS 0x00000006f7400000, 0x00000006f7400000| Untracked 
| 990|0x00000006f7800000, 0x00000006f7800000, 0x00000006f7c00000|  0%| F|  |TAMS 0x00000006f7800000, 0x00000006f7800000| Untracked 
| 991|0x00000006f7c00000, 0x00000006f7c00000, 0x00000006f8000000|  0%| F|  |TAMS 0x00000006f7c00000, 0x00000006f7c00000| Untracked 
| 992|0x00000006f8000000, 0x00000006f8000000, 0x00000006f8400000|  0%| F|  |TAMS 0x00000006f8000000, 0x00000006f8000000| Untracked 
| 993|0x00000006f8400000, 0x00000006f8400000, 0x00000006f8800000|  0%| F|  |TAMS 0x00000006f8400000, 0x00000006f8400000| Untracked 
| 994|0x00000006f8800000, 0x00000006f8800000, 0x00000006f8c00000|  0%| F|  |TAMS 0x00000006f8800000, 0x00000006f8800000| Untracked 
| 995|0x00000006f8c00000, 0x00000006f8c00000, 0x00000006f9000000|  0%| F|  |TAMS 0x00000006f8c00000, 0x00000006f8c00000| Untracked 
| 996|0x00000006f9000000, 0x00000006f9000000, 0x00000006f9400000|  0%| F|  |TAMS 0x00000006f9000000, 0x00000006f9000000| Untracked 
| 997|0x00000006f9400000, 0x00000006f9400000, 0x00000006f9800000|  0%| F|  |TAMS 0x00000006f9400000, 0x00000006f9400000| Untracked 
| 998|0x00000006f9800000, 0x00000006f9800000, 0x00000006f9c00000|  0%| F|  |TAMS 0x00000006f9800000, 0x00000006f9800000| Untracked 
| 999|0x00000006f9c00000, 0x00000006f9c00000, 0x00000006fa000000|  0%| F|  |TAMS 0x00000006f9c00000, 0x00000006f9c00000| Untracked 
|1000|0x00000006fa000000, 0x00000006fa000000, 0x00000006fa400000|  0%| F|  |TAMS 0x00000006fa000000, 0x00000006fa000000| Untracked 
|1001|0x00000006fa400000, 0x00000006fa400000, 0x00000006fa800000|  0%| F|  |TAMS 0x00000006fa400000, 0x00000006fa400000| Untracked 
|1002|0x00000006fa800000, 0x00000006fa800000, 0x00000006fac00000|  0%| F|  |TAMS 0x00000006fa800000, 0x00000006fa800000| Untracked 
|1003|0x00000006fac00000, 0x00000006fac00000, 0x00000006fb000000|  0%| F|  |TAMS 0x00000006fac00000, 0x00000006fac00000| Untracked 
|1004|0x00000006fb000000, 0x00000006fb000000, 0x00000006fb400000|  0%| F|  |TAMS 0x00000006fb000000, 0x00000006fb000000| Untracked 
|1005|0x00000006fb400000, 0x00000006fb400000, 0x00000006fb800000|  0%| F|  |TAMS 0x00000006fb400000, 0x00000006fb400000| Untracked 
|1006|0x00000006fb800000, 0x00000006fb800000, 0x00000006fbc00000|  0%| F|  |TAMS 0x00000006fb800000, 0x00000006fb800000| Untracked 
|1007|0x00000006fbc00000, 0x00000006fbc00000, 0x00000006fc000000|  0%| F|  |TAMS 0x00000006fbc00000, 0x00000006fbc00000| Untracked 
|1008|0x00000006fc000000, 0x00000006fc000000, 0x00000006fc400000|  0%| F|  |TAMS 0x00000006fc000000, 0x00000006fc000000| Untracked 
|1009|0x00000006fc400000, 0x00000006fc400000, 0x00000006fc800000|  0%| F|  |TAMS 0x00000006fc400000, 0x00000006fc400000| Untracked 
|1010|0x00000006fc800000, 0x00000006fc800000, 0x00000006fcc00000|  0%| F|  |TAMS 0x00000006fc800000, 0x00000006fc800000| Untracked 
|1011|0x00000006fcc00000, 0x00000006fcc00000, 0x00000006fd000000|  0%| F|  |TAMS 0x00000006fcc00000, 0x00000006fcc00000| Untracked 
|1012|0x00000006fd000000, 0x00000006fd000000, 0x00000006fd400000|  0%| F|  |TAMS 0x00000006fd000000, 0x00000006fd000000| Untracked 
|1013|0x00000006fd400000, 0x00000006fd400000, 0x00000006fd800000|  0%| F|  |TAMS 0x00000006fd400000, 0x00000006fd400000| Untracked 
|1014|0x00000006fd800000, 0x00000006fd800000, 0x00000006fdc00000|  0%| F|  |TAMS 0x00000006fd800000, 0x00000006fd800000| Untracked 
|1015|0x00000006fdc00000, 0x00000006fdc00000, 0x00000006fe000000|  0%| F|  |TAMS 0x00000006fdc00000, 0x00000006fdc00000| Untracked 
|1016|0x00000006fe000000, 0x00000006fe000000, 0x00000006fe400000|  0%| F|  |TAMS 0x00000006fe000000, 0x00000006fe000000| Untracked 
|1017|0x00000006fe400000, 0x00000006fe400000, 0x00000006fe800000|  0%| F|  |TAMS 0x00000006fe400000, 0x00000006fe400000| Untracked 
|1018|0x00000006fe800000, 0x00000006fe800000, 0x00000006fec00000|  0%| F|  |TAMS 0x00000006fe800000, 0x00000006fe800000| Untracked 
|1019|0x00000006fec00000, 0x00000006fec00000, 0x00000006ff000000|  0%| F|  |TAMS 0x00000006fec00000, 0x00000006fec00000| Untracked 
|1020|0x00000006ff000000, 0x00000006ff000000, 0x00000006ff400000|  0%| F|  |TAMS 0x00000006ff000000, 0x00000006ff000000| Untracked 
|1021|0x00000006ff400000, 0x00000006ff400000, 0x00000006ff800000|  0%| F|  |TAMS 0x00000006ff400000, 0x00000006ff400000| Untracked 
|1022|0x00000006ff800000, 0x00000006ff800000, 0x00000006ffc00000|  0%| F|  |TAMS 0x00000006ff800000, 0x00000006ff800000| Untracked 
|1023|0x00000006ffc00000, 0x00000006ffc00000, 0x0000000700000000|  0%| F|  |TAMS 0x00000006ffc00000, 0x00000006ffc00000| Untracked 
|1024|0x0000000700000000, 0x0000000700000000, 0x0000000700400000|  0%| F|  |TAMS 0x0000000700000000, 0x0000000700000000| Untracked 
|1025|0x0000000700400000, 0x0000000700400000, 0x0000000700800000|  0%| F|  |TAMS 0x0000000700400000, 0x0000000700400000| Untracked 
|1026|0x0000000700800000, 0x0000000700800000, 0x0000000700c00000|  0%| F|  |TAMS 0x0000000700800000, 0x0000000700800000| Untracked 
|1027|0x0000000700c00000, 0x0000000700c00000, 0x0000000701000000|  0%| F|  |TAMS 0x0000000700c00000, 0x0000000700c00000| Untracked 
|1028|0x0000000701000000, 0x0000000701000000, 0x0000000701400000|  0%| F|  |TAMS 0x0000000701000000, 0x0000000701000000| Untracked 
|1029|0x0000000701400000, 0x0000000701400000, 0x0000000701800000|  0%| F|  |TAMS 0x0000000701400000, 0x0000000701400000| Untracked 
|1030|0x0000000701800000, 0x0000000701800000, 0x0000000701c00000|  0%| F|  |TAMS 0x0000000701800000, 0x0000000701800000| Untracked 
|1031|0x0000000701c00000, 0x0000000701c00000, 0x0000000702000000|  0%| F|  |TAMS 0x0000000701c00000, 0x0000000701c00000| Untracked 
|1032|0x0000000702000000, 0x0000000702000000, 0x0000000702400000|  0%| F|  |TAMS 0x0000000702000000, 0x0000000702000000| Untracked 
|1033|0x0000000702400000, 0x0000000702400000, 0x0000000702800000|  0%| F|  |TAMS 0x0000000702400000, 0x0000000702400000| Untracked 
|1034|0x0000000702800000, 0x0000000702bb7ac8, 0x0000000702c00000| 92%| E|  |TAMS 0x0000000702800000, 0x0000000702800000| Complete 
|1035|0x0000000702c00000, 0x0000000703000000, 0x0000000703000000|100%| E|CS|TAMS 0x0000000702c00000, 0x0000000702c00000| Complete 
|1036|0x0000000703000000, 0x0000000703400000, 0x0000000703400000|100%| E|CS|TAMS 0x0000000703000000, 0x0000000703000000| Complete 
|1037|0x0000000703400000, 0x0000000703800000, 0x0000000703800000|100%| E|CS|TAMS 0x0000000703400000, 0x0000000703400000| Complete 
|1038|0x0000000703800000, 0x0000000703c00000, 0x0000000703c00000|100%| E|CS|TAMS 0x0000000703800000, 0x0000000703800000| Complete 
|1039|0x0000000703c00000, 0x0000000704000000, 0x0000000704000000|100%| E|CS|TAMS 0x0000000703c00000, 0x0000000703c00000| Complete 
|1040|0x0000000704000000, 0x0000000704400000, 0x0000000704400000|100%| E|CS|TAMS 0x0000000704000000, 0x0000000704000000| Complete 
|1041|0x0000000704400000, 0x0000000704800000, 0x0000000704800000|100%| E|CS|TAMS 0x0000000704400000, 0x0000000704400000| Complete 
|1042|0x0000000704800000, 0x0000000704c00000, 0x0000000704c00000|100%| E|CS|TAMS 0x0000000704800000, 0x0000000704800000| Complete 
|1043|0x0000000704c00000, 0x0000000705000000, 0x0000000705000000|100%| E|CS|TAMS 0x0000000704c00000, 0x0000000704c00000| Complete 
|1044|0x0000000705000000, 0x0000000705400000, 0x0000000705400000|100%| E|CS|TAMS 0x0000000705000000, 0x0000000705000000| Complete 
|1045|0x0000000705400000, 0x0000000705800000, 0x0000000705800000|100%| E|CS|TAMS 0x0000000705400000, 0x0000000705400000| Complete 
|1046|0x0000000705800000, 0x0000000705c00000, 0x0000000705c00000|100%| E|CS|TAMS 0x0000000705800000, 0x0000000705800000| Complete 
|1047|0x0000000705c00000, 0x0000000706000000, 0x0000000706000000|100%| E|CS|TAMS 0x0000000705c00000, 0x0000000705c00000| Complete 
|1048|0x0000000706000000, 0x0000000706400000, 0x0000000706400000|100%| E|CS|TAMS 0x0000000706000000, 0x0000000706000000| Complete 
|1049|0x0000000706400000, 0x0000000706800000, 0x0000000706800000|100%| E|CS|TAMS 0x0000000706400000, 0x0000000706400000| Complete 
|1050|0x0000000706800000, 0x0000000706c00000, 0x0000000706c00000|100%| E|CS|TAMS 0x0000000706800000, 0x0000000706800000| Complete 
|1051|0x0000000706c00000, 0x0000000707000000, 0x0000000707000000|100%| E|CS|TAMS 0x0000000706c00000, 0x0000000706c00000| Complete 
|1052|0x0000000707000000, 0x0000000707400000, 0x0000000707400000|100%| E|CS|TAMS 0x0000000707000000, 0x0000000707000000| Complete 
|1053|0x0000000707400000, 0x0000000707800000, 0x0000000707800000|100%| E|CS|TAMS 0x0000000707400000, 0x0000000707400000| Complete 
|1054|0x0000000707800000, 0x0000000707c00000, 0x0000000707c00000|100%| E|CS|TAMS 0x0000000707800000, 0x0000000707800000| Complete 
|1055|0x0000000707c00000, 0x0000000708000000, 0x0000000708000000|100%| E|CS|TAMS 0x0000000707c00000, 0x0000000707c00000| Complete 
|1056|0x0000000708000000, 0x0000000708400000, 0x0000000708400000|100%| E|CS|TAMS 0x0000000708000000, 0x0000000708000000| Complete 
|1057|0x0000000708400000, 0x0000000708800000, 0x0000000708800000|100%| E|CS|TAMS 0x0000000708400000, 0x0000000708400000| Complete 
|1058|0x0000000708800000, 0x0000000708c00000, 0x0000000708c00000|100%| E|CS|TAMS 0x0000000708800000, 0x0000000708800000| Complete 
|1059|0x0000000708c00000, 0x0000000709000000, 0x0000000709000000|100%| E|CS|TAMS 0x0000000708c00000, 0x0000000708c00000| Complete 
|1060|0x0000000709000000, 0x0000000709400000, 0x0000000709400000|100%| E|CS|TAMS 0x0000000709000000, 0x0000000709000000| Complete 
|1061|0x0000000709400000, 0x0000000709800000, 0x0000000709800000|100%| E|CS|TAMS 0x0000000709400000, 0x0000000709400000| Complete 
|1062|0x0000000709800000, 0x0000000709c00000, 0x0000000709c00000|100%| E|CS|TAMS 0x0000000709800000, 0x0000000709800000| Complete 
|1063|0x0000000709c00000, 0x000000070a000000, 0x000000070a000000|100%| E|CS|TAMS 0x0000000709c00000, 0x0000000709c00000| Complete 
|1064|0x000000070a000000, 0x000000070a400000, 0x000000070a400000|100%| E|CS|TAMS 0x000000070a000000, 0x000000070a000000| Complete 
|1065|0x000000070a400000, 0x000000070a800000, 0x000000070a800000|100%| E|CS|TAMS 0x000000070a400000, 0x000000070a400000| Complete 
|1066|0x000000070a800000, 0x000000070ac00000, 0x000000070ac00000|100%| E|CS|TAMS 0x000000070a800000, 0x000000070a800000| Complete 
|1067|0x000000070ac00000, 0x000000070b000000, 0x000000070b000000|100%| E|CS|TAMS 0x000000070ac00000, 0x000000070ac00000| Complete 
|1068|0x000000070b000000, 0x000000070b400000, 0x000000070b400000|100%| E|CS|TAMS 0x000000070b000000, 0x000000070b000000| Complete 
|1069|0x000000070b400000, 0x000000070b800000, 0x000000070b800000|100%| E|CS|TAMS 0x000000070b400000, 0x000000070b400000| Complete 
|1070|0x000000070b800000, 0x000000070bc00000, 0x000000070bc00000|100%| E|CS|TAMS 0x000000070b800000, 0x000000070b800000| Complete 
|1071|0x000000070bc00000, 0x000000070c000000, 0x000000070c000000|100%| E|CS|TAMS 0x000000070bc00000, 0x000000070bc00000| Complete 
|1072|0x000000070c000000, 0x000000070c400000, 0x000000070c400000|100%| E|CS|TAMS 0x000000070c000000, 0x000000070c000000| Complete 
|1073|0x000000070c400000, 0x000000070c800000, 0x000000070c800000|100%| E|CS|TAMS 0x000000070c400000, 0x000000070c400000| Complete 
|1074|0x000000070c800000, 0x000000070cc00000, 0x000000070cc00000|100%| E|CS|TAMS 0x000000070c800000, 0x000000070c800000| Complete 
|1075|0x000000070cc00000, 0x000000070d000000, 0x000000070d000000|100%| E|CS|TAMS 0x000000070cc00000, 0x000000070cc00000| Complete 
|1076|0x000000070d000000, 0x000000070d400000, 0x000000070d400000|100%| E|CS|TAMS 0x000000070d000000, 0x000000070d000000| Complete 
|1077|0x000000070d400000, 0x000000070d800000, 0x000000070d800000|100%| E|CS|TAMS 0x000000070d400000, 0x000000070d400000| Complete 
|1078|0x000000070d800000, 0x000000070dc00000, 0x000000070dc00000|100%| E|CS|TAMS 0x000000070d800000, 0x000000070d800000| Complete 
|1079|0x000000070dc00000, 0x000000070e000000, 0x000000070e000000|100%| E|CS|TAMS 0x000000070dc00000, 0x000000070dc00000| Complete 
|1080|0x000000070e000000, 0x000000070e400000, 0x000000070e400000|100%| E|CS|TAMS 0x000000070e000000, 0x000000070e000000| Complete 
|1081|0x000000070e400000, 0x000000070e800000, 0x000000070e800000|100%| E|CS|TAMS 0x000000070e400000, 0x000000070e400000| Complete 
|1082|0x000000070e800000, 0x000000070ec00000, 0x000000070ec00000|100%| E|CS|TAMS 0x000000070e800000, 0x000000070e800000| Complete 
|1083|0x000000070ec00000, 0x000000070f000000, 0x000000070f000000|100%| E|CS|TAMS 0x000000070ec00000, 0x000000070ec00000| Complete 
|1084|0x000000070f000000, 0x000000070f400000, 0x000000070f400000|100%| E|CS|TAMS 0x000000070f000000, 0x000000070f000000| Complete 
|1085|0x000000070f400000, 0x000000070f800000, 0x000000070f800000|100%| E|CS|TAMS 0x000000070f400000, 0x000000070f400000| Complete 
|1086|0x000000070f800000, 0x000000070fc00000, 0x000000070fc00000|100%| E|CS|TAMS 0x000000070f800000, 0x000000070f800000| Complete 
|1087|0x000000070fc00000, 0x0000000710000000, 0x0000000710000000|100%| E|CS|TAMS 0x000000070fc00000, 0x000000070fc00000| Complete 
|1088|0x0000000710000000, 0x0000000710400000, 0x0000000710400000|100%| E|CS|TAMS 0x0000000710000000, 0x0000000710000000| Complete 
|1089|0x0000000710400000, 0x0000000710800000, 0x0000000710800000|100%| E|CS|TAMS 0x0000000710400000, 0x0000000710400000| Complete 
|1090|0x0000000710800000, 0x0000000710c00000, 0x0000000710c00000|100%| E|CS|TAMS 0x0000000710800000, 0x0000000710800000| Complete 
|1091|0x0000000710c00000, 0x0000000711000000, 0x0000000711000000|100%| E|CS|TAMS 0x0000000710c00000, 0x0000000710c00000| Complete 
|1092|0x0000000711000000, 0x0000000711400000, 0x0000000711400000|100%| E|CS|TAMS 0x0000000711000000, 0x0000000711000000| Complete 
|1093|0x0000000711400000, 0x0000000711800000, 0x0000000711800000|100%| E|CS|TAMS 0x0000000711400000, 0x0000000711400000| Complete 
|1094|0x0000000711800000, 0x0000000711c00000, 0x0000000711c00000|100%| E|CS|TAMS 0x0000000711800000, 0x0000000711800000| Complete 
|1095|0x0000000711c00000, 0x0000000712000000, 0x0000000712000000|100%| E|CS|TAMS 0x0000000711c00000, 0x0000000711c00000| Complete 
|1096|0x0000000712000000, 0x0000000712400000, 0x0000000712400000|100%| E|CS|TAMS 0x0000000712000000, 0x0000000712000000| Complete 
|1097|0x0000000712400000, 0x0000000712800000, 0x0000000712800000|100%| E|CS|TAMS 0x0000000712400000, 0x0000000712400000| Complete 
|1098|0x0000000712800000, 0x0000000712c00000, 0x0000000712c00000|100%| E|CS|TAMS 0x0000000712800000, 0x0000000712800000| Complete 
|1099|0x0000000712c00000, 0x0000000713000000, 0x0000000713000000|100%| E|CS|TAMS 0x0000000712c00000, 0x0000000712c00000| Complete 
|1100|0x0000000713000000, 0x0000000713400000, 0x0000000713400000|100%| E|CS|TAMS 0x0000000713000000, 0x0000000713000000| Complete 
|1101|0x0000000713400000, 0x0000000713800000, 0x0000000713800000|100%| E|CS|TAMS 0x0000000713400000, 0x0000000713400000| Complete 
|1102|0x0000000713800000, 0x0000000713c00000, 0x0000000713c00000|100%| E|CS|TAMS 0x0000000713800000, 0x0000000713800000| Complete 
|1103|0x0000000713c00000, 0x0000000714000000, 0x0000000714000000|100%| E|CS|TAMS 0x0000000713c00000, 0x0000000713c00000| Complete 
|1104|0x0000000714000000, 0x0000000714400000, 0x0000000714400000|100%| E|CS|TAMS 0x0000000714000000, 0x0000000714000000| Complete 
|1105|0x0000000714400000, 0x0000000714800000, 0x0000000714800000|100%| E|CS|TAMS 0x0000000714400000, 0x0000000714400000| Complete 
|1106|0x0000000714800000, 0x0000000714c00000, 0x0000000714c00000|100%| E|CS|TAMS 0x0000000714800000, 0x0000000714800000| Complete 
|1107|0x0000000714c00000, 0x0000000715000000, 0x0000000715000000|100%| E|CS|TAMS 0x0000000714c00000, 0x0000000714c00000| Complete 
|1108|0x0000000715000000, 0x0000000715400000, 0x0000000715400000|100%| E|CS|TAMS 0x0000000715000000, 0x0000000715000000| Complete 
|1109|0x0000000715400000, 0x0000000715800000, 0x0000000715800000|100%| E|CS|TAMS 0x0000000715400000, 0x0000000715400000| Complete 
|1110|0x0000000715800000, 0x0000000715c00000, 0x0000000715c00000|100%| E|CS|TAMS 0x0000000715800000, 0x0000000715800000| Complete 
|1111|0x0000000715c00000, 0x0000000716000000, 0x0000000716000000|100%| E|CS|TAMS 0x0000000715c00000, 0x0000000715c00000| Complete 
|1112|0x0000000716000000, 0x0000000716400000, 0x0000000716400000|100%| E|CS|TAMS 0x0000000716000000, 0x0000000716000000| Complete 
|1113|0x0000000716400000, 0x0000000716800000, 0x0000000716800000|100%| E|CS|TAMS 0x0000000716400000, 0x0000000716400000| Complete 
|1114|0x0000000716800000, 0x0000000716c00000, 0x0000000716c00000|100%| E|CS|TAMS 0x0000000716800000, 0x0000000716800000| Complete 
|1115|0x0000000716c00000, 0x0000000717000000, 0x0000000717000000|100%| E|CS|TAMS 0x0000000716c00000, 0x0000000716c00000| Complete 
|1116|0x0000000717000000, 0x0000000717400000, 0x0000000717400000|100%| E|CS|TAMS 0x0000000717000000, 0x0000000717000000| Complete 
|1117|0x0000000717400000, 0x0000000717800000, 0x0000000717800000|100%| E|CS|TAMS 0x0000000717400000, 0x0000000717400000| Complete 
|1118|0x0000000717800000, 0x0000000717c00000, 0x0000000717c00000|100%| E|CS|TAMS 0x0000000717800000, 0x0000000717800000| Complete 
|1119|0x0000000717c00000, 0x0000000718000000, 0x0000000718000000|100%| E|CS|TAMS 0x0000000717c00000, 0x0000000717c00000| Complete 
|1120|0x0000000718000000, 0x0000000718400000, 0x0000000718400000|100%| E|CS|TAMS 0x0000000718000000, 0x0000000718000000| Complete 
|1121|0x0000000718400000, 0x0000000718800000, 0x0000000718800000|100%| E|CS|TAMS 0x0000000718400000, 0x0000000718400000| Complete 
|1122|0x0000000718800000, 0x0000000718c00000, 0x0000000718c00000|100%| E|CS|TAMS 0x0000000718800000, 0x0000000718800000| Complete 
|1123|0x0000000718c00000, 0x0000000719000000, 0x0000000719000000|100%| E|CS|TAMS 0x0000000718c00000, 0x0000000718c00000| Complete 
|1124|0x0000000719000000, 0x0000000719400000, 0x0000000719400000|100%| E|CS|TAMS 0x0000000719000000, 0x0000000719000000| Complete 
|1125|0x0000000719400000, 0x0000000719800000, 0x0000000719800000|100%| E|CS|TAMS 0x0000000719400000, 0x0000000719400000| Complete 
|1126|0x0000000719800000, 0x0000000719c00000, 0x0000000719c00000|100%| E|CS|TAMS 0x0000000719800000, 0x0000000719800000| Complete 
|1127|0x0000000719c00000, 0x000000071a000000, 0x000000071a000000|100%| E|CS|TAMS 0x0000000719c00000, 0x0000000719c00000| Complete 
|1128|0x000000071a000000, 0x000000071a400000, 0x000000071a400000|100%| E|CS|TAMS 0x000000071a000000, 0x000000071a000000| Complete 
|1129|0x000000071a400000, 0x000000071a800000, 0x000000071a800000|100%| E|CS|TAMS 0x000000071a400000, 0x000000071a400000| Complete 
|1130|0x000000071a800000, 0x000000071ac00000, 0x000000071ac00000|100%| E|CS|TAMS 0x000000071a800000, 0x000000071a800000| Complete 
|1131|0x000000071ac00000, 0x000000071b000000, 0x000000071b000000|100%| E|CS|TAMS 0x000000071ac00000, 0x000000071ac00000| Complete 
|1132|0x000000071b000000, 0x000000071b400000, 0x000000071b400000|100%| E|CS|TAMS 0x000000071b000000, 0x000000071b000000| Complete 
|1133|0x000000071b400000, 0x000000071b800000, 0x000000071b800000|100%| E|CS|TAMS 0x000000071b400000, 0x000000071b400000| Complete 
|1134|0x000000071b800000, 0x000000071bc00000, 0x000000071bc00000|100%| E|CS|TAMS 0x000000071b800000, 0x000000071b800000| Complete 
|1135|0x000000071bc00000, 0x000000071c000000, 0x000000071c000000|100%| E|CS|TAMS 0x000000071bc00000, 0x000000071bc00000| Complete 
|1136|0x000000071c000000, 0x000000071c400000, 0x000000071c400000|100%| E|CS|TAMS 0x000000071c000000, 0x000000071c000000| Complete 
|1137|0x000000071c400000, 0x000000071c800000, 0x000000071c800000|100%| E|CS|TAMS 0x000000071c400000, 0x000000071c400000| Complete 
|1138|0x000000071c800000, 0x000000071cc00000, 0x000000071cc00000|100%| E|CS|TAMS 0x000000071c800000, 0x000000071c800000| Complete 
|1139|0x000000071cc00000, 0x000000071d000000, 0x000000071d000000|100%| E|  |TAMS 0x000000071cc00000, 0x000000071cc00000| Complete 

Card table byte_map: [0x000000010d35c000,0x000000010e35c000] _byte_map_base: 0x000000010a35c000

Marking Bits (Prev, Next): (CMBitMap*) 0x000000011f026450, (CMBitMap*) 0x000000011f026410
 Prev Bits: [0x0000000160100000, 0x0000000168100000)
 Next Bits: [0x0000000158100000, 0x0000000160100000)

Polling page: 0x0000000100e54000

Metaspace:

Usage:
  Non-class:    274.31 MB used.
      Class:     43.10 MB used.
       Both:    317.41 MB used.

Virtual space:
  Non-class space:      320.00 MB reserved,     276.00 MB ( 86%) committed,  5 nodes.
      Class space:        1.00 GB reserved,      44.50 MB (  4%) committed,  1 nodes.
             Both:        1.31 GB reserved,     320.50 MB ( 24%) committed. 

Chunk freelists:
   Non-Class:  11.44 MB
       Class:  3.53 MB
        Both:  14.97 MB

MaxMetaspaceSize: 4.00 GB
CompressedClassSpaceSize: 1.00 GB
Initial GC threshold: 21.00 MB
Current GC threshold: 409.94 MB
CDS: off
MetaspaceReclaimPolicy: balanced
 - commit_granule_bytes: 65536.
 - commit_granule_words: 8192.
 - virtual_space_node_default_size: 8388608.
 - enlarge_chunks_in_place: 1.
 - new_chunks_are_fully_committed: 0.
 - uncommit_free_chunks: 1.
 - use_allocation_guard: 0.
 - handle_deallocations: 1.


Internal statistics:

num_allocs_failed_limit: 146.
num_arena_births: 5278.
num_arena_deaths: 114.
num_vsnodes_births: 6.
num_vsnodes_deaths: 0.
num_space_committed: 5122.
num_space_uncommitted: 0.
num_chunks_returned_to_freelist: 315.
num_chunks_taken_from_freelist: 19992.
num_chunk_merges: 201.
num_chunk_splits: 12952.
num_chunks_enlarged: 7846.
num_inconsistent_stats: 0.

CodeHeap 'non-profiled nmethods': size=259296Kb used=52753Kb max_used=52753Kb free=206542Kb
 bounds [0x00000001483c8000, 0x000000014b758000, 0x0000000158100000]
CodeHeap 'profiled nmethods': size=259280Kb used=136230Kb max_used=136230Kb free=123049Kb
 bounds [0x0000000138100000, 0x0000000140610000, 0x0000000147e34000]
CodeHeap 'non-nmethods': size=5712Kb used=2336Kb max_used=2565Kb free=3375Kb
 bounds [0x0000000147e34000, 0x00000001480d4000, 0x00000001483c8000]
 total_blobs=61669 nmethods=60271 adapters=1307
 compilation: enabled
              stopped_count=0, restarted_count=0
 full_count=0

Compilation events (20 events):
Event: 234.766 Thread 0x000000012f812200 nmethod 85560 0x0000000140603f90 code [0x00000001406042c0, 0x0000000140604ee8]
Event: 234.766 Thread 0x000000012f812200 85575       2       org.jetbrains.kotlin.fir.declarations.impl.FirPrimaryConstructor::transformContextParameters (18 bytes)
Event: 234.767 Thread 0x000000012f812200 nmethod 85575 0x0000000140605510 code [0x0000000140605780, 0x0000000140605cd8]
Event: 234.767 Thread 0x000000012f812200 85576       2       org.jetbrains.kotlin.fir.declarations.impl.FirPrimaryConstructor::transformStatus (27 bytes)
Event: 234.767 Thread 0x000000012f812200 nmethod 85576 0x0000000140606010 code [0x0000000140606280, 0x0000000140606898]
Event: 234.767 Thread 0x000000012f812200 85577       2       org.jetbrains.kotlin.fir.declarations.impl.FirPrimaryConstructor::setStatus (12 bytes)
Event: 234.767 Thread 0x000000012f812200 nmethod 85577 0x0000000140606c10 code [0x0000000140606e00, 0x00000001406071a8]
Event: 234.767 Thread 0x000000012f812200 85558       2       org.jetbrains.kotlin.light.classes.symbol.classes.SymbolLightClassBase::getExtendsListTypes (15 bytes)
Event: 234.767 Thread 0x000000012f812200 nmethod 85558 0x0000000140607390 code [0x0000000140607540, 0x0000000140607708]
Event: 234.767 Thread 0x000000012f812200 85596       2       org.jetbrains.kotlin.fir.resolve.dfa.FirLocalVariableAssignmentAnalyzer$Companion$Assignment::<init> (15 bytes)
Event: 234.767 Thread 0x000000012f812200 nmethod 85596 0x0000000140607810 code [0x00000001406079c0, 0x0000000140607b68]
Event: 234.767 Thread 0x000000012f812200 85600       2       org.jetbrains.kotlin.fir.resolve.dfa.FirLocalVariableAssignmentAnalyzer::visitAssignment (140 bytes)
Event: 234.767 Thread 0x000000012f812200 nmethod 85600 0x0000000140607c10 code [0x0000000140607f00, 0x0000000140608858]
Event: 234.767 Thread 0x000000012f812200 85602       2       org.jetbrains.kotlin.analysis.api.fir.symbols.KaFirKotlinPropertyKtPropertyBasedSymbol::<init> (26 bytes)
Event: 234.768 Thread 0x000000012f812200 nmethod 85602 0x0000000140608d90 code [0x0000000140609000, 0x00000001406096a8]
Event: 234.768 Thread 0x000000012f812200 85603 % !   3       org.jetbrains.uast.kotlin.FirKotlinUastResolveProviderService::resolveSyntheticJavaPropertyAccessorCall @ 1958 (2441 bytes)
Event: 234.769 Thread 0x000000012c18b200 nmethod 85592 0x000000014b722190 code [0x000000014b722480, 0x000000014b722c60]
Event: 234.769 Thread 0x000000012c18b200 85597       4       org.jetbrains.kotlin.types.TypeCheckerState::<init> (65 bytes)
Event: 234.770 Thread 0x000000012c18b200 nmethod 85597 0x000000014b723290 code [0x000000014b723440, 0x000000014b723850]
Event: 234.770 Thread 0x000000012c18b200 85594       4       org.jetbrains.kotlin.fir.resolve.calls.tower.ScopeBasedTowerLevel::<init> (95 bytes)

GC Heap History (20 events):
Event: 37.972 GC heap before
{Heap before GC invocations=88 (full 0):
 garbage-first heap   total 4669440K, used 4075008K [0x0000000600000000, 0x0000000800000000)
  region size 4096K, 636 young (2605056K), 31 survivors (126976K)
 Metaspace       used 299702K, committed 302592K, reserved 1310720K
  class space    used 41215K, committed 42432K, reserved 1048576K
}
Event: 37.998 GC heap after
{Heap after GC invocations=89 (full 0):
 garbage-first heap   total 4669440K, used 1624009K [0x0000000600000000, 0x0000000800000000)
  region size 4096K, 36 young (147456K), 36 survivors (147456K)
 Metaspace       used 299702K, committed 302592K, reserved 1310720K
  class space    used 41215K, committed 42432K, reserved 1048576K
}
Event: 39.054 GC heap before
{Heap before GC invocations=89 (full 0):
 garbage-first heap   total 4669440K, used 4057033K [0x0000000600000000, 0x0000000800000000)
  region size 4096K, 629 young (2576384K), 36 survivors (147456K)
 Metaspace       used 302559K, committed 305408K, reserved 1376256K
  class space    used 41664K, committed 42880K, reserved 1048576K
}
Event: 39.077 GC heap after
{Heap after GC invocations=90 (full 0):
 garbage-first heap   total 4669440K, used 1632973K [0x0000000600000000, 0x0000000800000000)
  region size 4096K, 36 young (147456K), 36 survivors (147456K)
 Metaspace       used 302559K, committed 305408K, reserved 1376256K
  class space    used 41664K, committed 42880K, reserved 1048576K
}
Event: 39.588 GC heap before
{Heap before GC invocations=90 (full 0):
 garbage-first heap   total 4669440K, used 4049613K [0x0000000600000000, 0x0000000800000000)
  region size 4096K, 627 young (2568192K), 36 survivors (147456K)
 Metaspace       used 302906K, committed 305792K, reserved 1376256K
  class space    used 41666K, committed 42880K, reserved 1048576K
}
Event: 39.613 GC heap after
{Heap after GC invocations=91 (full 0):
 garbage-first heap   total 4669440K, used 1633672K [0x0000000600000000, 0x0000000800000000)
  region size 4096K, 35 young (143360K), 35 survivors (143360K)
 Metaspace       used 302906K, committed 305792K, reserved 1376256K
  class space    used 41666K, committed 42880K, reserved 1048576K
}
Event: 41.228 GC heap before
{Heap before GC invocations=91 (full 0):
 garbage-first heap   total 4669440K, used 4054408K [0x0000000600000000, 0x0000000800000000)
  region size 4096K, 627 young (2568192K), 35 survivors (143360K)
 Metaspace       used 304141K, committed 307008K, reserved 1376256K
  class space    used 41832K, committed 43072K, reserved 1048576K
}
Event: 41.258 GC heap after
{Heap after GC invocations=92 (full 0):
 garbage-first heap   total 4669440K, used 1693405K [0x0000000600000000, 0x0000000800000000)
  region size 4096K, 49 young (200704K), 49 survivors (200704K)
 Metaspace       used 304141K, committed 307008K, reserved 1376256K
  class space    used 41832K, committed 43072K, reserved 1048576K
}
Event: 43.861 GC heap before
{Heap before GC invocations=92 (full 0):
 garbage-first heap   total 4669440K, used 4081373K [0x0000000600000000, 0x0000000800000000)
  region size 4096K, 612 young (2506752K), 49 survivors (200704K)
 Metaspace       used 308481K, committed 311360K, reserved 1376256K
  class space    used 42436K, committed 43648K, reserved 1048576K
}
Event: 43.909 GC heap after
{Heap after GC invocations=93 (full 0):
 garbage-first heap   total 4669440K, used 1699068K [0x0000000600000000, 0x0000000800000000)
  region size 4096K, 41 young (167936K), 41 survivors (167936K)
 Metaspace       used 308481K, committed 311360K, reserved 1376256K
  class space    used 42436K, committed 43648K, reserved 1048576K
}
Event: 46.517 GC heap before
{Heap before GC invocations=93 (full 0):
 garbage-first heap   total 4669440K, used 4037884K [0x0000000600000000, 0x0000000800000000)
  region size 4096K, 608 young (2490368K), 41 survivors (167936K)
 Metaspace       used 310715K, committed 313664K, reserved 1376256K
  class space    used 42700K, committed 43968K, reserved 1048576K
}
Event: 46.532 GC heap after
{Heap after GC invocations=94 (full 0):
 garbage-first heap   total 4669440K, used 1629436K [0x0000000600000000, 0x0000000800000000)
  region size 4096K, 24 young (98304K), 24 survivors (98304K)
 Metaspace       used 310715K, committed 313664K, reserved 1376256K
  class space    used 42700K, committed 43968K, reserved 1048576K
}
Event: 207.764 GC heap before
{Heap before GC invocations=94 (full 0):
 garbage-first heap   total 4669440K, used 4087036K [0x0000000600000000, 0x0000000800000000)
  region size 4096K, 615 young (2519040K), 24 survivors (98304K)
 Metaspace       used 315250K, committed 318336K, reserved 1376256K
  class space    used 43189K, committed 44544K, reserved 1048576K
}
Event: 207.788 GC heap after
{Heap after GC invocations=95 (full 0):
 garbage-first heap   total 4669440K, used 1699068K [0x0000000600000000, 0x0000000800000000)
  region size 4096K, 41 young (167936K), 41 survivors (167936K)
 Metaspace       used 315250K, committed 318336K, reserved 1376256K
  class space    used 43189K, committed 44544K, reserved 1048576K
}
Event: 233.283 GC heap before
{Heap before GC invocations=95 (full 0):
 garbage-first heap   total 4669440K, used 4091132K [0x0000000600000000, 0x0000000800000000)
  region size 4096K, 611 young (2502656K), 41 survivors (167936K)
 Metaspace       used 320968K, committed 324096K, reserved 1376256K
  class space    used 43897K, committed 45248K, reserved 1048576K
}
Event: 233.353 GC heap after
{Heap after GC invocations=96 (full 0):
 garbage-first heap   total 4669440K, used 1931396K [0x0000000600000000, 0x0000000800000000)
  region size 4096K, 77 young (315392K), 77 survivors (315392K)
 Metaspace       used 320968K, committed 324096K, reserved 1376256K
  class space    used 43897K, committed 45248K, reserved 1048576K
}
Event: 233.802 GC heap before
{Heap before GC invocations=96 (full 0):
 garbage-first heap   total 4669440K, used 3938436K [0x0000000600000000, 0x0000000800000000)
  region size 4096K, 555 young (2273280K), 77 survivors (315392K)
 Metaspace       used 322579K, committed 325824K, reserved 1376256K
  class space    used 44043K, committed 45504K, reserved 1048576K
}
Event: 233.891 GC heap after
{Heap after GC invocations=97 (full 0):
 garbage-first heap   total 4669440K, used 2207603K [0x0000000600000000, 0x0000000800000000)
  region size 4096K, 66 young (270336K), 66 survivors (270336K)
 Metaspace       used 322579K, committed 325824K, reserved 1376256K
  class space    used 44043K, committed 45504K, reserved 1048576K
}
Event: 234.476 GC heap before
{Heap before GC invocations=97 (full 0):
 garbage-first heap   total 4669440K, used 3846003K [0x0000000600000000, 0x0000000800000000)
  region size 4096K, 462 young (1892352K), 66 survivors (270336K)
 Metaspace       used 323746K, committed 326976K, reserved 1376256K
  class space    used 44051K, committed 45504K, reserved 1048576K
}
Event: 234.527 GC heap after
{Heap after GC invocations=98 (full 0):
 garbage-first heap   total 4669440K, used 2396160K [0x0000000600000000, 0x0000000800000000)
  region size 4096K, 58 young (237568K), 58 survivors (237568K)
 Metaspace       used 323746K, committed 326976K, reserved 1376256K
  class space    used 44051K, committed 45504K, reserved 1048576K
}

Dll operation events (17 events):
Event: 0.004 Loaded shared library /Applications/Android Studio.app/Contents/jbr/Contents/Home/lib/libjava.dylib
Event: 0.045 Loaded shared library /Applications/Android Studio.app/Contents/jbr/Contents/Home/lib/libzip.dylib
Event: 0.045 Loaded shared library /Applications/Android Studio.app/Contents/jbr/Contents/Home/lib/libinstrument.dylib
Event: 0.048 Loaded shared library /Applications/Android Studio.app/Contents/jbr/Contents/Home/lib/libnio.dylib
Event: 0.051 Loaded shared library /Applications/Android Studio.app/Contents/jbr/Contents/Home/lib/libzip.dylib
Event: 0.111 Loaded shared library /Applications/Android Studio.app/Contents/jbr/Contents/Home/lib/libjimage.dylib
Event: 0.146 Loaded shared library /Applications/Android Studio.app/Contents/jbr/Contents/Home/lib/libverify.dylib
Event: 0.165 Loaded shared library /Applications/Android Studio.app/Contents/jbr/Contents/Home/lib/libnet.dylib
Event: 0.170 Loaded shared library /Users/npcapro/.gradle/native/1def1411415f61bf3af743bc5b6707747c0891f09f0c88961ee8f79bc544acac/osx-aarch64/libnative-platform.dylib
Event: 0.176 Loaded shared library /Users/npcapro/.gradle/native/0.2.7/aarch64-macos/libgradle-fileevents.dylib
Event: 0.407 Loaded shared library /Applications/Android Studio.app/Contents/jbr/Contents/Home/lib/libmanagement.dylib
Event: 0.408 Loaded shared library /Applications/Android Studio.app/Contents/jbr/Contents/Home/lib/libmanagement_ext.dylib
Event: 0.436 Loaded shared library /Applications/Android Studio.app/Contents/jbr/Contents/Home/lib/libextnet.dylib
Event: 12.804 Loaded shared library /Applications/Android Studio.app/Contents/jbr/Contents/Home/lib/libawt.dylib
Event: 12.806 Loaded shared library /Applications/Android Studio.app/Contents/jbr/Contents/Home/lib/libawt_lwawt.dylib
Event: 12.810 Loaded shared library /Applications/Android Studio.app/Contents/jbr/Contents/Home/lib/libfontmanager.dylib
Event: 232.755 Loaded shared library /Applications/Android Studio.app/Contents/jbr/Contents/Home/lib/librmi.dylib

Deoptimization events (20 events):
Event: 234.455 Thread 0x000000010f811c00 DEOPT PACKING pc=0x000000013bf1ba74 sp=0x00000003780b3bf0
Event: 234.455 Thread 0x000000010f811c00 DEOPT UNPACKING pc=0x0000000147e7b77c sp=0x00000003780b38a0 mode 0
Event: 234.474 Thread 0x000000036a99d400 DEOPT PACKING pc=0x000000014023daf8 sp=0x00000003711a0970
Event: 234.474 Thread 0x000000036a99d400 DEOPT UNPACKING pc=0x0000000147e7b77c sp=0x00000003711a09a0 mode 0
Event: 234.546 Thread 0x000000036a99d400 DEOPT PACKING pc=0x000000014023daf8 sp=0x00000003711a0970
Event: 234.546 Thread 0x000000036a99d400 DEOPT UNPACKING pc=0x0000000147e7b77c sp=0x00000003711a09a0 mode 0
Event: 234.579 Thread 0x000000036a99d400 DEOPT PACKING pc=0x000000014023dec8 sp=0x00000003711a0970
Event: 234.579 Thread 0x000000036a99d400 DEOPT UNPACKING pc=0x0000000147e7b77c sp=0x00000003711a09a0 mode 0
Event: 234.583 Thread 0x000000010f811c00 DEOPT PACKING pc=0x000000013cfba300 sp=0x00000003780b5c80
Event: 234.583 Thread 0x000000010f811c00 DEOPT UNPACKING pc=0x0000000147e7b77c sp=0x00000003780b5970 mode 0
Event: 234.589 Thread 0x000000010f811c00 DEOPT PACKING pc=0x000000013cfba300 sp=0x00000003780b5c80
Event: 234.589 Thread 0x000000010f811c00 DEOPT UNPACKING pc=0x0000000147e7b77c sp=0x00000003780b5970 mode 0
Event: 234.591 Thread 0x000000036a99d400 DEOPT PACKING pc=0x000000014023dec8 sp=0x00000003711a0970
Event: 234.591 Thread 0x000000036a99d400 DEOPT UNPACKING pc=0x0000000147e7b77c sp=0x00000003711a09a0 mode 0
Event: 234.594 Thread 0x000000010f811c00 DEOPT PACKING pc=0x000000013cfba300 sp=0x00000003780b5c80
Event: 234.594 Thread 0x000000010f811c00 DEOPT UNPACKING pc=0x0000000147e7b77c sp=0x00000003780b5970 mode 0
Event: 234.765 Thread 0x000000011fac3c00 Uncommon trap: trap_request=0xffffff76 fr.pc=0x000000014b720e24 relative=0x0000000000000764
Event: 234.765 Thread 0x000000011fac3c00 Uncommon trap: reason=predicate action=maybe_recompile pc=0x000000014b720e24 method=com.intellij.extapi.psi.StubBasedPsiElementBase.getStubOrPsiChildren(Lcom/intellij/psi/stubs/IStubElementType;Lcom/intellij/util/ArrayFactory;)[Lcom/intellij/psi/PsiElemen
Event: 234.765 Thread 0x000000011fac3c00 DEOPT PACKING pc=0x000000014b720e24 sp=0x000000036d90a8a0
Event: 234.765 Thread 0x000000011fac3c00 DEOPT UNPACKING pc=0x0000000147e7b91c sp=0x000000036d90a810 mode 2

Classes unloaded (20 events):
Event: 13.952 Thread 0x0000000138041d00 Unloading class 0x00000008014fd400 'java/lang/invoke/LambdaForm$DMH+0x00000008014fd400'
Event: 13.952 Thread 0x0000000138041d00 Unloading class 0x00000008014fc000 'java/lang/invoke/LambdaForm$DMH+0x00000008014fc000'
Event: 13.952 Thread 0x0000000138041d00 Unloading class 0x00000008014fcc00 'java/lang/invoke/LambdaForm$DMH+0x00000008014fcc00'
Event: 13.952 Thread 0x0000000138041d00 Unloading class 0x00000008014fd000 'java/lang/invoke/LambdaForm$DMH+0x00000008014fd000'
Event: 13.952 Thread 0x0000000138041d00 Unloading class 0x00000008014fc800 'java/lang/invoke/LambdaForm$DMH+0x00000008014fc800'
Event: 13.952 Thread 0x0000000138041d00 Unloading class 0x00000008014ec000 'java/lang/invoke/LambdaForm$DMH+0x00000008014ec000'
Event: 13.952 Thread 0x0000000138041d00 Unloading class 0x00000008014ebc00 'java/lang/invoke/LambdaForm$DMH+0x00000008014ebc00'
Event: 13.952 Thread 0x0000000138041d00 Unloading class 0x00000008014eb800 'java/lang/invoke/LambdaForm$DMH+0x00000008014eb800'
Event: 13.952 Thread 0x0000000138041d00 Unloading class 0x00000008014eb400 'java/lang/invoke/LambdaForm$DMH+0x00000008014eb400'
Event: 13.952 Thread 0x0000000138041d00 Unloading class 0x00000008014eb000 'java/lang/invoke/LambdaForm$DMH+0x00000008014eb000'
Event: 13.952 Thread 0x0000000138041d00 Unloading class 0x00000008014eac00 'java/lang/invoke/LambdaForm$DMH+0x00000008014eac00'
Event: 13.952 Thread 0x0000000138041d00 Unloading class 0x00000008014ea000 'java/lang/invoke/LambdaForm$DMH+0x00000008014ea000'
Event: 13.952 Thread 0x0000000138041d00 Unloading class 0x00000008014ea800 'java/lang/invoke/LambdaForm$DMH+0x00000008014ea800'
Event: 13.952 Thread 0x0000000138041d00 Unloading class 0x00000008014e9800 'java/lang/invoke/LambdaForm$DMH+0x00000008014e9800'
Event: 13.952 Thread 0x0000000138041d00 Unloading class 0x00000008014ea400 'java/lang/invoke/LambdaForm$DMH+0x00000008014ea400'
Event: 13.952 Thread 0x0000000138041d00 Unloading class 0x00000008014e9000 'java/lang/invoke/LambdaForm$DMH+0x00000008014e9000'
Event: 13.952 Thread 0x0000000138041d00 Unloading class 0x00000008014e9400 'java/lang/invoke/LambdaForm$DMH+0x00000008014e9400'
Event: 13.952 Thread 0x0000000138041d00 Unloading class 0x00000008014e8c00 'java/lang/invoke/LambdaForm$DMH+0x00000008014e8c00'
Event: 13.952 Thread 0x0000000138041d00 Unloading class 0x00000008014e8000 'java/lang/invoke/LambdaForm$DMH+0x00000008014e8000'
Event: 13.952 Thread 0x0000000138041d00 Unloading class 0x00000008014e8800 'java/lang/invoke/LambdaForm$DMH+0x00000008014e8800'

Classes redefined (0 events):
No events

Internal exceptions (20 events):
Event: 233.078 Thread 0x000000011e326800 Exception <a 'sun/nio/fs/UnixException'{0x00000006d36cc9f8}> (0x00000006d36cc9f8) 
thrown [src/hotspot/share/prims/jni.cpp, line 517]
Event: 233.078 Thread 0x000000011e6aac00 Exception <a 'sun/nio/fs/UnixException'{0x00000006f589d230}> (0x00000006f589d230) 
thrown [src/hotspot/share/prims/jni.cpp, line 517]
Event: 233.080 Thread 0x000000011e6aac00 Exception <a 'sun/nio/fs/UnixException'{0x00000006d0f8db60}> (0x00000006d0f8db60) 
thrown [src/hotspot/share/prims/jni.cpp, line 517]
Event: 233.082 Thread 0x000000011e6aac00 Exception <a 'sun/nio/fs/UnixException'{0x00000006d0a0ac30}> (0x00000006d0a0ac30) 
thrown [src/hotspot/share/prims/jni.cpp, line 517]
Event: 233.082 Thread 0x000000011e6aac00 Exception <a 'sun/nio/fs/UnixException'{0x00000006d0a28280}> (0x00000006d0a28280) 
thrown [src/hotspot/share/prims/jni.cpp, line 517]
Event: 233.082 Thread 0x000000011e6aac00 Exception <a 'sun/nio/fs/UnixException'{0x00000006d0a41510}> (0x00000006d0a41510) 
thrown [src/hotspot/share/prims/jni.cpp, line 517]
Event: 233.084 Thread 0x000000011e6aac00 Exception <a 'sun/nio/fs/UnixException'{0x00000006d00aab48}> (0x00000006d00aab48) 
thrown [src/hotspot/share/prims/jni.cpp, line 517]
Event: 233.230 Thread 0x000000011f0e9800 Implicit null exception at 0x0000000149abc904 to 0x0000000149abca34
Event: 233.382 Thread 0x000000036acf2600 Exception <a 'java/lang/NoSuchMethodError'{0x000000071968f650}: 'int java.lang.invoke.DirectMethodHandle$Holder.invokeStaticInit(java.lang.Object, java.lang.Object, java.lang.Object, int, int)'> (0x000000071968f650) 
thrown [src/hotspot/share/interpreter/linkResolver.cpp, line 771]
Event: 233.690 Thread 0x000000012d79c400 Exception <a 'sun/nio/fs/UnixException'{0x00000006cac6c0d8}> (0x00000006cac6c0d8) 
thrown [src/hotspot/share/prims/jni.cpp, line 517]
Event: 233.710 Thread 0x000000012d79c400 Exception <a 'sun/nio/fs/UnixException'{0x00000006c78d46e8}> (0x00000006c78d46e8) 
thrown [src/hotspot/share/prims/jni.cpp, line 517]
Event: 233.717 Thread 0x000000036a99d400 Exception <a 'sun/nio/fs/UnixException'{0x00000006d30a4df0}> (0x00000006d30a4df0) 
thrown [src/hotspot/share/prims/jni.cpp, line 517]
Event: 233.719 Thread 0x000000036a99d400 Exception <a 'sun/nio/fs/UnixException'{0x00000006d30ad0b8}> (0x00000006d30ad0b8) 
thrown [src/hotspot/share/prims/jni.cpp, line 517]
Event: 233.719 Thread 0x000000036a99d400 Exception <a 'sun/nio/fs/UnixException'{0x00000006d30ad168}> (0x00000006d30ad168) 
thrown [src/hotspot/share/prims/jni.cpp, line 517]
Event: 233.719 Thread 0x000000036a99d400 Exception <a 'sun/nio/fs/UnixException'{0x00000006d30ad218}> (0x00000006d30ad218) 
thrown [src/hotspot/share/prims/jni.cpp, line 517]
Event: 233.719 Thread 0x000000036a99d400 Exception <a 'sun/nio/fs/UnixException'{0x00000006d30ad2c8}> (0x00000006d30ad2c8) 
thrown [src/hotspot/share/prims/jni.cpp, line 517]
Event: 233.719 Thread 0x000000036a99d400 Exception <a 'sun/nio/fs/UnixException'{0x00000006d30ad378}> (0x00000006d30ad378) 
thrown [src/hotspot/share/prims/jni.cpp, line 517]
Event: 233.719 Thread 0x000000036a99d400 Exception <a 'sun/nio/fs/UnixException'{0x00000006d30ad470}> (0x00000006d30ad470) 
thrown [src/hotspot/share/prims/jni.cpp, line 517]
Event: 234.089 Thread 0x000000011f0e9800 Implicit null exception at 0x000000014b6a3584 to 0x000000014b6a62e0
Event: 234.090 Thread 0x000000011f0e9800 Implicit null exception at 0x0000000148753ee4 to 0x0000000148756384

VM Operations (20 events):
Event: 234.247 Executing VM operation: ICBufferFull
Event: 234.253 Executing VM operation: ICBufferFull done
Event: 234.283 Executing VM operation: ICBufferFull
Event: 234.298 Executing VM operation: ICBufferFull done
Event: 234.353 Executing VM operation: ICBufferFull
Event: 234.353 Executing VM operation: ICBufferFull done
Event: 234.419 Executing VM operation: ICBufferFull
Event: 234.419 Executing VM operation: ICBufferFull done
Event: 234.472 Executing VM operation: HandshakeAllThreads
Event: 234.473 Executing VM operation: HandshakeAllThreads done
Event: 234.475 Executing VM operation: G1CollectForAllocation
Event: 234.475 Executing VM operation: G1CollectForAllocation done
Event: 234.476 Executing VM operation: G1CollectForAllocation
Event: 234.527 Executing VM operation: G1CollectForAllocation done
Event: 234.596 Executing VM operation: ICBufferFull
Event: 234.596 Executing VM operation: ICBufferFull done
Event: 234.633 Executing VM operation: ICBufferFull
Event: 234.633 Executing VM operation: ICBufferFull done
Event: 234.712 Executing VM operation: ICBufferFull
Event: 234.713 Executing VM operation: ICBufferFull done

Events (20 events):
Event: 234.575 Thread 0x000000012f816a00 flushing nmethod 0x000000013c999490
Event: 234.575 Thread 0x000000012f816a00 flushing nmethod 0x000000013c9a3390
Event: 234.575 Thread 0x000000012f816a00 flushing nmethod 0x000000013c9c4210
Event: 234.575 Thread 0x000000012f816a00 flushing nmethod 0x000000013ca82e90
Event: 234.577 Thread 0x000000012f816a00 flushing nmethod 0x000000013cf03790
Event: 234.577 Thread 0x000000012f816a00 flushing nmethod 0x000000013cf07d10
Event: 234.577 Thread 0x000000012f816a00 flushing nmethod 0x000000013cf88f90
Event: 234.577 Thread 0x000000012f816a00 flushing nmethod 0x000000013cff9e90
Event: 234.577 Thread 0x000000012f816a00 flushing nmethod 0x000000013d0def10
Event: 234.579 Thread 0x000000012f816a00 flushing nmethod 0x000000013d454e10
Event: 234.589 Thread 0x000000012f816a00 flushing nmethod 0x000000013ed2df10
Event: 234.593 Thread 0x000000012f816a00 flushing nmethod 0x000000013f74ba10
Event: 234.594 Thread 0x000000012f816a00 flushing nmethod 0x000000013f9a2d10
Event: 234.595 Thread 0x000000012f816a00 flushing nmethod 0x000000013fb6f590
Event: 234.595 Thread 0x000000012f816a00 flushing nmethod 0x000000013fc0bf10
Event: 234.595 Thread 0x000000012f816a00 flushing nmethod 0x000000013fc1bf90
Event: 234.595 Thread 0x000000012f816a00 flushing nmethod 0x000000013fc1f490
Event: 234.595 Thread 0x000000012f816a00 flushing nmethod 0x000000013fc72b90
Event: 234.595 Thread 0x000000012f816a00 flushing nmethod 0x000000013fd51710
Event: 234.596 Thread 0x000000012f816a00 flushing nmethod 0x000000013fd75410


Dynamic libraries:
0x0000000100e5c000 	/Applications/Android Studio.app/Contents/jbr/Contents/Home/lib/libjli.dylib
0x00000001a6b2d000 	/System/Library/Frameworks/Cocoa.framework/Versions/A/Cocoa
0x000000018b813000 	/System/Library/Frameworks/AppKit.framework/Versions/C/AppKit
0x000000018ee52000 	/System/Library/Frameworks/CoreData.framework/Versions/A/CoreData
0x0000000188c0e000 	/System/Library/Frameworks/Foundation.framework/Versions/C/Foundation
0x00000001971b0000 	/usr/lib/libSystem.B.dylib
0x000000018cf36000 	/System/Library/PrivateFrameworks/UIFoundation.framework/Versions/A/UIFoundation
0x000000023fbc6000 	/System/Library/PrivateFrameworks/CollectionViewCore.framework/Versions/A/CollectionViewCore
0x0000000194457000 	/System/Library/PrivateFrameworks/XCTTargetBootstrap.framework/Versions/A/XCTTargetBootstrap
0x000000025241e000 	/System/Library/PrivateFrameworks/GenerativeModels.framework/Versions/A/GenerativeModels
0x0000000199b44000 	/System/Library/PrivateFrameworks/InternationalSupport.framework/Versions/A/InternationalSupport
0x0000000199ea0000 	/System/Library/PrivateFrameworks/UserActivity.framework/Versions/A/UserActivity
0x000000018f4e7000 	/System/Library/PrivateFrameworks/BaseBoard.framework/Versions/A/BaseBoard
0x0000000249634000 	/System/Library/PrivateFrameworks/FrontBoard.framework/Versions/A/FrontBoard
0x00000001a1870000 	/System/Library/PrivateFrameworks/FrontBoardServices.framework/Versions/A/FrontBoardServices
0x000000028a3e7000 	/usr/lib/libRosetta.dylib
0x000000027d70a000 	/System/Library/PrivateFrameworks/UIIntelligenceSupport.framework/Versions/A/UIIntelligenceSupport
0x0000000233f5b000 	/System/Library/Frameworks/SwiftUICore.framework/Versions/A/SwiftUICore
0x000000028429f000 	/System/Library/PrivateFrameworks/WritingTools.framework/Versions/A/WritingTools
0x000000028309a000 	/System/Library/PrivateFrameworks/WindowManagement.framework/Versions/A/WindowManagement
0x000000018887d000 	/System/Library/Frameworks/SystemConfiguration.framework/Versions/A/SystemConfiguration
0x0000000198daf000 	/usr/lib/libspindump.dylib
0x000000018d0ef000 	/System/Library/Frameworks/UniformTypeIdentifiers.framework/Versions/A/UniformTypeIdentifiers
0x0000000196407000 	/usr/lib/libbsm.0.dylib
0x0000000191be9000 	/usr/lib/libapp_launch_measurement.dylib
0x0000000190ef2000 	/System/Library/PrivateFrameworks/CoreAnalytics.framework/Versions/A/CoreAnalytics
0x0000000191bed000 	/System/Library/PrivateFrameworks/CoreAutoLayout.framework/Versions/A/CoreAutoLayout
0x00000001939d0000 	/System/Library/Frameworks/Metal.framework/Versions/A/Metal
0x0000000194d93000 	/usr/lib/liblangid.dylib
0x000000019445d000 	/System/Library/PrivateFrameworks/CoreSVG.framework/Versions/A/CoreSVG
0x000000018db49000 	/System/Library/PrivateFrameworks/SkyLight.framework/Versions/A/SkyLight
0x0000000249369000 	/System/Library/PrivateFrameworks/FocusEngine.framework/Versions/A/FocusEngine
0x000000018e100000 	/System/Library/Frameworks/CoreGraphics.framework/Versions/A/CoreGraphics
0x0000000246d75000 	/System/Library/PrivateFrameworks/DesignLibrary.framework/Versions/A/DesignLibrary
0x000000019fafc000 	/System/Library/Frameworks/Accelerate.framework/Versions/A/Accelerate
0x0000000198ba5000 	/System/Library/PrivateFrameworks/IconServices.framework/Versions/A/IconServices
0x00000001939a8000 	/System/Library/Frameworks/IOSurface.framework/Versions/A/IOSurface
0x0000000190f22000 	/usr/lib/libDiagnosticMessagesClient.dylib
0x00000001970fa000 	/usr/lib/libz.1.dylib
0x00000001a3f4a000 	/System/Library/Frameworks/ApplicationServices.framework/Versions/A/ApplicationServices
0x0000000194442000 	/System/Library/PrivateFrameworks/DFRFoundation.framework/Versions/A/DFRFoundation
0x000000018b062000 	/usr/lib/libicucore.A.dylib
0x000000019b0cb000 	/System/Library/Frameworks/AudioToolbox.framework/Versions/A/AudioToolbox
0x0000000199e4e000 	/System/Library/PrivateFrameworks/DataDetectorsCore.framework/Versions/A/DataDetectorsCore
0x000000027e653000 	/System/Library/PrivateFrameworks/UpdateCycle.framework/Versions/A/UpdateCycle
0x00000001b844e000 	/System/Library/PrivateFrameworks/TextInput.framework/Versions/A/TextInput
0x000000018da8d000 	/usr/lib/libMobileGestalt.dylib
0x0000000194146000 	/System/Library/Frameworks/Carbon.framework/Versions/A/Frameworks/HIToolbox.framework/Versions/A/HIToolbox
0x000000019144c000 	/System/Library/Frameworks/QuartzCore.framework/Versions/A/QuartzCore
0x000000018ac43000 	/System/Library/Frameworks/Security.framework/Versions/A/Security
0x000000019f46b000 	/System/Library/Frameworks/Carbon.framework/Versions/A/Frameworks/SpeechRecognition.framework/Versions/A/SpeechRecognition
0x00000001918b4000 	/System/Library/PrivateFrameworks/CoreUI.framework/Versions/A/CoreUI
0x000000018a4ad000 	/System/Library/Frameworks/CoreAudio.framework/Versions/A/CoreAudio
0x000000019101d000 	/System/Library/Frameworks/DiskArbitration.framework/Versions/A/DiskArbitration
0x000000019934d000 	/System/Library/PrivateFrameworks/MultitouchSupport.framework/Versions/A/MultitouchSupport
0x000000018da8b000 	/usr/lib/libenergytrace.dylib
0x00000001ab7bd000 	/System/Library/PrivateFrameworks/RenderBox.framework/Versions/A/RenderBox
0x000000018b6ba000 	/System/Library/Frameworks/IOKit.framework/Versions/A/IOKit
0x000000019f87d000 	/System/Library/Frameworks/CoreServices.framework/Versions/A/CoreServices
0x0000000191b70000 	/System/Library/PrivateFrameworks/PerformanceAnalysis.framework/Versions/A/PerformanceAnalysis
0x000000022c848000 	/System/Library/Frameworks/OpenGL.framework/Versions/A/OpenGL
0x0000000191c36000 	/usr/lib/libxml2.2.dylib
0x00000001962e8000 	/System/Library/PrivateFrameworks/MobileKeyBag.framework/Versions/A/MobileKeyBag
0x0000000186efc000 	/usr/lib/libobjc.A.dylib
0x0000000187271000 	/usr/lib/libc++.1.dylib
0x000000019f7fb000 	/System/Library/Frameworks/Accessibility.framework/Versions/A/Accessibility
0x000000018e856000 	/System/Library/Frameworks/ColorSync.framework/Versions/A/ColorSync
0x00000001873a1000 	/System/Library/Frameworks/CoreFoundation.framework/Versions/A/CoreFoundation
0x00000001947db000 	/System/Library/Frameworks/CoreImage.framework/Versions/A/CoreImage
0x000000018a284000 	/System/Library/Frameworks/CoreText.framework/Versions/A/CoreText
0x000000022e248000 	/System/Library/Frameworks/CoreTransferable.framework/Versions/A/CoreTransferable
0x000000022e763000 	/System/Library/Frameworks/DataDetection.framework/Versions/A/DataDetection
0x000000022e77a000 	/System/Library/Frameworks/DeveloperToolsSupport.framework/Versions/A/DeveloperToolsSupport
0x000000019449b000 	/System/Library/Frameworks/ImageIO.framework/Versions/A/ImageIO
0x0000000234eb8000 	/System/Library/Frameworks/Symbols.framework/Versions/A/Symbols
0x00000001bd7c9000 	/System/Library/PrivateFrameworks/AttributeGraph.framework/Versions/A/AttributeGraph
0x00000001a194a000 	/System/Library/PrivateFrameworks/BoardServices.framework/Versions/A/BoardServices
0x00000001e29c0000 	/System/Library/PrivateFrameworks/FeatureFlags.framework/Versions/A/FeatureFlags
0x00000002528c9000 	/System/Library/PrivateFrameworks/Gestures.framework/Versions/A/Gestures
0x00000001971b4000 	/System/Library/PrivateFrameworks/SoftLinking.framework/Versions/A/SoftLinking
0x00000001cc4a6000 	/usr/lib/swift/libswiftAccelerate.dylib
0x00000001c261d000 	/usr/lib/swift/libswiftCompression.dylib
0x000000019aa20000 	/usr/lib/swift/libswiftCore.dylib
0x00000001b466e000 	/usr/lib/swift/libswiftCoreFoundation.dylib
0x00000001b46ce000 	/usr/lib/swift/libswiftCoreImage.dylib
0x00000001a15e9000 	/usr/lib/swift/libswiftDispatch.dylib
0x00000001b46cf000 	/usr/lib/swift/libswiftIOKit.dylib
0x00000001c260f000 	/usr/lib/swift/libswiftMetal.dylib
0x00000001d1dd4000 	/usr/lib/swift/libswiftOSLog.dylib
0x00000001a45c1000 	/usr/lib/swift/libswiftObjectiveC.dylib
0x000000028bb60000 	/usr/lib/swift/libswiftObservation.dylib
0x00000001c7a03000 	/usr/lib/swift/libswiftQuartzCore.dylib
0x000000028bc22000 	/usr/lib/swift/libswiftSpatial.dylib
0x000000028bc9c000 	/usr/lib/swift/libswiftSynchronization.dylib
0x00000001cc496000 	/usr/lib/swift/libswiftUniformTypeIdentifiers.dylib
0x00000001b4681000 	/usr/lib/swift/libswiftXPC.dylib
0x000000028bce2000 	/usr/lib/swift/libswift_Builtin_float.dylib
0x000000028bce3000 	/usr/lib/swift/libswift_Concurrency.dylib
0x00000001a45c5000 	/usr/lib/swift/libswiftos.dylib
0x00000001b81c0000 	/usr/lib/swift/libswiftsimd.dylib
0x00000001973d8000 	/usr/lib/libcompression.dylib
0x0000000199aad000 	/System/Library/PrivateFrameworks/TextureIO.framework/Versions/A/TextureIO
0x000000018e9fe000 	/System/Library/Frameworks/ApplicationServices.framework/Versions/A/Frameworks/HIServices.framework/Versions/A/HIServices
0x000000019882f000 	/usr/lib/libate.dylib
0x00000001971aa000 	/usr/lib/system/libcache.dylib
0x0000000197165000 	/usr/lib/system/libcommonCrypto.dylib
0x0000000197190000 	/usr/lib/system/libcompiler_rt.dylib
0x0000000197185000 	/usr/lib/system/libcopyfile.dylib
0x00000001870a5000 	/usr/lib/system/libcorecrypto.dylib
0x00000001871a5000 	/usr/lib/system/libdispatch.dylib
0x0000000186f4f000 	/usr/lib/system/libdyld.dylib
0x00000001971a0000 	/usr/lib/system/libkeymgr.dylib
0x0000000197148000 	/usr/lib/system/libmacho.dylib
0x00000001963df000 	/usr/lib/system/libquarantine.dylib
0x000000019719d000 	/usr/lib/system/libremovefile.dylib
0x000000018db0d000 	/usr/lib/system/libsystem_asl.dylib
0x000000018702b000 	/usr/lib/system/libsystem_blocks.dylib
0x00000001871f0000 	/usr/lib/system/libsystem_c.dylib
0x0000000197194000 	/usr/lib/system/libsystem_collections.dylib
0x0000000194d80000 	/usr/lib/system/libsystem_configuration.dylib
0x000000019396f000 	/usr/lib/system/libsystem_containermanager.dylib
0x0000000196b7e000 	/usr/lib/system/libsystem_coreservices.dylib
0x000000018b338000 	/usr/lib/system/libsystem_darwin.dylib
0x000000028c004000 	/usr/lib/system/libsystem_darwindirectory.dylib
0x00000001971a1000 	/usr/lib/system/libsystem_dnssd.dylib
0x000000028c008000 	/usr/lib/system/libsystem_eligibility.dylib
0x00000001871ed000 	/usr/lib/system/libsystem_featureflags.dylib
0x0000000187371000 	/usr/lib/system/libsystem_info.dylib
0x0000000197109000 	/usr/lib/system/libsystem_m.dylib
0x0000000187154000 	/usr/lib/system/libsystem_malloc.dylib
0x000000018da70000 	/usr/lib/system/libsystem_networkextension.dylib
0x000000018b7a3000 	/usr/lib/system/libsystem_notify.dylib
0x0000000194d85000 	/usr/lib/system/libsystem_sandbox.dylib
0x000000028c012000 	/usr/lib/system/libsystem_sanitizers.dylib
0x0000000197199000 	/usr/lib/system/libsystem_secinit.dylib
0x000000018731d000 	/usr/lib/system/libsystem_kernel.dylib
0x0000000187368000 	/usr/lib/system/libsystem_platform.dylib
0x000000018735b000 	/usr/lib/system/libsystem_pthread.dylib
0x000000018f6cb000 	/usr/lib/system/libsystem_symptoms.dylib
0x0000000187084000 	/usr/lib/system/libsystem_trace.dylib
0x000000028c01a000 	/usr/lib/system/libsystem_trial.dylib
0x0000000197173000 	/usr/lib/system/libunwind.dylib
0x000000018702f000 	/usr/lib/system/libxpc.dylib
0x0000000187302000 	/usr/lib/libc++abi.dylib
0x000000028b86d000 	/usr/lib/libswiftPrespecialized.dylib
0x00000001971b2000 	/usr/lib/libfakelink.dylib
0x000000018d6ba000 	/System/Library/Frameworks/CFNetwork.framework/Versions/A/CFNetwork
0x0000000197205000 	/usr/lib/libarchive.2.dylib
0x000000019d517000 	/System/Library/Frameworks/Combine.framework/Versions/A/Combine
0x000000023fbeb000 	/System/Library/PrivateFrameworks/CollectionsInternal.framework/Versions/A/CollectionsInternal
0x000000026baea000 	/System/Library/PrivateFrameworks/ReflectionInternal.framework/Versions/A/ReflectionInternal
0x000000026ca3d000 	/System/Library/PrivateFrameworks/RuntimeInternal.framework/Versions/A/RuntimeInternal
0x00000001b1506000 	/usr/lib/swift/libswiftDarwin.dylib
0x000000028bcb0000 	/usr/lib/swift/libswiftSystem.dylib
0x000000028bd6f000 	/usr/lib/swift/libswift_DarwinFoundation1.dylib
0x000000028be13000 	/usr/lib/swift/libswift_StringProcessing.dylib
0x000000018b63a000 	/System/Library/PrivateFrameworks/CoreServicesInternal.framework/Versions/A/CoreServicesInternal
0x000000019717d000 	/usr/lib/liboah.dylib
0x00000001a39f5000 	/System/Library/PrivateFrameworks/DiskImages.framework/Versions/A/DiskImages
0x00000001b0fab000 	/System/Library/Frameworks/NetFS.framework/Versions/A/NetFS
0x0000000191bb2000 	/System/Library/Frameworks/CoreServices.framework/Versions/A/Frameworks/FSEvents.framework/Versions/A/FSEvents
0x000000018b342000 	/System/Library/Frameworks/CoreServices.framework/Versions/A/Frameworks/CarbonCore.framework/Versions/A/CarbonCore
0x0000000190f91000 	/System/Library/Frameworks/CoreServices.framework/Versions/A/Frameworks/Metadata.framework/Versions/A/Metadata
0x0000000196b85000 	/System/Library/Frameworks/CoreServices.framework/Versions/A/Frameworks/OSServices.framework/Versions/A/OSServices
0x00000001972fd000 	/System/Library/Frameworks/CoreServices.framework/Versions/A/Frameworks/SearchKit.framework/Versions/A/SearchKit
0x000000018f645000 	/System/Library/Frameworks/CoreServices.framework/Versions/A/Frameworks/AE.framework/Versions/A/AE
0x0000000187900000 	/System/Library/Frameworks/CoreServices.framework/Versions/A/Frameworks/LaunchServices.framework/Versions/A/LaunchServices
0x0000000198683000 	/System/Library/Frameworks/CoreServices.framework/Versions/A/Frameworks/DictionaryServices.framework/Versions/A/DictionaryServices
0x0000000191bbf000 	/System/Library/Frameworks/CoreServices.framework/Versions/A/Frameworks/SharedFileList.framework/Versions/A/SharedFileList
0x0000000197390000 	/usr/lib/libapple_nghttp2.dylib
0x000000018f25c000 	/usr/lib/libsqlite3.dylib
0x000000018f445000 	/System/Library/Frameworks/Accounts.framework/Versions/A/Accounts
0x00000001a3c37000 	/System/Library/PrivateFrameworks/AppSupport.framework/Versions/A/AppSupport
0x00000001b3432000 	/System/Library/Frameworks/AVFoundation.framework/Versions/A/AVFoundation
0x000000019b752000 	/System/Library/Frameworks/GSS.framework/Versions/A/GSS
0x000000018f5d9000 	/System/Library/PrivateFrameworks/RunningBoardServices.framework/Versions/A/RunningBoardServices
0x00000001a4549000 	/System/Library/PrivateFrameworks/StreamingZip.framework/Versions/A/StreamingZip
0x000000018f6d4000 	/System/Library/Frameworks/Network.framework/Versions/A/Network
0x000000019714c000 	/usr/lib/system/libkxld.dylib
0x000000023b1cb000 	/System/Library/PrivateFrameworks/AppleKeyStore.framework/Versions/A/AppleKeyStore
0x000000028a0e9000 	/usr/lib/libCoreEntitlements.dylib
0x00000002601cd000 	/System/Library/PrivateFrameworks/MessageSecurity.framework/Versions/A/MessageSecurity
0x000000018f240000 	/System/Library/PrivateFrameworks/ProtocolBuffer.framework/Versions/A/ProtocolBuffer
0x00000001a09f8000 	/System/Library/PrivateFrameworks/SymptomDiagnosticReporter.framework/Versions/A/SymptomDiagnosticReporter
0x00000001988c8000 	/System/Library/PrivateFrameworks/CrashReporterSupport.framework/Versions/A/CrashReporterSupport
0x0000000196b65000 	/System/Library/PrivateFrameworks/AppleFSCompression.framework/Versions/A/AppleFSCompression
0x00000001963ef000 	/usr/lib/libcoretls.dylib
0x00000001986f9000 	/usr/lib/libcoretls_cfhelpers.dylib
0x00000001973d2000 	/usr/lib/libpam.2.dylib
0x000000019876f000 	/usr/lib/libxar.1.dylib
0x00000001986fb000 	/System/Library/PrivateFrameworks/APFS.framework/Versions/A/APFS
0x000000027816a000 	/System/Library/PrivateFrameworks/SwiftASN1Internal.framework/Versions/A/SwiftASN1Internal
0x000000019877e000 	/usr/lib/libutil.dylib
0x0000000194d8e000 	/System/Library/PrivateFrameworks/AppleSystemInfo.framework/Versions/A/AppleSystemInfo
0x00000001960b6000 	/System/Library/PrivateFrameworks/IOMobileFramebuffer.framework/Versions/A/IOMobileFramebuffer
0x00000001a3355000 	/System/Library/PrivateFrameworks/CoreWiFi.framework/Versions/A/CoreWiFi
0x00000001b4530000 	/System/Library/PrivateFrameworks/LoggingSupport.framework/Versions/A/LoggingSupport
0x000000019b7b5000 	/System/Library/PrivateFrameworks/MobileAsset.framework/Versions/A/MobileAsset
0x00000001a0a08000 	/System/Library/PrivateFrameworks/PowerLog.framework/Versions/A/PowerLog
0x00000001a1eca000 	/System/Library/PrivateFrameworks/Rapport.framework/Versions/A/Rapport
0x0000000233dee000 	/System/Library/Frameworks/SwiftData.framework/Versions/A/SwiftData
0x0000000191ddf000 	/System/Library/PrivateFrameworks/UserManagement.framework/Versions/A/UserManagement
0x000000018d5e1000 	/usr/lib/libboringssl.dylib
0x000000018f6b9000 	/usr/lib/libdns_services.dylib
0x00000001b3566000 	/usr/lib/libquic.dylib
0x000000019a9b1000 	/usr/lib/libusrtcp.dylib
0x000000023c084000 	/System/Library/PrivateFrameworks/AtomicsInternal.framework/Versions/A/AtomicsInternal
0x00000001da7f7000 	/System/Library/PrivateFrameworks/InternalSwiftProtobuf.framework/Versions/A/InternalSwiftProtobuf
0x000000028bb37000 	/usr/lib/swift/libswiftDistributed.dylib
0x0000000194d8c000 	/System/Library/PrivateFrameworks/AggregateDictionary.framework/Versions/A/AggregateDictionary
0x000000023c8b2000 	/System/Library/PrivateFrameworks/BiomeLibrary.framework/Versions/A/BiomeLibrary
0x00000001c367a000 	/System/Library/PrivateFrameworks/BiomeStreams.framework/Versions/A/BiomeStreams
0x00000001bf6e0000 	/System/Library/PrivateFrameworks/BiomeFoundation.framework/Versions/A/BiomeFoundation
0x00000001c98fc000 	/System/Library/PrivateFrameworks/BiomePubSub.framework/Versions/A/BiomePubSub
0x00000001a552c000 	/System/Library/PrivateFrameworks/ProactiveSupport.framework/Versions/A/ProactiveSupport
0x0000000235e49000 	/System/Library/Frameworks/_LocationEssentials.framework/Versions/A/_LocationEssentials
0x00000001986da000 	/usr/lib/liblzma.5.dylib
0x00000001a3f4b000 	/System/Library/PrivateFrameworks/InternationalTextSearch.framework/Versions/A/InternationalTextSearch
0x00000001bbbbc000 	/System/Library/PrivateFrameworks/SoftwareUpdateCoreSupport.framework/Versions/A/SoftwareUpdateCoreSupport
0x00000001c4118000 	/System/Library/PrivateFrameworks/SoftwareUpdateCoreConnect.framework/Versions/A/SoftwareUpdateCoreConnect
0x00000001a3aef000 	/System/Library/PrivateFrameworks/RemoteServiceDiscovery.framework/Versions/A/RemoteServiceDiscovery
0x00000001bb794000 	/System/Library/PrivateFrameworks/MSUDataAccessor.framework/Versions/A/MSUDataAccessor
0x00000001b66fc000 	/usr/lib/libbootpolicy.dylib
0x00000001a3b06000 	/System/Library/PrivateFrameworks/RemoteXPC.framework/Versions/A/RemoteXPC
0x00000001c354e000 	/usr/lib/libFDR.dylib
0x00000001c94fe000 	/usr/lib/libamsupport.dylib
0x000000028a3df000 	/usr/lib/libReverseProxyDevice.dylib
0x000000023aa3b000 	/System/Library/PrivateFrameworks/AppleDeviceQuerySupport.framework/Versions/A/AppleDeviceQuerySupport
0x00000001cc6c0000 	/usr/lib/libpartition2_dynamic.dylib
0x000000019736c000 	/System/Library/PrivateFrameworks/AppleSauce.framework/Versions/A/AppleSauce
0x0000000289f94000 	/usr/lib/libAppleArchive.dylib
0x0000000196b71000 	/usr/lib/libbz2.1.0.dylib
0x0000000191027000 	/System/Library/Frameworks/Accelerate.framework/Versions/A/Frameworks/vImage.framework/Versions/A/vImage
0x000000019f858000 	/System/Library/Frameworks/Accelerate.framework/Versions/A/Frameworks/vecLib.framework/Versions/A/vecLib
0x00000001987b5000 	/System/Library/Frameworks/Accelerate.framework/Versions/A/Frameworks/vecLib.framework/Versions/A/libvMisc.dylib
0x0000000187e04000 	/System/Library/Frameworks/Accelerate.framework/Versions/A/Frameworks/vecLib.framework/Versions/A/libBLAS.dylib
0x0000000191d1d000 	/System/Library/Frameworks/CoreVideo.framework/Versions/A/CoreVideo
0x000000019b369000 	/System/Library/Frameworks/ApplicationServices.framework/Versions/A/Frameworks/ATS.framework/Versions/A/ATS
0x0000000199a3a000 	/System/Library/Frameworks/ApplicationServices.framework/Versions/A/Frameworks/PrintCore.framework/Versions/A/PrintCore
0x000000019b71b000 	/System/Library/Frameworks/ApplicationServices.framework/Versions/A/Frameworks/QD.framework/Versions/A/QD
0x000000019b716000 	/System/Library/Frameworks/ApplicationServices.framework/Versions/A/Frameworks/ColorSyncLegacy.framework/Versions/A/ColorSyncLegacy
0x000000019b33b000 	/System/Library/Frameworks/ApplicationServices.framework/Versions/A/Frameworks/SpeechSynthesis.framework/Versions/A/SpeechSynthesis
0x0000000193e76000 	/System/Library/PrivateFrameworks/FontServices.framework/libFontParser.dylib
0x00000001a3817000 	/System/Library/PrivateFrameworks/BackBoardServices.framework/Versions/A/BackBoardServices
0x000000023c7b7000 	/System/Library/PrivateFrameworks/BackBoardHIDEventFoundation.framework/Versions/A/BackBoardHIDEventFoundation
0x0000000189da0000 	/System/Library/Frameworks/CoreDisplay.framework/Versions/A/CoreDisplay
0x0000000199393000 	/System/Library/Frameworks/VideoToolbox.framework/Versions/A/VideoToolbox
0x00000001973d0000 	/System/Library/Frameworks/MetalPerformanceShaders.framework/Versions/A/MetalPerformanceShaders
0x000000026a9f4000 	/System/Library/PrivateFrameworks/ProDisplayLibrary.framework/Versions/A/ProDisplayLibrary
0x00000001a7648000 	/System/Library/PrivateFrameworks/IOSurfaceAccelerator.framework/Versions/A/IOSurfaceAccelerator
0x00000001939c5000 	/System/Library/PrivateFrameworks/IOAccelerator.framework/Versions/A/IOAccelerator
0x0000000193cd4000 	/System/Library/Frameworks/CoreMedia.framework/Versions/A/CoreMedia
0x000000018db25000 	/System/Library/PrivateFrameworks/TCC.framework/Versions/A/TCC
0x000000019934b000 	/System/Library/PrivateFrameworks/WatchdogClient.framework/Versions/A/WatchdogClient
0x00000001b464e000 	/usr/lib/swift/libswiftCoreAudio.dylib
0x00000001d0621000 	/usr/lib/swift/libswiftCoreMedia.dylib
0x000000028bcca000 	/usr/lib/swift/libswiftVideoToolbox.dylib
0x00000001c995d000 	/System/Library/PrivateFrameworks/BiomeStorage.framework/Versions/A/BiomeStorage
0x0000000258f11000 	/System/Library/PrivateFrameworks/IntelligencePlatformLibrary.framework/Versions/A/IntelligencePlatformLibrary
0x00000002697b8000 	/System/Library/PrivateFrameworks/PoirotSchematizer.framework/Versions/A/PoirotSchematizer
0x000000023d165000 	/System/Library/PrivateFrameworks/BiomeSync.framework/Versions/A/BiomeSync
0x000000023c898000 	/System/Library/PrivateFrameworks/BiomeDSL.framework/Versions/A/BiomeDSL
0x0000000269826000 	/System/Library/PrivateFrameworks/PoirotUDFs.framework/Versions/A/PoirotUDFs
0x000000028bd72000 	/usr/lib/swift/libswift_DarwinFoundation2.dylib
0x000000028bd73000 	/usr/lib/swift/libswift_DarwinFoundation3.dylib
0x00000001a1ebf000 	/System/Library/PrivateFrameworks/CoreTime.framework/Versions/A/CoreTime
0x00000001971ea000 	/usr/lib/libiconv.2.dylib
0x0000000197147000 	/usr/lib/libcharset.1.dylib
0x000000026977b000 	/System/Library/PrivateFrameworks/PoirotSQLite.framework/Versions/A/PoirotSQLite
0x000000028bd74000 	/usr/lib/swift/libswift_RegexParser.dylib
0x000000023e79b000 	/System/Library/PrivateFrameworks/CascadeSets.framework/Versions/A/CascadeSets
0x000000019b92c000 	/System/Library/PrivateFrameworks/CorePhoneNumbers.framework/Versions/A/CorePhoneNumbers
0x0000000199145000 	/System/Library/PrivateFrameworks/AppleJPEG.framework/Versions/A/AppleJPEG
0x0000000198b1f000 	/usr/lib/libexpat.1.dylib
0x0000000199910000 	/System/Library/Frameworks/ImageIO.framework/Versions/A/Resources/libPng.dylib
0x000000019993b000 	/System/Library/Frameworks/ImageIO.framework/Versions/A/Resources/libTIFF.dylib
0x0000000199a23000 	/System/Library/Frameworks/ImageIO.framework/Versions/A/Resources/libGIF.dylib
0x000000019918a000 	/System/Library/Frameworks/ImageIO.framework/Versions/A/Resources/libJP2.dylib
0x00000001999ca000 	/System/Library/Frameworks/ImageIO.framework/Versions/A/Resources/libJPEG.dylib
0x00000001999c1000 	/System/Library/Frameworks/ImageIO.framework/Versions/A/Resources/libRadiance.dylib
0x000000024ebc8000 	/System/Library/PrivateFrameworks/GPUCompiler.framework/Versions/32023/Libraries/libllvm-flatbuffers.dylib
0x0000000249627000 	/System/Library/PrivateFrameworks/FramePacing.framework/Versions/A/FramePacing
0x000000022c83a000 	/System/Library/Frameworks/OpenGL.framework/Versions/A/Libraries/libCoreFSCache.dylib
0x000000024a755000 	/System/Library/PrivateFrameworks/GPUCompiler.framework/Versions/32023/Libraries/libGPUCompilerUtils.dylib
0x00000001a1a17000 	/System/Library/PrivateFrameworks/GraphicsServices.framework/Versions/A/GraphicsServices
0x000000022c899000 	/System/Library/Frameworks/OpenGL.framework/Versions/A/Libraries/libGLU.dylib
0x000000022c85c000 	/System/Library/Frameworks/OpenGL.framework/Versions/A/Libraries/libGFXShared.dylib
0x000000022ca29000 	/System/Library/Frameworks/OpenGL.framework/Versions/A/Libraries/libGL.dylib
0x000000022c865000 	/System/Library/Frameworks/OpenGL.framework/Versions/A/Libraries/libGLImage.dylib
0x000000022c859000 	/System/Library/Frameworks/OpenGL.framework/Versions/A/Libraries/libCVMSPluginSupport.dylib
0x000000022c842000 	/System/Library/Frameworks/OpenGL.framework/Versions/A/Libraries/libCoreVMClient.dylib
0x00000001999bc000 	/System/Library/PrivateFrameworks/GPUWrangler.framework/Versions/A/GPUWrangler
0x000000019999c000 	/System/Library/PrivateFrameworks/IOPresentment.framework/Versions/A/IOPresentment
0x00000001999c4000 	/System/Library/PrivateFrameworks/DSExternalDisplay.framework/Versions/A/DSExternalDisplay
0x000000027fd2d000 	/System/Library/PrivateFrameworks/VideoToolboxParavirtualizationSupport.framework/Versions/A/VideoToolboxParavirtualizationSupport
0x0000000198ad6000 	/System/Library/PrivateFrameworks/AppleVA.framework/Versions/A/AppleVA
0x000000022e8c4000 	/System/Library/Frameworks/ExtensionFoundation.framework/Versions/A/ExtensionFoundation
0x0000000199a29000 	/System/Library/PrivateFrameworks/CMCaptureCore.framework/Versions/A/CMCaptureCore
0x0000000198da2000 	/System/Library/PrivateFrameworks/AppServerSupport.framework/Versions/A/AppServerSupport
0x000000019b724000 	/System/Library/PrivateFrameworks/perfdata.framework/Versions/A/perfdata
0x0000000189ec1000 	/System/Library/PrivateFrameworks/AudioToolboxCore.framework/Versions/A/AudioToolboxCore
0x0000000193caa000 	/System/Library/PrivateFrameworks/caulk.framework/Versions/A/caulk
0x000000019b321000 	/usr/lib/libAudioStatistics.dylib
0x00000001b365b000 	/System/Library/PrivateFrameworks/SystemPolicy.framework/Versions/A/SystemPolicy
0x000000019b5c9000 	/usr/lib/libSMC.dylib
0x00000001bafa8000 	/usr/lib/swift/libswiftCoreMIDI.dylib
0x00000001a693a000 	/System/Library/Frameworks/CoreMIDI.framework/Versions/A/CoreMIDI
0x00000001998ea000 	/usr/lib/libAudioToolboxUtility.dylib
0x000000019b732000 	/usr/lib/libperfcheck.dylib
0x000000023c153000 	/System/Library/PrivateFrameworks/AudioAnalytics.framework/Versions/A/AudioAnalytics
0x00000001da4e5000 	/System/Library/Frameworks/OSLog.framework/Versions/A/OSLog
0x000000026522e000 	/System/Library/PrivateFrameworks/OSEligibility.framework/Versions/A/OSEligibility
0x000000022fca8000 	/System/Library/Frameworks/LightweightCodeRequirements.framework/Versions/A/LightweightCodeRequirements
0x0000000198a1f000 	/System/Library/PrivateFrameworks/PlugInKit.framework/Versions/A/PlugInKit
0x0000000196300000 	/System/Library/PrivateFrameworks/AssertionServices.framework/Versions/A/AssertionServices
0x0000000198b44000 	/System/Library/PrivateFrameworks/IconFoundation.framework/Versions/A/IconFoundation
0x0000000255a9f000 	/System/Library/PrivateFrameworks/IconRendering.framework/Versions/A/IconRendering
0x000000026cc09000 	/System/Library/PrivateFrameworks/SFSymbols.framework/Versions/A/SFSymbols
0x0000000198d52000 	/System/Library/PrivateFrameworks/GraphVisualizer.framework/Versions/A/GraphVisualizer
0x0000000249532000 	/System/Library/PrivateFrameworks/FontServices.framework/Versions/A/FontServices
0x0000000198d62000 	/System/Library/PrivateFrameworks/OTSVG.framework/Versions/A/OTSVG
0x0000000191862000 	/System/Library/Frameworks/ApplicationServices.framework/Versions/A/Frameworks/ATS.framework/Versions/A/Resources/libFontRegistry.dylib
0x000000028aea7000 	/usr/lib/libhvf.dylib
0x0000000265eba000 	/System/Library/PrivateFrameworks/ParsingInternal.framework/Versions/A/ParsingInternal
0x0000000249536000 	/System/Library/PrivateFrameworks/FontServices.framework/libXTFontStaticRegistryData.dylib
0x0000000194cc6000 	/System/Library/Frameworks/MetalPerformanceShaders.framework/Versions/A/Frameworks/MPSCore.framework/Versions/A/MPSCore
0x0000000196ad0000 	/System/Library/Frameworks/MetalPerformanceShaders.framework/Versions/A/Frameworks/MPSImage.framework/Versions/A/MPSImage
0x000000019648f000 	/System/Library/Frameworks/MetalPerformanceShaders.framework/Versions/A/Frameworks/MPSNeuralNetwork.framework/Versions/A/MPSNeuralNetwork
0x00000001968ce000 	/System/Library/Frameworks/MetalPerformanceShaders.framework/Versions/A/Frameworks/MPSMatrix.framework/Versions/A/MPSMatrix
0x00000001966e6000 	/System/Library/Frameworks/MetalPerformanceShaders.framework/Versions/A/Frameworks/MPSRayIntersector.framework/Versions/A/MPSRayIntersector
0x0000000196900000 	/System/Library/Frameworks/MetalPerformanceShaders.framework/Versions/A/Frameworks/MPSNDArray.framework/Versions/A/MPSNDArray
0x0000000230b2d000 	/System/Library/Frameworks/MetalPerformanceShaders.framework/Versions/A/Frameworks/MPSFunctions.framework/Versions/A/MPSFunctions
0x0000000230b0e000 	/System/Library/Frameworks/MetalPerformanceShaders.framework/Versions/A/Frameworks/MPSBenchmarkLoop.framework/Versions/A/MPSBenchmarkLoop
0x0000000230b41000 	/System/Library/Frameworks/MetalPerformanceShaders.framework/Versions/A/Frameworks/MPSHost.framework/Versions/A/MPSHost
0x0000000187c1b000 	/System/Library/PrivateFrameworks/MetalTools.framework/Versions/A/MetalTools
0x00000001b98e5000 	/System/Library/PrivateFrameworks/IOAccelMemoryInfo.framework/Versions/A/IOAccelMemoryInfo
0x00000001c7df6000 	/System/Library/PrivateFrameworks/kperf.framework/Versions/A/kperf
0x00000001b464a000 	/System/Library/PrivateFrameworks/GPURawCounter.framework/Versions/A/GPURawCounter
0x00000001a56b7000 	/System/Library/PrivateFrameworks/ASEProcessing.framework/Versions/A/ASEProcessing
0x00000001d5ea3000 	/System/Library/PrivateFrameworks/Symbolication.framework/Versions/A/Symbolication
0x0000000269367000 	/System/Library/PrivateFrameworks/PhotosensitivityProcessing.framework/Versions/A/PhotosensitivityProcessing
0x000000026cc8f000 	/System/Library/PrivateFrameworks/SILManager.framework/Versions/A/SILManager
0x00000001a1d62000 	/System/Library/PrivateFrameworks/CoreSymbolication.framework/Versions/A/CoreSymbolication
0x00000001b45bf000 	/System/Library/PrivateFrameworks/MallocStackLogging.framework/Versions/A/MallocStackLogging
0x00000001a1d40000 	/System/Library/PrivateFrameworks/DebugSymbols.framework/Versions/A/DebugSymbols
0x00000001c6569000 	/System/Library/PrivateFrameworks/OSAnalytics.framework/Versions/A/OSAnalytics
0x0000000247294000 	/System/Library/PrivateFrameworks/DeviceRecovery.framework/Versions/A/DeviceRecovery
0x000000027b5bd000 	/System/Library/PrivateFrameworks/Tightbeam.framework/Versions/A/Tightbeam
0x00000001ccc2d000 	/System/Library/PrivateFrameworks/AFKUser.framework/Versions/A/AFKUser
0x0000000196f3e000 	/System/Library/Frameworks/UserNotifications.framework/Versions/A/UserNotifications
0x00000001ba07a000 	/System/Library/PrivateFrameworks/SiriInstrumentation.framework/Versions/A/SiriInstrumentation
0x000000026f0ea000 	/System/Library/PrivateFrameworks/SiriAnalytics.framework/Versions/A/SiriAnalytics
0x00000001b77e2000 	/System/Library/PrivateFrameworks/FeedbackLogger.framework/Versions/A/FeedbackLogger
0x00000001d206d000 	/usr/lib/swift/libswiftAVFoundation.dylib
0x000000027dde5000 	/System/Library/PrivateFrameworks/UnifiedAssetFramework.framework/Versions/A/UnifiedAssetFramework
0x000000019b2a0000 	/System/Library/PrivateFrameworks/AudioSession.framework/Versions/A/AudioSession
0x0000000198c63000 	/System/Library/PrivateFrameworks/MediaExperience.framework/Versions/A/MediaExperience
0x000000019b075000 	/System/Library/PrivateFrameworks/AudioSession.framework/libSessionUtility.dylib
0x00000001a08ed000 	/System/Library/Frameworks/CoreBluetooth.framework/Versions/A/CoreBluetooth
0x0000000196173000 	/System/Library/PrivateFrameworks/CoreUtils.framework/Versions/A/CoreUtils
0x00000001ac4f0000 	/System/Library/PrivateFrameworks/HID.framework/Versions/A/HID
0x00000002461ad000 	/System/Library/PrivateFrameworks/CoreUtilsExtras.framework/Versions/A/CoreUtilsExtras
0x00000002559f4000 	/System/Library/PrivateFrameworks/IO80211.framework/Versions/A/IO80211
0x000000019d263000 	/System/Library/Frameworks/IOBluetooth.framework/Versions/A/IOBluetooth
0x000000028bb7f000 	/usr/lib/swift/libswiftRegexBuilder.dylib
0x00000001988bf000 	/usr/lib/libIOReport.dylib
0x00000001e2a44000 	/System/Library/PrivateFrameworks/WiFiPeerToPeer.framework/Versions/A/WiFiPeerToPeer
0x000000019630f000 	/System/Library/Frameworks/SecurityFoundation.framework/Versions/A/SecurityFoundation
0x000000023e84f000 	/System/Library/PrivateFrameworks/Centauri.framework/Versions/A/Centauri
0x00000001885ff000 	/System/Library/PrivateFrameworks/Lexicon.framework/Versions/A/Lexicon
0x000000028b2f7000 	/usr/lib/libmrc.dylib
0x0000000255a5f000 	/System/Library/PrivateFrameworks/IPConfiguration.framework/Versions/A/IPConfiguration
0x00000001d667a000 	/System/Library/PrivateFrameworks/Netrb.framework/Versions/A/Netrb
0x0000000196478000 	/usr/lib/libgermantok.dylib
0x0000000194eb5000 	/System/Library/PrivateFrameworks/LinguisticData.framework/Versions/A/LinguisticData
0x00000001a0af6000 	/System/Library/PrivateFrameworks/MediaKit.framework/Versions/A/MediaKit
0x00000001a0a44000 	/System/Library/Frameworks/DiscRecording.framework/Versions/A/DiscRecording
0x0000000198b3a000 	/usr/lib/libheimdal-asn1.dylib
0x00000001a451f000 	/System/Library/Frameworks/AudioUnit.framework/Versions/A/AudioUnit
0x0000000191b7a000 	/System/Library/Frameworks/OpenDirectory.framework/Versions/A/OpenDirectory
0x0000000191b88000 	/System/Library/Frameworks/OpenDirectory.framework/Versions/A/Frameworks/CFOpenDirectory.framework/Versions/A/CFOpenDirectory
0x000000019d60b000 	/System/Library/PrivateFrameworks/GeoServices.framework/Versions/A/GeoServices
0x000000019b03b000 	/System/Library/PrivateFrameworks/LocationSupport.framework/Versions/A/LocationSupport
0x000000025271b000 	/System/Library/PrivateFrameworks/GeoServicesCore.framework/Versions/A/GeoServicesCore
0x00000001ad3f4000 	/System/Library/PrivateFrameworks/PhoneNumbers.framework/Versions/A/PhoneNumbers
0x000000025aea3000 	/System/Library/PrivateFrameworks/LocationLogEncryption.framework/Versions/A/LocationLogEncryption
0x000000022cdb5000 	/System/Library/Frameworks/AVFAudio.framework/Versions/A/AVFAudio
0x000000022cef9000 	/System/Library/Frameworks/AVRouting.framework/Versions/A/AVRouting
0x00000001ad50c000 	/usr/lib/libAccessibility.dylib
0x000000025988d000 	/System/Library/PrivateFrameworks/IsolatedCoreAudioClient.framework/Versions/A/IsolatedCoreAudioClient
0x0000000241fe5000 	/System/Library/PrivateFrameworks/CoreAudioOrchestration.framework/Versions/A/CoreAudioOrchestration
0x0000000199f11000 	/System/Library/Frameworks/MediaToolbox.framework/Versions/A/MediaToolbox
0x00000001a0c1c000 	/System/Library/PrivateFrameworks/CoreAVCHD.framework/Versions/A/CoreAVCHD
0x000000019fb4b000 	/System/Library/Frameworks/MediaAccessibility.framework/Versions/A/MediaAccessibility
0x00000001a0c18000 	/System/Library/PrivateFrameworks/Mangrove.framework/Versions/A/Mangrove
0x000000023de8b000 	/System/Library/PrivateFrameworks/CMPhoto.framework/Versions/A/CMPhoto
0x00000001a13e5000 	/System/Library/Frameworks/CoreTelephony.framework/Versions/A/CoreTelephony
0x00000001a0c0b000 	/System/Library/PrivateFrameworks/CoreAUC.framework/Versions/A/CoreAUC
0x000000023affc000 	/System/Library/PrivateFrameworks/AppleJPEGXL.framework/Versions/A/AppleJPEGXL
0x000000019b93c000 	/usr/lib/libTelephonyUtilDynamic.dylib
0x00000001dd5d6000 	/System/Library/Frameworks/CryptoKit.framework/Versions/A/CryptoKit
0x00000001a451a000 	/System/Library/PrivateFrameworks/CryptoKitCBridging.framework/Versions/A/CryptoKitCBridging
0x00000001a1a29000 	/System/Library/Frameworks/CryptoTokenKit.framework/Versions/A/CryptoTokenKit
0x0000000246d05000 	/System/Library/PrivateFrameworks/Dendrite.framework/Versions/A/Dendrite
0x00000001b41f2000 	/System/Library/Frameworks/NaturalLanguage.framework/Versions/A/NaturalLanguage
0x00000001e29cc000 	/usr/lib/swift/libswiftNaturalLanguage.dylib
0x000000023bb72000 	/System/Library/PrivateFrameworks/AppleMobileFileIntegrity.framework/Versions/A/AppleMobileFileIntegrity
0x000000028a456000 	/usr/lib/libTLE.dylib
0x00000001b45f1000 	/usr/lib/libmis.dylib
0x00000001ec0d3000 	/System/Library/PrivateFrameworks/ConfigProfileHelper.framework/Versions/A/ConfigProfileHelper
0x00000001a46a9000 	/System/Library/PrivateFrameworks/Espresso.framework/Versions/A/Espresso
0x0000000192309000 	/System/Library/Frameworks/CoreML.framework/Versions/A/CoreML
0x00000001e0889000 	/usr/lib/libedit.3.dylib
0x0000000229bc4000 	/System/Library/PrivateFrameworks/ANECompiler.framework/Versions/A/ANECompiler
0x00000001a677e000 	/System/Library/PrivateFrameworks/AppleNeuralEngine.framework/Versions/A/AppleNeuralEngine
0x000000025afc1000 	/System/Library/PrivateFrameworks/MIL.framework/Versions/A/MIL
0x0000000230b47000 	/System/Library/Frameworks/MetalPerformanceShadersGraph.framework/Versions/A/MetalPerformanceShadersGraph
0x000000025b730000 	/System/Library/PrivateFrameworks/MLCompilerServices.framework/Versions/A/MLCompilerServices
0x00000001a54fb000 	/System/Library/PrivateFrameworks/ANEServices.framework/Versions/A/ANEServices
0x00000001b98a8000 	/usr/lib/libncurses.5.4.dylib
0x000000018b7b6000 	/usr/lib/libsandbox.1.dylib
0x0000000198a60000 	/usr/lib/libMatch.1.dylib
0x0000000264fb0000 	/System/Library/PrivateFrameworks/ODIE.framework/Versions/A/ODIE
0x000000025e3bd000 	/System/Library/PrivateFrameworks/MLModelAsset.framework/Versions/A/MLModelAsset
0x000000025b6d6000 	/System/Library/PrivateFrameworks/MLCompilerRuntime.framework/Versions/A/MLCompilerRuntime
0x000000019673b000 	/System/Library/Frameworks/MLCompute.framework/Versions/A/MLCompute
0x000000025b658000 	/System/Library/PrivateFrameworks/MLAssetIO.framework/Versions/A/MLAssetIO
0x000000028bb51000 	/usr/lib/swift/libswiftMLCompute.dylib
0x00000001a1600000 	/System/Library/PrivateFrameworks/AVFCore.framework/Versions/A/AVFCore
0x00000001aae0e000 	/System/Library/PrivateFrameworks/AVFCapture.framework/Versions/A/AVFCapture
0x000000023dc82000 	/System/Library/PrivateFrameworks/CMImaging.framework/Versions/A/CMImaging
0x00000001ab050000 	/System/Library/PrivateFrameworks/Quagga.framework/Versions/A/Quagga
0x00000001ab181000 	/System/Library/PrivateFrameworks/CMCapture.framework/Versions/A/CMCapture
0x000000019b4c6000 	/System/Library/Frameworks/CoreMediaIO.framework/Versions/A/CoreMediaIO
0x000000023dbbd000 	/System/Library/PrivateFrameworks/CMCaptureDevice.framework/Versions/A/CMCaptureDevice
0x0000000198e9b000 	/System/Library/PrivateFrameworks/CoreBrightness.framework/Versions/A/CoreBrightness
0x000000023ed46000 	/System/Library/PrivateFrameworks/CinematicFraming.framework/Versions/A/CinematicFraming
0x0000000261498000 	/System/Library/PrivateFrameworks/ModelManagerServices.framework/Versions/A/ModelManagerServices
0x00000001cf0d7000 	/System/Library/PrivateFrameworks/CPMS.framework/Versions/A/CPMS
0x0000000278ce5000 	/System/Library/PrivateFrameworks/SystemStatus.framework/Versions/A/SystemStatus
0x00000001b3030000 	/System/Library/Frameworks/CoreMotion.framework/Versions/A/CoreMotion
0x00000001c35f9000 	/System/Library/PrivateFrameworks/TimeSync.framework/Versions/A/TimeSync
0x00000002476cb000 	/System/Library/PrivateFrameworks/DistributedSensing.framework/Versions/A/DistributedSensing
0x00000001be9f0000 	/System/Library/PrivateFrameworks/MobileBluetooth.framework/Versions/A/MobileBluetooth
0x00000001c52b6000 	/System/Library/PrivateFrameworks/IOKitten.framework/Versions/A/IOKitten
0x000000023ae76000 	/System/Library/PrivateFrameworks/AppleIntelligenceReporting.framework/Versions/A/AppleIntelligenceReporting
0x0000000196082000 	/System/Library/PrivateFrameworks/CoreEmoji.framework/Versions/A/CoreEmoji
0x0000000188911000 	/usr/lib/libCRFSuite.dylib
0x0000000189bf1000 	/System/Library/PrivateFrameworks/LanguageModeling.framework/Versions/A/LanguageModeling
0x0000000194d95000 	/System/Library/PrivateFrameworks/CoreNLP.framework/Versions/A/CoreNLP
0x000000018eb67000 	/System/Library/PrivateFrameworks/Montreal.framework/Versions/A/Montreal
0x00000001971f2000 	/usr/lib/libcmph.dylib
0x0000000196419000 	/usr/lib/libmecab.dylib
0x0000000197363000 	/usr/lib/libThaiTokenizer.dylib
0x0000000252500000 	/System/Library/PrivateFrameworks/GenerativeModelsFoundation.framework/Versions/A/GenerativeModelsFoundation
0x000000027bac2000 	/System/Library/PrivateFrameworks/TokenGeneration.framework/Versions/A/TokenGeneration
0x00000002522d4000 	/System/Library/PrivateFrameworks/GenerativeFunctions.framework/Versions/A/GenerativeFunctions
0x0000000252322000 	/System/Library/PrivateFrameworks/GenerativeFunctionsFoundation.framework/Versions/A/GenerativeFunctionsFoundation
0x000000026115e000 	/System/Library/PrivateFrameworks/ModelCatalog.framework/Versions/A/ModelCatalog
0x000000026e304000 	/System/Library/PrivateFrameworks/SensitiveContentAnalysisML.framework/Versions/A/SensitiveContentAnalysisML
0x00000002523b8000 	/System/Library/PrivateFrameworks/GenerativeFunctionsInstrumentation.framework/Versions/A/GenerativeFunctionsInstrumentation
0x000000026b17c000 	/System/Library/PrivateFrameworks/PromptKit.framework/Versions/A/PromptKit
0x000000026ab93000 	/System/Library/PrivateFrameworks/ProactiveDaemonSupport.framework/Versions/A/ProactiveDaemonSupport
0x000000027bcfa000 	/System/Library/PrivateFrameworks/TokenGenerationCore.framework/Versions/A/TokenGenerationCore
0x00000001b50bd000 	/System/Library/PrivateFrameworks/Trial.framework/Versions/A/Trial
0x00000001b503e000 	/System/Library/PrivateFrameworks/TrialProto.framework/Versions/A/TrialProto
0x000000023aaa2000 	/System/Library/PrivateFrameworks/AppleFlatBuffers.framework/Versions/A/AppleFlatBuffers
0x000000026e5d4000 	/System/Library/PrivateFrameworks/SentencePieceInternal.framework/Versions/A/SentencePieceInternal
0x000000019fba5000 	/System/Library/Frameworks/Vision.framework/Versions/A/Vision
0x0000000245e8f000 	/System/Library/PrivateFrameworks/CoreSceneUnderstanding.framework/Versions/A/CoreSceneUnderstanding
0x000000028093a000 	/System/Library/PrivateFrameworks/VisionCore.framework/Versions/A/VisionCore
0x00000001bd97e000 	/System/Library/Frameworks/Vision.framework/libfaceCore.dylib
0x00000001be498000 	/System/Library/PrivateFrameworks/Futhark.framework/Versions/A/Futhark
0x00000001c23d6000 	/System/Library/PrivateFrameworks/InertiaCam.framework/Versions/A/InertiaCam
0x00000001be225000 	/System/Library/PrivateFrameworks/TextRecognition.framework/Versions/A/TextRecognition
0x00000001988fd000 	/System/Library/PrivateFrameworks/CVNLP.framework/Versions/A/CVNLP
0x00000001da9ce000 	/System/Library/PrivateFrameworks/HIDDisplay.framework/Versions/A/HIDDisplay
0x00000001999f5000 	/System/Library/Frameworks/ApplicationServices.framework/Versions/A/Frameworks/ATSUI.framework/Versions/A/ATSUI
0x000000019b6aa000 	/usr/lib/libcups.2.dylib
0x000000019b740000 	/System/Library/Frameworks/Kerberos.framework/Versions/A/Kerberos
0x000000019b3b1000 	/usr/lib/libresolv.9.dylib
0x0000000198db6000 	/System/Library/PrivateFrameworks/Heimdal.framework/Versions/A/Heimdal
0x00000001a451e000 	/System/Library/Frameworks/Kerberos.framework/Versions/A/Libraries/libHeimdalProxy.dylib
0x000000019b7a4000 	/System/Library/PrivateFrameworks/CommonAuth.framework/Versions/A/CommonAuth
0x00000001ad400000 	/System/Library/PrivateFrameworks/AXCoreUtilities.framework/Versions/A/AXCoreUtilities
0x0000000289f57000 	/usr/lib/libAXSafeCategoryBundle.dylib
0x0000000234ed2000 	/System/Library/Frameworks/TabularData.framework/Versions/A/TabularData
0x000000023bd22000 	/System/Library/PrivateFrameworks/ArgumentParserInternal.framework/Versions/A/ArgumentParserInternal
0x0000000195f44000 	/System/Library/Frameworks/Accelerate.framework/Versions/A/Frameworks/vecLib.framework/Versions/A/libvDSP.dylib
0x00000001974b2000 	/System/Library/Frameworks/Accelerate.framework/Versions/A/Frameworks/vecLib.framework/Versions/A/libLAPACK.dylib
0x000000019647b000 	/System/Library/Frameworks/Accelerate.framework/Versions/A/Frameworks/vecLib.framework/Versions/A/libLinearAlgebra.dylib
0x00000001973a9000 	/System/Library/Frameworks/Accelerate.framework/Versions/A/Frameworks/vecLib.framework/Versions/A/libSparseBLAS.dylib
0x00000001974ad000 	/System/Library/Frameworks/Accelerate.framework/Versions/A/Frameworks/vecLib.framework/Versions/A/libQuadrature.dylib
0x0000000194ebc000 	/System/Library/Frameworks/Accelerate.framework/Versions/A/Frameworks/vecLib.framework/Versions/A/libBNNS.dylib
0x000000018870f000 	/System/Library/Frameworks/Accelerate.framework/Versions/A/Frameworks/vecLib.framework/Versions/A/libSparse.dylib
0x000000019b709000 	/System/Library/PrivateFrameworks/NetAuth.framework/Versions/A/NetAuth
0x0000000191d9e000 	/System/Library/PrivateFrameworks/login.framework/Versions/A/Frameworks/loginsupport.framework/Versions/A/loginsupport
0x00000001963e3000 	/usr/lib/libCheckFix.dylib
0x0000000190f24000 	/System/Library/PrivateFrameworks/MetadataUtilities.framework/Versions/A/MetadataUtilities
0x00000002564e6000 	/System/Library/PrivateFrameworks/InstalledContentLibrary.framework/Versions/A/InstalledContentLibrary
0x000000018b67a000 	/System/Library/PrivateFrameworks/CoreServicesStore.framework/Versions/A/CoreServicesStore
0x00000001c7f0d000 	/System/Library/PrivateFrameworks/MobileSystemServices.framework/Versions/A/MobileSystemServices
0x0000000198782000 	/usr/lib/libxslt.1.dylib
0x00000001963a2000 	/System/Library/PrivateFrameworks/BackgroundTaskManagement.framework/Versions/A/BackgroundTaskManagement
0x00000001a3bb0000 	/usr/lib/libcurl.4.dylib
0x000000028ac5b000 	/usr/lib/libcrypto.46.dylib
0x000000028b7fa000 	/usr/lib/libssl.48.dylib
0x00000001a388a000 	/System/Library/Frameworks/LDAP.framework/Versions/A/LDAP
0x00000001a38c6000 	/System/Library/PrivateFrameworks/TrustEvaluationAgent.framework/Versions/A/TrustEvaluationAgent
0x000000019b3ce000 	/usr/lib/libsasl2.2.dylib
0x00000001b1505000 	/usr/lib/swift/libswiftCoreGraphics.dylib
0x00000001a023f000 	/usr/lib/swift/libswiftFoundation.dylib
0x00000001eba77000 	/usr/lib/swift/libswiftSwiftOnoneSupport.dylib
0x000000028bea8000 	/usr/lib/swift/libswiftsys_time.dylib
0x00000001d66b8000 	/System/Library/PrivateFrameworks/CoreMaterial.framework/Versions/A/CoreMaterial
0x000000028a453000 	/usr/lib/libSpatial.dylib
0x0000000289e74000 	/System/Library/SubFrameworks/UIUtilities.framework/Versions/A/UIUtilities
0x0000000109820000 	/Applications/Android Studio.app/Contents/jbr/Contents/Home/lib/server/libjvm.dylib
0x0000000100ed0000 	/Applications/Android Studio.app/Contents/jbr/Contents/Home/lib/libjimage.dylib
0x0000000100f00000 	/Applications/Android Studio.app/Contents/jbr/Contents/Home/lib/libinstrument.dylib
0x0000000100f50000 	/Applications/Android Studio.app/Contents/jbr/Contents/Home/lib/libjava.dylib
0x000000010106c000 	/Applications/Android Studio.app/Contents/jbr/Contents/Home/lib/libzip.dylib
0x0000000101094000 	/Applications/Android Studio.app/Contents/jbr/Contents/Home/lib/libnio.dylib
0x00000001010b4000 	/Applications/Android Studio.app/Contents/jbr/Contents/Home/lib/libnet.dylib
0x0000000101540000 	/Applications/Android Studio.app/Contents/jbr/Contents/Home/lib/libverify.dylib
0x0000000100f30000 	/Users/npcapro/.gradle/native/1def1411415f61bf3af743bc5b6707747c0891f09f0c88961ee8f79bc544acac/osx-aarch64/libnative-platform.dylib
0x000000010f35c000 	/Users/npcapro/.gradle/native/0.2.7/aarch64-macos/libgradle-fileevents.dylib
0x0000000101570000 	/Applications/Android Studio.app/Contents/jbr/Contents/Home/lib/libmanagement.dylib
0x0000000101584000 	/Applications/Android Studio.app/Contents/jbr/Contents/Home/lib/libmanagement_ext.dylib
0x0000000101598000 	/Applications/Android Studio.app/Contents/jbr/Contents/Home/lib/libextnet.dylib
0x0000000367f44000 	/Applications/Android Studio.app/Contents/jbr/Contents/Home/lib/libawt.dylib
0x000000016af70000 	/Applications/Android Studio.app/Contents/jbr/Contents/Home/lib/libmlib_image.dylib
0x000000022fc9f000 	/System/Library/Frameworks/JavaRuntimeSupport.framework/Versions/A/JavaRuntimeSupport
0x00000001b302f000 	/System/Library/Frameworks/Carbon.framework/Versions/A/Carbon
0x00000001a922e000 	/System/Library/Frameworks/Carbon.framework/Versions/A/Frameworks/CommonPanels.framework/Versions/A/CommonPanels
0x00000001a3b9b000 	/System/Library/Frameworks/Carbon.framework/Versions/A/Frameworks/Help.framework/Versions/A/Help
0x00000001a9232000 	/System/Library/Frameworks/Carbon.framework/Versions/A/Frameworks/ImageCapture.framework/Versions/A/ImageCapture
0x00000001a920d000 	/System/Library/Frameworks/Carbon.framework/Versions/A/Frameworks/OpenScripting.framework/Versions/A/OpenScripting
0x00000001a922d000 	/System/Library/Frameworks/Carbon.framework/Versions/A/Frameworks/Ink.framework/Versions/A/Ink
0x00000001a922a000 	/System/Library/Frameworks/Carbon.framework/Versions/A/Frameworks/SecurityHI.framework/Versions/A/SecurityHI
0x000000028a2c7000 	/usr/lib/libInterpreterSecurity.dylib
0x00000001c9c89000 	/System/Library/PrivateFrameworks/XprotectFramework.framework/Versions/A/XprotectFramework
0x00000001ac811000 	/System/Library/PrivateFrameworks/yara.framework/Versions/A/yara
0x000000028a244000 	/usr/lib/libEndpointSecuritySystem.dylib
0x0000000371674000 	/Applications/Android Studio.app/Contents/jbr/Contents/Home/lib/libawt_lwawt.dylib
0x000000012a1d0000 	/Applications/Android Studio.app/Contents/jbr/Contents/Home/lib/libosxapp.dylib
0x00000001b156e000 	/System/Library/Frameworks/ExceptionHandling.framework/Versions/A/ExceptionHandling
0x00000003719f4000 	/Applications/Android Studio.app/Contents/jbr/Contents/Home/lib/libfontmanager.dylib
0x000000036ce24000 	/Applications/Android Studio.app/Contents/jbr/Contents/Home/lib/libfreetype.dylib
0x00000001015ac000 	/Applications/Android Studio.app/Contents/jbr/Contents/Home/lib/librmi.dylib


VM Arguments:
jvm_args: --add-opens=java.base/java.lang=ALL-UNNAMED --add-opens=java.base/java.lang.invoke=ALL-UNNAMED --add-opens=java.base/java.util=ALL-UNNAMED --add-opens=java.prefs/java.util.prefs=ALL-UNNAMED --add-exports=jdk.compiler/com.sun.tools.javac.api=ALL-UNNAMED --add-exports=jdk.compiler/com.sun.tools.javac.util=ALL-UNNAMED --add-opens=java.base/java.util=ALL-UNNAMED --add-opens=java.prefs/java.util.prefs=ALL-UNNAMED --add-opens=java.base/java.nio.charset=ALL-UNNAMED --add-opens=java.base/java.net=ALL-UNNAMED --add-opens=java.base/java.util.concurrent.atomic=ALL-UNNAMED --add-opens=java.xml/javax.xml.namespace=ALL-UNNAMED -XX:MaxMetaspaceSize=4G -XX:ReservedCodeCacheSize=512m -XX:+HeapDumpOnOutOfMemoryError -Xmx8G -Dfile.encoding=UTF-8 -Duser.country=GB -Duser.language=en -Duser.variant -javaagent:/Users/npcapro/.gradle/wrapper/dists/gradle-8.14.3-all/10utluxaxniiv4wxiphsi49nj/gradle-8.14.3/lib/agents/gradle-instrumentation-agent-8.14.3.jar 
java_command: org.gradle.launcher.daemon.bootstrap.GradleDaemon 8.14.3
java_class_path (initial): /Users/npcapro/.gradle/wrapper/dists/gradle-8.14.3-all/10utluxaxniiv4wxiphsi49nj/gradle-8.14.3/lib/gradle-daemon-main-8.14.3.jar
Launcher Type: SUN_STANDARD

[Global flags]
     intx CICompilerCount                          = 4                                         {product} {ergonomic}
     uint ConcGCThreads                            = 3                                         {product} {ergonomic}
     uint G1ConcRefinementThreads                  = 11                                        {product} {ergonomic}
   size_t G1HeapRegionSize                         = 4194304                                   {product} {ergonomic}
    uintx GCDrainStackTargetSize                   = 64                                        {product} {ergonomic}
     bool HeapDumpOnOutOfMemoryError               = true                                   {manageable} {command line}
   size_t InitialHeapSize                          = 603979776                                 {product} {ergonomic}
   size_t MarkStackSize                            = 4194304                                   {product} {ergonomic}
   size_t MaxHeapSize                              = 8589934592                                {product} {command line}
   size_t MaxMetaspaceSize                         = 4294967296                                {product} {command line}
   size_t MaxNewSize                               = 5150605312                                {product} {ergonomic}
   size_t MinHeapDeltaBytes                        = 4194304                                   {product} {ergonomic}
   size_t MinHeapSize                              = 8388608                                   {product} {ergonomic}
    uintx NonNMethodCodeHeapSize                   = 5839564                                {pd product} {ergonomic}
    uintx NonProfiledCodeHeapSize                  = 265515674                              {pd product} {ergonomic}
    uintx ProfiledCodeHeapSize                     = 265515674                              {pd product} {ergonomic}
    uintx ReservedCodeCacheSize                    = 536870912                              {pd product} {command line}
     bool SegmentedCodeCache                       = true                                      {product} {ergonomic}
   size_t SoftMaxHeapSize                          = 8589934592                             {manageable} {ergonomic}
   double SweeperThreshold                         = 0.234375                                  {product} {ergonomic}
     bool UseCompressedClassPointers               = true                           {product lp64_product} {ergonomic}
     bool UseCompressedOops                        = true                           {product lp64_product} {ergonomic}
     bool UseG1GC                                  = true                                      {product} {ergonomic}
     bool UseNUMA                                  = false                                     {product} {ergonomic}
     bool UseNUMAInterleaving                      = false                                     {product} {ergonomic}

Logging:
Log output configuration:
 #0: stdout all=warning uptime,level,tags
 #1: stderr all=off uptime,level,tags

Environment Variables:
JAVA_HOME=/Applications/Android Studio.app/Contents/jbr/Contents/Home
PATH=/Applications/Android Studio.app/Contents/jbr/Contents/Home/bin:/opt/homebrew/Cellar/openjdk@17/17.0.19/libexec/openjdk.jdk/Contents/Home/bin:/Users/npcapro/Library/Application Support/Herd/bin/:/Users/npcapro/Library/Application Support/Herd/config/nvm/versions/node/v20.14.0/bin:/Users/npcapro/Library/Application Support/Code/User/globalStorage/github.copilot-chat/debugCommand:/Users/npcapro/Library/Application Support/Code/User/globalStorage/github.copilot-chat/copilotCli:/opt/homebrew/bin:/opt/homebrew/sbin:/usr/local/bin:/System/Cryptexes/App/usr/bin:/usr/bin:/bin:/usr/sbin:/sbin:/var/run/com.apple.security.cryptexd/codex.system/bootstrap/usr/local/bin:/var/run/com.apple.security.cryptexd/codex.system/bootstrap/usr/bin:/var/run/com.apple.security.cryptexd/codex.system/bootstrap/usr/appleinternal/bin:/pkg/env/global/bin:/Library/Apple/usr/bin:/Users/npcapro/Development/flutter/bin:/Users/npcapro/Library/Application Support/Code/User/globalStorage/github.copilot-chat/debugCommand:/Users/npcapro/Library/Application Support/Code/User/globalStorage/github.copilot-chat/copilotCli:/opt/homebrew/Cellar/openjdk@17/17.0.19/libexec/openjdk.jdk/Contents/Home/bin:/Users/npcapro/Library/Application Support/Herd/bin/:/Users/npcapro/Library/Application Support/Herd/config/nvm/versions/node/v20.14.0/bin:/Users/yourname/development/flutter/bin:/Users/npcapro/.pub-cache/bin:/Users/yourname/development/flutter/bin:/Users/npcapro/.pub-cache/bin:/Users/npcapro/.pub-cache/bin
SHELL=/bin/zsh
LANG=C.UTF-8
TERM=xterm-256color
TMPDIR=/var/folders/kk/ptn2dxvs0wx0hpm2mc7dk2v40000gn/T/

Active Locale:
LC_ALL=C.UTF-8
LC_COLLATE=C.UTF-8
LC_CTYPE=C.UTF-8
LC_MESSAGES=C.UTF-8
LC_MONETARY=C.UTF-8
LC_NUMERIC=C.UTF-8
LC_TIME=C.UTF-8

Signal Handlers:
   SIGSEGV: crash_handler in libjvm.dylib, mask=11100110000111110111111111111111, flags=SA_RESTART|SA_SIGINFO, unblocked
    SIGBUS: crash_handler in libjvm.dylib, mask=11100110000111110111111111111111, flags=SA_RESTART|SA_SIGINFO, unblocked
    SIGFPE: crash_handler in libjvm.dylib, mask=11100110000111110111111111111111, flags=SA_RESTART|SA_SIGINFO, unblocked
   SIGPIPE: javaSignalHandler in libjvm.dylib, mask=11100110000111110111111111111111, flags=SA_RESTART|SA_SIGINFO, unblocked
   SIGXFSZ: javaSignalHandler in libjvm.dylib, mask=11100110000111110111111111111111, flags=SA_RESTART|SA_SIGINFO, unblocked
    SIGILL: crash_handler in libjvm.dylib, mask=11100110000111110111111111111111, flags=SA_RESTART|SA_SIGINFO, unblocked
   SIGUSR2: SR_handler in libjvm.dylib, mask=00100000000000000000010000000000, flags=SA_RESTART|SA_SIGINFO, unblocked
    SIGHUP: UserHandler in libjvm.dylib, mask=11100110000111110111111111111111, flags=SA_RESTART|SA_SIGINFO, unblocked
    SIGINT: UserHandler in libjvm.dylib, mask=11100110000111110111111111111111, flags=SA_RESTART|SA_SIGINFO, unblocked
   SIGTERM: UserHandler in libjvm.dylib, mask=11100110000111110111111111111111, flags=SA_RESTART|SA_SIGINFO, unblocked
   SIGQUIT: UserHandler in libjvm.dylib, mask=11100110000111110111111111111111, flags=SA_RESTART|SA_SIGINFO, blocked
   SIGTRAP: crash_handler in libjvm.dylib, mask=11100110000111110111111111111111, flags=SA_RESTART|SA_SIGINFO, unblocked


Periodic native trim disabled

JNI global refs:
JNI global refs: 34, weak refs: 58

JNI global refs memory usage: 835, weak refs: 2793

OOME stack traces (most recent first):
Classloader memory used:
Loader org.gradle.internal.classloader.VisitableURLClassLoader$InstrumentingVisitableURLClassLoader: 14224K
Loader java.net.URLClassLoader                                                         : 13163K
Loader org.gradle.internal.classloader.VisitableURLClassLoader                         : 6319K
Loader bootstrap                                                                       : 4015K
Loader org.gradle.initialization.MixInLegacyTypesClassLoader                           : 1781K
Loader jdk.internal.reflect.DelegatingClassLoader                                      : 564K
Loader org.gradle.groovy.scripts.internal.DefaultScriptCompilationHandler$ScriptClassLoader: 209K
Loader com.intellij.util.lang.UrlClassLoader                                           : 160K
Loader jdk.internal.loader.ClassLoaders$PlatformClassLoader                            : 92373B
Loader org.gradle.internal.classloader.VisitableURLClassLoader                         : 71086B
Loader jdk.internal.loader.ClassLoaders$AppClassLoader                                 : 29995B
Loader org.codehaus.groovy.runtime.callsite.CallSiteClassLoader                        : 6105B
Loader sun.reflect.misc.MethodUtil                                                     : 345B

Classes loaded by more than one classloader:
Class Program                                                                         : loaded 21 times (x 71B)
Class Build_gradle$1                                                                  : loaded 14 times (x 73B)
Class Build_gradle                                                                    : loaded 14 times (x 129B)
Class Build_gradle$2                                                                  : loaded 13 times (x 73B)
Class Build_gradle$1$1                                                                : loaded 12 times (x 77B)
Class Build_gradle$3                                                                  : loaded 8 times (x 74B)
Class androidx.startup.lint.InitializerConstructorDetector$Companion                  : loaded 7 times (x 70B)
Class androidx.startup.lint.EnsureInitializerMetadataDetector$Companion               : loaded 7 times (x 70B)
Class androidx.startup.lint.InitializerConstructorDetector                            : loaded 7 times (x 169B)
Class androidx.startup.lint.EnsureInitializerMetadataDetector                         : loaded 7 times (x 179B)
Class androidx.startup.lint.StartupRuntimeIssueRegistry                               : loaded 7 times (x 82B)
Class androidx.activity.lint.ActivityResultFragmentVersionDetector$Companion          : loaded 6 times (x 70B)
Class androidx.activity.lint.ActivityResultFragmentVersionDetector$createUastHandler$1: loaded 6 times (x 126B)
Class org.gradle.kotlin.dsl.TestImplementationConfigurationAccessorsKt                : loaded 6 times (x 70B)
Class androidx.annotation.experimental.lint.ExperimentalIssueRegistry                 : loaded 6 times (x 82B)
Class androidx.annotation.experimental.lint.AnnotationRetentionDetector$Companion     : loaded 6 times (x 70B)
Class androidx.annotation.experimental.lint.ExperimentalDetector                      : loaded 6 times (x 170B)
Class org.gradle.kotlin.dsl.ImplementationConfigurationAccessorsKt                    : loaded 6 times (x 70B)
Class androidx.activity.lint.ActivityResultFragmentVersionDetector                    : loaded 6 times (x 180B)
Class androidx.annotation.experimental.lint.ExperimentalDetector$Companion            : loaded 6 times (x 70B)
Class androidx.annotation.experimental.lint.AnnotationRetentionDetector               : loaded 6 times (x 171B)
Class androidx.activity.lint.ActivityIssueRegistry                                    : loaded 6 times (x 82B)
Class androidx.lifecycle.lint.NonNullableMutableLiveDataDetector$createUastHandler$1  : loaded 5 times (x 126B)
Class androidx.fragment.lint.UseRequireInsteadOfGetKt                                 : loaded 5 times (x 70B)
Class androidx.lifecycle.lint.NonNullableMutableLiveDataDetector$Companion            : loaded 5 times (x 70B)
Class androidx.fragment.lint.FragmentTagDetector$Companion                            : loaded 5 times (x 70B)
Class androidx.fragment.lint.OnCreateDialogIncorrectCallbackDetector$Issues           : loaded 5 times (x 70B)
Class org.gradle.kotlin.dsl.Accessors7y9hz5zm5pocrb21isjhik2uhKt                      : loaded 5 times (x 70B)
Class androidx.fragment.lint.FragmentIssueRegistry                                    : loaded 5 times (x 82B)
Class androidx.fragment.lint.UnsafeRepeatOnLifecycleDetector$Companion                : loaded 5 times (x 70B)
Class androidx.fragment.lint.OnCreateDialogIncorrectCallbackDetector                  : loaded 5 times (x 169B)
Class androidx.fragment.lint.UseRequireInsteadOfGet                                   : loaded 5 times (x 169B)
Class androidx.fragment.lint.FragmentTagDetector                                      : loaded 5 times (x 153B)
Class androidx.fragment.lint.UnsafeRepeatOnLifecycleDetector                          : loaded 5 times (x 170B)
Class androidx.lifecycle.lint.LiveDataCoreIssueRegistry                               : loaded 5 times (x 82B)
Class androidx.fragment.lint.AttachAndDetachInSameTransactionDetector$Issues          : loaded 5 times (x 70B)
Class androidx.fragment.lint.UseGetLayoutInflater$Issues                              : loaded 5 times (x 70B)
Class androidx.fragment.lint.UnsafeFragmentLifecycleObserverDetector$Issues           : loaded 5 times (x 70B)
Class Build_gradle$2$1                                                                : loaded 5 times (x 77B)
Class androidx.lifecycle.lint.NonNullableMutableLiveDataDetector                      : loaded 5 times (x 172B)
Class androidx.fragment.lint.UseGetLayoutInflater                                     : loaded 5 times (x 169B)
Class androidx.fragment.lint.UseRequireInsteadOfGet$Companion                         : loaded 5 times (x 70B)
Class androidx.fragment.lint.AttachAndDetachInSameTransactionDetector                 : loaded 5 times (x 169B)
Class androidx.fragment.lint.UnsafeFragmentLifecycleObserverDetector                  : loaded 5 times (x 170B)
Class Build_gradle$3$1                                                                : loaded 4 times (x 77B)
Class org.gradle.kotlin.dsl.Accessors3b22zubz91h1vnit99qiq17ljKt                      : loaded 4 times (x 70B)
Class com.google.common.collect.AbstractRangeSet                                      : loaded 3 times (x 113B)
Class com.google.common.base.CharMatcher$Is                                           : loaded 3 times (x 110B)
Class com.google.common.base.CharMatcher$ForPredicate                                 : loaded 3 times (x 111B)
Class Build_gradle$3$4                                                                : loaded 3 times (x 77B)
Class [Lorg.objectweb.asm.Attribute;                                                  : loaded 3 times (x 68B)
Class com.google.common.base.AbstractIterator$State                                   : loaded 3 times (x 78B)
Class com.google.common.collect.Iterables                                             : loaded 3 times (x 70B)
Class com.google.common.base.Platform                                                 : loaded 3 times (x 70B)
Class com.google.common.collect.RegularImmutableAsList                                : loaded 3 times (x 178B)
Class com.google.common.collect.ImmutableMap$MapViewOfValuesAsSingletonSets           : loaded 3 times (x 125B)
Class com.google.common.collect.ListMultimap                                          : loaded 3 times (x 69B)
Class com.google.common.collect.AbstractMultimap                                      : loaded 3 times (x 122B)
Class com.google.common.base.ExtraObjectsMethodsForWeb                                : loaded 3 times (x 70B)
Class com.google.common.base.MoreObjects                                              : loaded 3 times (x 70B)
Class com.google.common.io.CharSource$StringCharSource                                : loaded 3 times (x 85B)
Class com.google.common.collect.SortedMapDifference                                   : loaded 3 times (x 69B)
Class com.google.common.collect.PeekingIterator                                       : loaded 3 times (x 69B)
Class Build_gradle$3$5$1$1                                                            : loaded 3 times (x 77B)
Class com.google.common.io.Closer                                                     : loaded 3 times (x 77B)
Class com.google.common.collect.CollectCollectors                                     : loaded 3 times (x 70B)
Class com.google.common.collect.RangeSet                                              : loaded 3 times (x 69B)
Class com.google.common.io.ByteSink                                                   : loaded 3 times (x 75B)
Class Build_gradle$3$5                                                                : loaded 3 times (x 77B)
Class com.google.common.collect.UnmodifiableListIterator                              : loaded 3 times (x 94B)
Class com.google.common.collect.ImmutableSet$JdkBackedSetBuilderImpl                  : loaded 3 times (x 75B)
Class com.google.common.collect.SingletonImmutableSet                                 : loaded 3 times (x 145B)
Class org.objectweb.asm.MethodWriter                                                  : loaded 3 times (x 105B)
Class com.google.common.collect.SingletonImmutableList                                : loaded 3 times (x 168B)
Class com.google.common.collect.RegularImmutableMap$Values                            : loaded 3 times (x 168B)
Class com.google.common.base.CharMatcher$NamedFastMatcher                             : loaded 3 times (x 111B)
Class [Lcom.google.common.base.AbstractIterator$State;                                : loaded 3 times (x 68B)
Class com.google.common.base.Equivalence                                              : loaded 3 times (x 81B)
Class Build_gradle$3$5$1                                                              : loaded 3 times (x 77B)
Class com.google.common.base.Splitter                                                 : loaded 3 times (x 71B)
Class com.google.common.base.Splitter$1                                               : loaded 3 times (x 76B)
Class org.objectweb.asm.Attribute                                                     : loaded 3 times (x 76B)
Class com.google.common.collect.Maps$IteratorBasedAbstractMap                         : loaded 3 times (x 124B)
Class com.google.common.collect.BiMap                                                 : loaded 3 times (x 69B)
Class com.google.common.base.CharMatcher$NegatedFastMatcher                           : loaded 3 times (x 112B)
Class com.google.common.io.Files                                                      : loaded 3 times (x 70B)
Class com.google.common.collect.Platform                                              : loaded 3 times (x 70B)
Class com.google.common.collect.Lists                                                 : loaded 3 times (x 70B)
Class com.google.common.collect.IndexedImmutableSet$1                                 : loaded 3 times (x 174B)
Class com.google.common.collect.ImmutableMap$Builder                                  : loaded 3 times (x 81B)
Class com.google.common.collect.ImmutableAsList                                       : loaded 3 times (x 170B)
Class com.google.common.collect.ArrayListMultimap                                     : loaded 3 times (x 171B)
Class com.google.common.collect.Maps$BiMapConverter                                   : loaded 3 times (x 89B)
Class com.google.common.collect.UnmodifiableIterator                                  : loaded 3 times (x 79B)
Class com.google.common.collect.TransformedIterator                                   : loaded 3 times (x 79B)
Class com.google.common.io.CharSource$CharSequenceCharSource                          : loaded 3 times (x 85B)
Class com.google.common.base.Supplier                                                 : loaded 3 times (x 69B)
Class com.google.common.collect.AbstractListMultimap                                  : loaded 3 times (x 171B)
Class com.google.common.collect.HashBiMap$BiEntry                                     : loaded 3 times (x 82B)
Class com.google.common.primitives.Ints                                               : loaded 3 times (x 70B)
Class com.google.common.collect.ImmutableSet$RegularSetBuilderImpl                    : loaded 3 times (x 76B)
Class com.google.common.base.AbstractIterator                                         : loaded 3 times (x 79B)
Class com.google.common.collect.Iterators$SingletonIterator                           : loaded 3 times (x 80B)
Class com.google.common.base.Equivalence$Identity                                     : loaded 3 times (x 81B)
Class org.objectweb.asm.Type                                                          : loaded 3 times (x 71B)
Class com.google.common.collect.Maps$8                                                : loaded 3 times (x 81B)
Class com.google.common.base.CharMatcher$AnyOf                                        : loaded 3 times (x 111B)
Class com.google.common.base.CharMatcher$IsEither                                     : loaded 3 times (x 110B)
Class com.google.common.base.JdkPattern                                               : loaded 3 times (x 74B)
Class com.google.common.collect.ImmutableRangeSet$1                                   : loaded 3 times (x 171B)
Class com.google.common.base.Splitter$SplittingIterator                               : loaded 3 times (x 83B)
Class com.google.common.collect.Multimap                                              : loaded 3 times (x 69B)
Class com.google.common.math.MathPreconditions                                        : loaded 3 times (x 70B)
Class com.google.common.collect.ImmutableList$1                                       : loaded 3 times (x 96B)
Class com.google.common.base.Splitter$Strategy                                        : loaded 3 times (x 69B)
Class com.google.common.io.Files$FileByteSource                                       : loaded 3 times (x 84B)
Class com.google.common.base.Objects                                                  : loaded 3 times (x 70B)
Class com.google.common.collect.ImmutableMap                                          : loaded 3 times (x 119B)
Class com.google.common.math.IntMath                                                  : loaded 3 times (x 70B)
Class com.google.common.collect.ImmutableMapEntry                                     : loaded 3 times (x 84B)
Class com.google.common.collect.ImmutableBiMap                                        : loaded 3 times (x 142B)
Class com.google.common.io.ByteSource$AsCharSource                                    : loaded 3 times (x 85B)
Class com.google.common.collect.Iterators$MergingIterator                             : loaded 3 times (x 80B)
Class com.google.common.collect.ImmutableSet$SetBuilderImpl                           : loaded 3 times (x 75B)
Class com.google.common.collect.AbstractIterator                                      : loaded 3 times (x 81B)
Class com.google.common.io.ByteSource$ConcatenatedByteSource                          : loaded 3 times (x 84B)
Class com.google.common.io.CharSource                                                 : loaded 3 times (x 84B)
Class com.google.common.io.ByteStreams                                                : loaded 3 times (x 70B)
Class com.google.common.collect.RegularImmutableSortedSet                             : loaded 3 times (x 235B)
Class com.google.common.base.Platform$JdkPatternCompiler                              : loaded 3 times (x 74B)
Class com.google.common.collect.ImmutableRangeSet$Builder                             : loaded 3 times (x 76B)
Class com.google.common.collect.ImmutableEnumSet                                      : loaded 3 times (x 145B)
Class com.google.common.io.ByteSource                                                 : loaded 3 times (x 83B)
Class com.google.common.collect.Maps$EntryTransformer                                 : loaded 3 times (x 69B)
Class com.google.common.collect.ImmutableMapEntrySet                                  : loaded 3 times (x 151B)
Class com.google.common.collect.NullnessCasts                                         : loaded 3 times (x 70B)
Class com.google.common.io.LineProcessor                                              : loaded 3 times (x 69B)
Class com.google.common.io.CharSource$EmptyCharSource                                 : loaded 3 times (x 85B)
Class com.google.common.io.ByteStreams$1                                              : loaded 3 times (x 84B)
Class com.google.common.io.ByteArrayDataOutput                                        : loaded 3 times (x 69B)
Class com.google.common.collect.ImmutableCollection$Builder                           : loaded 3 times (x 75B)
Class com.google.common.collect.RegularImmutableList                                  : loaded 3 times (x 174B)
Class com.google.common.collect.ImmutableMapEntrySet$RegularEntrySet                  : loaded 3 times (x 151B)
Class com.google.common.collect.SortedIterable                                        : loaded 3 times (x 69B)
Class com.google.common.math.IntMath$1                                                : loaded 3 times (x 70B)
Class com.google.common.base.NullnessCasts                                            : loaded 3 times (x 70B)
Class com.google.common.collect.Table                                                 : loaded 3 times (x 69B)
Class com.google.common.collect.ArrayListMultimapGwtSerializationDependencies         : loaded 3 times (x 171B)
Class [Lcom.google.common.collect.ImmutableMapEntry;                                  : loaded 3 times (x 68B)
Class com.google.common.collect.AbstractMapEntry                                      : loaded 3 times (x 80B)
Class com.google.common.base.PatternCompiler                                          : loaded 3 times (x 69B)
Class com.google.common.collect.ImmutableEntry                                        : loaded 3 times (x 81B)
Class com.google.common.collect.ImmutableList$Builder                                 : loaded 3 times (x 76B)
Class com.google.common.base.CharMatcher$Negated                                      : loaded 3 times (x 112B)
Class com.google.common.collect.RegularImmutableMap$KeySet                            : loaded 3 times (x 151B)
Class com.google.common.base.Joiner$1                                                 : loaded 3 times (x 79B)
Class com.google.common.collect.CollectPreconditions                                  : loaded 3 times (x 70B)
Class com.google.common.collect.Multiset                                              : loaded 3 times (x 69B)
Class com.google.common.base.Joiner$2                                                 : loaded 3 times (x 78B)
Class com.google.common.io.ByteArrayDataInput                                         : loaded 3 times (x 69B)
Class com.google.common.collect.ImmutableEnumMap                                      : loaded 3 times (x 125B)
Class com.google.common.collect.ImmutableSet$CachingAsList                            : loaded 3 times (x 147B)
Class com.google.common.collect.ImmutableSet                                          : loaded 3 times (x 144B)
Class [Lcom.google.common.collect.ImmutableEntry;                                     : loaded 3 times (x 68B)
Class com.google.common.collect.RegularImmutableSet                                   : loaded 3 times (x 148B)
Class com.google.common.collect.HashBiMap                                             : loaded 3 times (x 142B)
Class com.google.common.base.FunctionalEquivalence                                    : loaded 3 times (x 82B)
Class com.google.common.collect.ImmutableMap$1                                        : loaded 3 times (x 80B)
Class com.google.common.collect.Iterators$1                                           : loaded 3 times (x 80B)
Class com.google.common.primitives.IntsMethodsForWeb                                  : loaded 3 times (x 70B)
Class com.google.common.collect.ImmutableCollection                                   : loaded 3 times (x 124B)
Class com.google.common.collect.Range                                                 : loaded 3 times (x 86B)
Class com.google.common.collect.SingletonImmutableBiMap                               : loaded 3 times (x 142B)
Class com.google.common.collect.Iterators$ArrayItr                                    : loaded 3 times (x 96B)
Class com.google.common.base.Strings                                                  : loaded 3 times (x 70B)
Class com.google.common.collect.RangeGwtSerializationDependencies                     : loaded 3 times (x 70B)
Class com.google.common.base.CharMatcher$FastMatcher                                  : loaded 3 times (x 110B)
Class com.google.common.collect.AbstractMapBasedMultimap$Itr                          : loaded 3 times (x 82B)
Class com.google.common.collect.Lists$StringAsImmutableList                           : loaded 3 times (x 168B)
Class com.google.common.io.CharSource$ConcatenatedCharSource                          : loaded 3 times (x 85B)
Class com.google.common.base.CharMatcher$BitSetMatcher                                : loaded 3 times (x 111B)
Class com.google.common.base.CharMatcher$Or                                           : loaded 3 times (x 111B)
Class [Lcom.google.common.collect.HashBiMap$BiEntry;                                  : loaded 3 times (x 68B)
Class com.google.common.collect.Iterators$4                                           : loaded 3 times (x 81B)
Class org.objectweb.asm.MethodVisitor                                                 : loaded 3 times (x 104B)
Class com.google.common.collect.ImmutableList$SubList                                 : loaded 3 times (x 170B)
Class com.google.common.base.CommonPattern                                            : loaded 3 times (x 73B)
Class com.google.common.collect.Maps                                                  : loaded 3 times (x 70B)
Class com.google.common.collect.RegularImmutableMap$BucketOverflowException           : loaded 3 times (x 81B)
Class com.google.common.collect.ObjectArrays                                          : loaded 3 times (x 70B)
Class com.google.common.collect.RegularImmutableMap                                   : loaded 3 times (x 120B)
Class Build_gradle$4                                                                  : loaded 3 times (x 77B)
Class com.google.common.base.Converter                                                : loaded 3 times (x 89B)
Class org.objectweb.asm.Label                                                         : loaded 3 times (x 72B)
Class com.google.common.collect.Iterators                                             : loaded 3 times (x 70B)
Class com.google.common.collect.Iterators$5                                           : loaded 3 times (x 81B)
Class com.google.common.base.CharMatcher$InRange                                      : loaded 3 times (x 110B)
Class com.google.common.collect.ImmutableMapEntry$NonTerminalImmutableMapEntry        : loaded 3 times (x 84B)
Class com.google.common.collect.AbstractMapBasedMultimap                              : loaded 3 times (x 138B)
Class com.google.common.base.CharMatcher$IsNot                                        : loaded 3 times (x 110B)
Class com.google.common.base.CharMatcher$1                                            : loaded 3 times (x 112B)
Class [Lcom.google.common.collect.AbstractMapEntry;                                   : loaded 3 times (x 68B)
Class com.google.common.io.ByteSource$SlicedByteSource                                : loaded 3 times (x 84B)
Class com.google.common.base.CharMatcher                                              : loaded 3 times (x 110B)
Class com.google.common.io.ByteSource$ByteArrayByteSource                             : loaded 3 times (x 84B)
Class com.google.common.hash.PrimitiveSink                                            : loaded 3 times (x 69B)
Class com.google.common.collect.AbstractIndexedListIterator                           : loaded 3 times (x 95B)
Class com.google.common.base.Joiner                                                   : loaded 3 times (x 78B)
Class com.google.common.base.Equivalence$Equals                                       : loaded 3 times (x 81B)
Class org.objectweb.asm.ClassReader                                                   : loaded 3 times (x 93B)
Class com.google.common.base.Preconditions                                            : loaded 3 times (x 70B)
Class com.google.common.collect.ImmutableList$ReverseImmutableList                    : loaded 3 times (x 170B)
Class com.google.common.collect.Hashing                                               : loaded 3 times (x 70B)
Class [Lcom.google.common.collect.Iterators$EmptyModifiableIterator;                  : loaded 3 times (x 68B)
Class com.google.common.collect.ImmutableSortedSet                                    : loaded 3 times (x 235B)
Class com.google.common.io.Closer$Suppressor                                          : loaded 3 times (x 69B)
Class com.google.common.collect.MapDifference                                         : loaded 3 times (x 69B)
Class com.google.common.collect.ImmutableMap$IteratorBasedImmutableMap                : loaded 3 times (x 125B)
Class org.objectweb.asm.ClassVisitor                                                  : loaded 3 times (x 87B)
Class com.google.common.io.ByteSource$EmptyByteSource                                 : loaded 3 times (x 84B)
Class com.google.common.collect.ImmutableRangeSet                                     : loaded 3 times (x 114B)
Class com.google.common.base.Function                                                 : loaded 3 times (x 69B)
Class com.google.common.io.ByteStreams$LimitedInputStream                             : loaded 3 times (x 91B)
Class com.google.common.collect.ImmutableSet$EmptySetBuilderImpl                      : loaded 3 times (x 75B)
Class com.google.common.base.CharMatcher$And                                          : loaded 3 times (x 111B)
Class com.google.common.collect.Sets$1                                                : loaded 3 times (x 138B)
Class com.google.common.collect.Sets                                                  : loaded 3 times (x 70B)
Class Build_gradle$3$2                                                                : loaded 3 times (x 77B)
Class com.google.common.base.Predicate                                                : loaded 3 times (x 69B)
Class com.google.common.collect.Sets$2                                                : loaded 3 times (x 138B)
Class com.google.common.collect.Iterators$9                                           : loaded 3 times (x 80B)
Class com.google.common.io.CharSource$AsByteSource                                    : loaded 3 times (x 84B)
Class Build_gradle$3$3                                                                : loaded 3 times (x 77B)
Class com.google.common.collect.Sets$3                                                : loaded 3 times (x 138B)
Class com.google.common.base.CharMatcher$None                                         : loaded 3 times (x 111B)
Class [Lorg.objectweb.asm.Type;                                                       : loaded 3 times (x 68B)
Class com.google.common.graph.SuccessorsFunction                                      : loaded 3 times (x 69B)
Class com.google.common.collect.ImmutableRangeSet$ComplementRanges                    : loaded 3 times (x 168B)
Class com.google.common.collect.Sets$4                                                : loaded 3 times (x 138B)
Class com.google.common.io.Files$FileByteSink                                         : loaded 3 times (x 76B)
Class com.google.common.collect.RegularImmutableBiMap                                 : loaded 3 times (x 148B)
Class com.google.common.collect.Iterators$EmptyModifiableIterator                     : loaded 3 times (x 85B)
Class com.google.common.collect.ImmutableRangeSet$AsSet                               : loaded 3 times (x 235B)
Class com.google.common.base.PairwiseEquivalence                                      : loaded 3 times (x 82B)
Class com.google.common.collect.IndexedImmutableSet                                   : loaded 3 times (x 151B)
Class com.google.common.collect.ImmutableSet$Builder                                  : loaded 3 times (x 84B)
Class org.jetbrains.kotlin.util.capitalizeDecapitalize.CapitalizeDecapitalizeKt       : loaded 3 times (x 70B)
Class org.objectweb.asm.Context                                                       : loaded 3 times (x 71B)
Class com.google.common.collect.Sets$SetView                                          : loaded 3 times (x 137B)
Class com.google.common.collect.ImmutableList                                         : loaded 3 times (x 167B)
Class Settings_gradle                                                                 : loaded 3 times (x 127B)
Class org.jetbrains.kotlin.gradle.plugin.statistics.BuildFusService                   : loaded 2 times (x 83B)
Class org.jetbrains.kotlin.gradle.plugin.mpp.compilationImpl.factory.KotlinCompilationImplFactory$KotlinCompilationOutputFactory: loaded 2 times (x 69B)
Class org.codehaus.groovy.runtime.metaclass.MethodSelectionException                  : loaded 2 times (x 86B)
Class org.codehaus.groovy.runtime.RangeInfo                                           : loaded 2 times (x 70B)
Class kotlin.text.MatchNamedGroupCollection                                           : loaded 2 times (x 69B)
Class org.jetbrains.kotlin.gradle.plugin.diagnostics.checkers.ComposePluginSuggestApplyChecker: loaded 2 times (x 73B)
Class org.codehaus.groovy.runtime.GroovyCategorySupport$CategoryMethod                : loaded 2 times (x 102B)
Class org.jetbrains.kotlin.gradle.internal.diagnostics.AgpCompatibilityCheck$AndroidGradlePluginVersionProvider$Default: loaded 2 times (x 73B)
Class kotlin.ranges.IntProgression                                                    : loaded 2 times (x 80B)
Class com.android.ide.common.resources.DataItem                                       : loaded 2 times (x 89B)
Class org.jetbrains.kotlin.statistics.metrics.NumberOverridePolicy$SUM                : loaded 2 times (x 84B)
Class org.jetbrains.kotlin.statistics.metrics.BooleanAnonymizationPolicy              : loaded 2 times (x 84B)
Class com.android.utils.EnvironmentProvider                                           : loaded 2 times (x 69B)
Class kotlin.jvm.internal.CallableReference                                           : loaded 2 times (x 105B)
Class org.jetbrains.kotlin.gradle.internal.abi.AbiValidationLegacyDumpExtensionImpl   : loaded 2 times (x 81B)
Class org.jetbrains.kotlin.gradle.tasks.abi.KotlinLegacyAbiDumpTaskImpl$Companion     : loaded 2 times (x 70B)
Class org.jetbrains.kotlin.gradle.plugin.mpp.compilationImpl.KotlinCreateLifecycleTasksSideEffectKt: loaded 2 times (x 70B)
Class [Lorg.jetbrains.kotlin.statistics.ValueAnonymizer;                              : loaded 2 times (x 68B)
Class com.google.protobuf.MessageLiteOrBuilder                                        : loaded 2 times (x 69B)
Class [Lkotlin.time.DurationUnit;                                                     : loaded 2 times (x 68B)
Class org.jetbrains.kotlin.gradle.targets.js.npm.DevNpmDependencyExtension            : loaded 2 times (x 69B)
Class org.codehaus.groovy.runtime.memoize.StampedCommonCache                          : loaded 2 times (x 153B)
Class org.codehaus.groovy.runtime.metaclass.ClosureMetaMethod$AnonymousMetaMethod     : loaded 2 times (x 95B)
Class org.codehaus.groovy.reflection.CachedClass$1                                    : loaded 2 times (x 81B)
Class org.jetbrains.kotlin.gradle.plugin.mpp.AbstractKotlinCompilation                : loaded 2 times (x 190B)
Class org.jetbrains.kotlin.gradle.plugin.statistics.KotlinBuildStatsConfiguration$Companion: loaded 2 times (x 70B)
Class com.google.common.collect.ImmutableMapEntry$NonTerminalImmutableBiMapEntry      : loaded 2 times (x 84B)
Class org.codehaus.groovy.ast.stmt.SynchronizedStatement                              : loaded 2 times (x 113B)
Class org.codehaus.groovy.reflection.CachedClass$2                                    : loaded 2 times (x 81B)
Class it.unimi.dsi.fastutil.objects.Object2IntMap$FastEntrySet                        : loaded 2 times (x 69B)
Class kotlin.reflect.jvm.internal.KClassImpl$Data$$Lambda$10                          : loaded 2 times (x 75B)
Class kotlin.Lazy                                                                     : loaded 2 times (x 69B)
Class [Lcom.android.prefs.VariableValue;                                              : loaded 2 times (x 68B)
Class org.jetbrains.kotlin.gradle.plugin.mpp.KotlinCompilationsKt$addSourcesToKotlinCompileTask$configureAction$2: loaded 2 times (x 78B)
Class org.codehaus.groovy.reflection.CachedClass$3                                    : loaded 2 times (x 81B)
Class kotlin.reflect.jvm.internal.KClassImpl$Data$$Lambda$11                          : loaded 2 times (x 75B)
Class kotlin.comparisons.ComparisonsKt                                                : loaded 2 times (x 70B)
Class org.jetbrains.kotlin.gradle.targets.KotlinTargetSideEffect                      : loaded 2 times (x 69B)
Class org.codehaus.groovy.reflection.CachedClass$4                                    : loaded 2 times (x 81B)
Class kotlin.reflect.jvm.internal.KClassImpl$Data$$Lambda$12                          : loaded 2 times (x 75B)
Class org.codehaus.groovy.ast.expr.MethodCallExpression                               : loaded 2 times (x 152B)
Class org.codehaus.groovy.reflection.CachedClass$5                                    : loaded 2 times (x 81B)
Class kotlin.reflect.jvm.internal.KClassImpl$Data$$Lambda$13                          : loaded 2 times (x 75B)
Class org.jetbrains.kotlin.gradle.dsl.KotlinTopLevelExtensionConfig                   : loaded 2 times (x 69B)
Class org.codehaus.groovy.ast.expr.Expression                                         : loaded 2 times (x 126B)
Class org.codehaus.groovy.reflection.CachedClass$6                                    : loaded 2 times (x 81B)
Class kotlin.reflect.jvm.internal.KClassImpl$Data$$Lambda$14                          : loaded 2 times (x 75B)
Class kotlin.io.FilesKt                                                               : loaded 2 times (x 70B)
Class androidx.appcompat.res.DrawableLoadingDetector                                  : loaded 2 times (x 170B)
Class org.codehaus.groovy.reflection.CachedClass$7                                    : loaded 2 times (x 81B)
Class kotlin.reflect.jvm.internal.KClassImpl$Data$$Lambda$15                          : loaded 2 times (x 75B)
Class kotlin.collections.CollectionsKt__CollectionsKt                                 : loaded 2 times (x 70B)
Class org.jetbrains.kotlin.gradle.plugin.diagnostics.TransformActionUsingKotlinToolingDiagnostics: loaded 2 times (x 69B)
Class org.codehaus.groovy.reflection.CachedClass$8                                    : loaded 2 times (x 81B)
Class kotlin.reflect.jvm.internal.KClassImpl$Data$$Lambda$16                          : loaded 2 times (x 75B)
Class org.jetbrains.kotlin.build.report.metrics.BuildPerformanceMetrics               : loaded 2 times (x 71B)
Class [Lorg.jetbrains.kotlin.gradle.dsl.JvmTarget;                                    : loaded 2 times (x 68B)
Class com.android.utils.DateProvider                                                  : loaded 2 times (x 69B)
Class [Lorg.codehaus.groovy.ast.GenericsType;                                         : loaded 2 times (x 68B)
Class groovy.lang.MissingMethodException                                              : loaded 2 times (x 91B)
Class kotlin.reflect.jvm.internal.KClassImpl$Data$$Lambda$17                          : loaded 2 times (x 75B)
Class org.jetbrains.kotlin.gradle.dsl.abi.AbiFilterSetSpec_Decorated                  : loaded 2 times (x 136B)
Class org.jetbrains.kotlin.gradle.fus.BuildUidService$Inject                          : loaded 2 times (x 99B)
Class org.jetbrains.kotlin.gradle.internal.properties.PropertiesBuildService$localProperties$2: loaded 2 times (x 78B)
Class [Lorg.codehaus.groovy.util.ComplexKeyHashMap$Entry;                             : loaded 2 times (x 68B)
Class kotlin.coroutines.jvm.internal.RestrictedSuspendLambda                          : loaded 2 times (x 90B)
Class com.google.gson.stream.JsonReader$1                                             : loaded 2 times (x 71B)
Class org.codehaus.groovy.runtime.DefaultGroovyStaticMethods                          : loaded 2 times (x 70B)
Class com.google.common.cache.LocalCache$EntryFactory$1                               : loaded 2 times (x 82B)
Class kotlin.collections.ArraysKt__ArraysKt                                           : loaded 2 times (x 70B)
Class org.jetbrains.kotlin.gradle.plugin.KotlinPluginWrapperKt$kotlinPluginVersionFromResources$1$1: loaded 2 times (x 70B)
Class com.google.common.cache.LocalCache$EntryFactory$2                               : loaded 2 times (x 82B)
Class com.google.common.collect.ImmutableSet$SerializedForm                           : loaded 2 times (x 72B)
Class com.google.common.cache.LocalCache$EntryFactory$3                               : loaded 2 times (x 82B)
Class kotlin.reflect.jvm.internal.KMutableProperty1Impl$$Lambda$0                     : loaded 2 times (x 75B)
Class [Lcom.google.common.collect.Maps$EntryFunction;                                 : loaded 2 times (x 68B)
Class org.jetbrains.kotlin.gradle.plugin.ProjectLocalConfigurations                   : loaded 2 times (x 70B)
Class com.google.common.cache.LocalCache$EntryFactory$4                               : loaded 2 times (x 82B)
Class org.jetbrains.kotlin.gradle.plugin.KotlinSourceSet$Companion                    : loaded 2 times (x 70B)
Class com.google.common.cache.LocalCache$EntryFactory$5                               : loaded 2 times (x 82B)
Class org.codehaus.groovy.reflection.ClassInfo$1                                      : loaded 2 times (x 75B)
Class it.unimi.dsi.fastutil.objects.AbstractObjectCollection                          : loaded 2 times (x 142B)
Class com.google.common.cache.LocalCache$EntryFactory$6                               : loaded 2 times (x 82B)
Class org.jetbrains.kotlin.gradle.tasks.DefaultKotlinJavaToolchain$getToolsJarFromJvm$1: loaded 2 times (x 74B)
Class com.google.common.cache.LocalCache$EntryFactory$7                               : loaded 2 times (x 82B)
Class org.jetbrains.kotlin.gradle.plugin.PropertiesProvider$PropertyNames             : loaded 2 times (x 70B)
Class com.google.common.cache.LocalCache$EntryFactory$8                               : loaded 2 times (x 82B)
Class kotlin.reflect.KDeclarationContainer                                            : loaded 2 times (x 69B)
Class org.jetbrains.kotlin.gradle.internal.IsInIdeaEnvironmentValueSource             : loaded 2 times (x 79B)
Class org.jetbrains.kotlin.gradle.internal.ClassLoadersCachingBuildService$Companion$registerIfAbsent$2$1$1: loaded 2 times (x 74B)
Class kotlin.collections.ArrayDeque$Companion                                         : loaded 2 times (x 70B)
Class org.jetbrains.kotlin.gradle.artifacts.KotlinTargetArtifact$Companion            : loaded 2 times (x 70B)
Class kotlin.collections.builders.MapBuilder$EntryRef                                 : loaded 2 times (x 80B)
Class groovy.lang.MetaClassImpl$MethodIndexAction                                     : loaded 2 times (x 74B)
Class kotlin.time.DurationUnitKt__DurationUnitKt                                      : loaded 2 times (x 70B)
Class org.jetbrains.kotlin.gradle.tasks.KotlinCompile                                 : loaded 2 times (x 503B)
Class org.jetbrains.kotlin.gradle.dsl.KotlinSingleJavaTargetExtension                 : loaded 2 times (x 123B)
Class org.codehaus.groovy.util.AbstractConcurrentMapBase$Segment                      : loaded 2 times (x 82B)
Class kotlin.text.StringsKt                                                           : loaded 2 times (x 70B)
Class org.jetbrains.kotlin.gradle.plugin.mpp.compilationImpl.KotlinCompilationImpl    : loaded 2 times (x 139B)
Class com.google.common.cache.LocalCache$StrongValueReference                         : loaded 2 times (x 89B)
Class com.google.common.collect.RegularImmutableBiMap$Inverse$InverseEntrySet         : loaded 2 times (x 151B)
Class org.gradle.internal.classloader.FilteringClassLoader                            : loaded 2 times (x 104B)
Class com.google.protobuf.Extension$ExtensionType                                     : loaded 2 times (x 78B)
Class com.google.common.collect.AbstractMapBasedMultimap$WrappedCollection            : loaded 2 times (x 123B)
Class org.jetbrains.kotlin.gradle.plugin.mpp.KotlinTargetSoftwareComponentImplKt$KotlinTargetSoftwareComponent$1: loaded 2 times (x 94B)
Class org.jetbrains.kotlin.gradle.report.GradleBuildMetricsReporter                   : loaded 2 times (x 99B)
Class org.jetbrains.kotlin.gradle.plugin.mpp.KotlinTargetComponentWithPublication     : loaded 2 times (x 69B)
Class org.codehaus.groovy.ast.stmt.BlockStatement                                     : loaded 2 times (x 114B)
Class kotlin.collections.AbstractMutableList                                          : loaded 2 times (x 167B)
Class org.jetbrains.kotlin.gradle.plugin.statistics.BuildFinishFlowAction$Inject      : loaded 2 times (x 106B)
Class groovy.lang.GroovyClassLoader                                                   : loaded 2 times (x 141B)
Class com.google.common.reflect.Invokable$MethodInvokable                             : loaded 2 times (x 104B)
Class kotlin.jvm.internal.Lambda                                                      : loaded 2 times (x 74B)
Class org.jetbrains.kotlin.gradle.plugin.internal.BuildIdService                      : loaded 2 times (x 75B)
Class org.jetbrains.kotlin.gradle.targets.jvm.KotlinJvmTargetTestFixturesSideEffectKt$ConfigureJavaTestFixturesSideEffect$1: loaded 2 times (x 73B)
Class org.apache.groovy.io.StringBuilderWriter                                        : loaded 2 times (x 99B)
Class it.unimi.dsi.fastutil.ints.IntArrays$ForkJoinQuickSortIndirect                  : loaded 2 times (x 89B)
Class org.jetbrains.kotlin.gradle.internal.properties.PropertiesBuildService$GradleProperty: loaded 2 times (x 69B)
Class org.jetbrains.kotlin.gradle.utils.GradleUtilsKt$registerClassLoaderScopedBuildService$1: loaded 2 times (x 73B)
Class org.codehaus.groovy.util.SingleKeyHashMap                                       : loaded 2 times (x 83B)
Class org.codehaus.groovy.ast.expr.ClassExpression                                    : loaded 2 times (x 126B)
Class com.android.utils.Pair                                                          : loaded 2 times (x 71B)
Class [Lorg.jetbrains.kotlin.gradle.report.BuildReportMode;                           : loaded 2 times (x 68B)
Class com.android.repository.io.FileOpUtils                                           : loaded 2 times (x 70B)
Class kotlin.reflect.KCallable                                                        : loaded 2 times (x 69B)
Class org.jetbrains.kotlin.incremental.ClasspathChanges                               : loaded 2 times (x 70B)
Class org.jetbrains.kotlin.gradle.plugin.KotlinTarget$DefaultImpls                    : loaded 2 times (x 70B)
Class [Lcom.google.common.cache.LocalCache$Strength;                                  : loaded 2 times (x 68B)
Class org.gradle.internal.classpath.DefaultClassPath$ImmutableUniqueList$Builder      : loaded 2 times (x 74B)
Class com.google.common.collect.ExplicitOrdering                                      : loaded 2 times (x 114B)
Class org.jetbrains.kotlin.gradle.tasks.configuration.AbstractKotlinCompileConfig$2$2$1: loaded 2 times (x 74B)
Class org.jetbrains.kotlin.gradle.model.builder.KotlinModelBuilder                    : loaded 2 times (x 75B)
Class [Lorg.jetbrains.kotlin.gradle.plugin.KotlinCompilation;                         : loaded 2 times (x 68B)
Class kotlin.UninitializedPropertyAccessException                                     : loaded 2 times (x 81B)
Class com.google.gson.JsonSyntaxException                                             : loaded 2 times (x 81B)
Class com.google.common.collect.SortedSetMultimap                                     : loaded 2 times (x 69B)
Class org.jetbrains.kotlin.gradle.plugin.KotlinGradleBuildServices$Parameters         : loaded 2 times (x 69B)
Class com.google.protobuf.Descriptors$Descriptor                                      : loaded 2 times (x 75B)
Class org.codehaus.groovy.reflection.GroovyClassValue                                 : loaded 2 times (x 69B)
Class org.codehaus.groovy.runtime.metaclass.MixinInstanceMetaMethod                   : loaded 2 times (x 95B)
Class com.android.prefs.VariableValue                                                 : loaded 2 times (x 83B)
Class org.jetbrains.kotlin.gradle.plugin.PropertiesProvider$Companion                 : loaded 2 times (x 70B)
Class com.android.utils.FileUtils                                                     : loaded 2 times (x 70B)
Class org.codehaus.groovy.runtime.dgmimpl.arrays.LongArrayGetAtMetaMethod             : loaded 2 times (x 96B)
Class com.google.common.collect.Sets$3$1                                              : loaded 2 times (x 81B)
Class org.jetbrains.kotlin.gradle.plugin.PropertiesProvider$booleanPropertyWithValueReporting$1: loaded 2 times (x 77B)
Class org.codehaus.groovy.ast.NodeMetaDataHandler                                     : loaded 2 times (x 69B)
Class kotlin.reflect.jvm.internal.KPropertyImpl$$Lambda$0                             : loaded 2 times (x 75B)
Class org.jetbrains.kotlin.gradle.plugin.KotlinGradleBuildServices$Companion          : loaded 2 times (x 70B)
Class org.jetbrains.kotlin.gradle.utils.ReportUtilsKt                                 : loaded 2 times (x 70B)
Class org.jetbrains.kotlin.gradle.logging.GradleLoggingUtilsKt                        : loaded 2 times (x 70B)
Class [Lcom.google.common.cache.CacheBuilder$NullListener;                            : loaded 2 times (x 68B)
Class com.google.protobuf.Internal$FloatList                                          : loaded 2 times (x 69B)
Class org.codehaus.groovy.syntax.Token                                                : loaded 2 times (x 110B)
Class kotlin.reflect.jvm.internal.KPropertyImpl$$Lambda$1                             : loaded 2 times (x 75B)
Class com.google.common.io.CharStreams$NullWriter                                     : loaded 2 times (x 98B)
Class [Lkotlin.annotation.AnnotationRetention;                                        : loaded 2 times (x 68B)
Class org.jetbrains.kotlin.gradle.tasks.AbstractKotlinCompile$friendPathsSet$1        : loaded 2 times (x 74B)
Class org.jetbrains.kotlin.gradle.targets.native.internal.PlatformLibrariesGenerator  : loaded 2 times (x 71B)
Class kotlin.Result$Failure                                                           : loaded 2 times (x 71B)
Class com.google.common.collect.HashMultimap                                          : loaded 2 times (x 173B)
Class com.google.common.collect.Maps$KeySet                                           : loaded 2 times (x 136B)
Class org.jetbrains.kotlin.gradle.plugin.diagnostics.ToolingDiagnostic$Severity       : loaded 2 times (x 78B)
Class kotlin.Result$Companion                                                         : loaded 2 times (x 70B)
Class com.google.common.collect.ImmutableMultimap$EntryCollection                     : loaded 2 times (x 127B)
Class org.codehaus.groovy.reflection.CachedClass                                      : loaded 2 times (x 94B)
Class org.jetbrains.kotlin.statistics.metrics.IMetricContainer                        : loaded 2 times (x 69B)
Class com.google.gson.internal.bind.JsonTreeWriter                                    : loaded 2 times (x 97B)
Class com.google.protobuf.Android                                                     : loaded 2 times (x 70B)
Class kotlin.reflect.jvm.internal.KPackageImpl$$Lambda$0                              : loaded 2 times (x 75B)
Class kotlin.jvm.internal.markers.KMutableIterator                                    : loaded 2 times (x 69B)
Class org.jetbrains.kotlin.statistics.metrics.BooleanOverridePolicy$OVERRIDE          : loaded 2 times (x 84B)
Class com.android.ide.common.resources.configuration.HighDynamicRangeQualifier        : loaded 2 times (x 90B)
Class kotlin.collections.builders.ListBuilderKt                                       : loaded 2 times (x 70B)
Class org.jetbrains.kotlin.gradle.plugin.mpp.compilationImpl.factory.KotlinCompilationImplFactory$create$1: loaded 2 times (x 74B)
Class org.jetbrains.kotlin.statistics.metrics.StringOverridePolicy$OVERRIDE           : loaded 2 times (x 84B)
Class com.google.protobuf.WireFormat                                                  : loaded 2 times (x 70B)
Class com.google.protobuf.UnknownFieldSet                                             : loaded 2 times (x 86B)
Class kotlin.collections.IntIterator                                                  : loaded 2 times (x 81B)
Class org.jetbrains.kotlin.gradle.internal.StdlibDependencyManagementKt$configureStdlibVersionAlignment$1$1: loaded 2 times (x 74B)
Class org.jetbrains.kotlin.gradle.plugin.internal.MavenPublicationComponentAccessor$Factory: loaded 2 times (x 69B)
Class kotlin.reflect.jvm.internal.impl.name.ClassId                                   : loaded 2 times (x 71B)
Class org.objectweb.asm.AnnotationWriter                                              : loaded 2 times (x 78B)
Class org.codehaus.groovy.util.ReferenceType                                          : loaded 2 times (x 79B)
Class kotlin.jvm.internal.markers.KMutableIterable                                    : loaded 2 times (x 69B)
Class org.jetbrains.kotlin.gradle.plugin.diagnostics.checkers.OverriddenKotlinNativeHomeChecker$StdlibExistenceCheckerValueSource$Params$Inject: loaded 2 times (x 105B)
Class org.jetbrains.kotlin.gradle.plugin.UsesKotlinGradleBuildServices                : loaded 2 times (x 69B)
Class org.jetbrains.kotlin.gradle.plugin.DefaultKotlinBasePlugin$addKotlinCompilerConfiguration$2$1$1: loaded 2 times (x 74B)
Class org.jetbrains.kotlin.gradle.plugin.diagnostics.checkers.InternalGradlePropertiesUsageChecker: loaded 2 times (x 73B)
Class org.jetbrains.kotlin.statistics.metrics.StringOverridePolicy                    : loaded 2 times (x 84B)
Class org.gradle.internal.classloader.ClassLoaderVisitor                              : loaded 2 times (x 75B)
Class org.codehaus.groovy.runtime.metaclass.MetaMethodIndex                           : loaded 2 times (x 92B)
Class [Lorg.jetbrains.kotlin.tooling.core.HasMutableExtras;                           : loaded 2 times (x 68B)
Class org.jetbrains.kotlin.gradle.dsl.PlatformSourceSetConventionsChecker$nativeTargetPresets$1$1: loaded 2 times (x 78B)
Class org.jetbrains.kotlin.gradle.plugin.BuildEventsListenerRegistryHolder_Decorated  : loaded 2 times (x 118B)
Class org.jetbrains.kotlin.daemon.common.MultiModuleICSettings                        : loaded 2 times (x 71B)
Class org.jetbrains.kotlin.gradle.plugin.statistics.DefaultKotlinBuildStatsBeanService: loaded 2 times (x 91B)
Class kotlin.jvm.internal.TypeIntrinsics                                              : loaded 2 times (x 70B)
Class build_c6vvr91uitvku2u1mhgvzgrov$_run_closure1                                   : loaded 2 times (x 138B)
Class org.jetbrains.kotlin.gradle.plugin.diagnostics.CheckKotlinGradlePluginConfigurationErrors: loaded 2 times (x 318B)
Class org.jetbrains.kotlin.gradle.plugin.KotlinPluginLifecycleKt$await$1              : loaded 2 times (x 87B)
Class org.jetbrains.kotlin.gradle.artifacts.KotlinJvmJarArtifactKt                    : loaded 2 times (x 70B)
Class com.google.common.cache.CacheBuilder$NullListener                               : loaded 2 times (x 81B)
Class org.jetbrains.kotlin.gradle.tasks.DefaultKotlinJavaToolchain$javaVersion$1      : loaded 2 times (x 73B)
Class com.android.tools.lint.model.DefaultLintModelDependency                         : loaded 2 times (x 85B)
Class build_361ccn2dnmdz1kq19ynysa0wn$_run_closure1                                   : loaded 2 times (x 138B)
Class org.jetbrains.kotlin.gradle.tasks.DefaultKotlinJavaToolchain                    : loaded 2 times (x 76B)
Class kotlin.reflect.jvm.internal.KPropertyImpl$Companion                             : loaded 2 times (x 70B)
Class org.codehaus.groovy.reflection.ClassInfo                                        : loaded 2 times (x 91B)
Class org.jetbrains.kotlin.gradle.plugin.KotlinPluginLifecycleImpl$executeCurrentStageAndScheduleNext$3: loaded 2 times (x 74B)
Class org.jetbrains.kotlin.tooling.core.Extras$Type$Companion                         : loaded 2 times (x 70B)
Class org.jetbrains.kotlin.gradle.plugin.KotlinPluginLifecycleImpl$start$3            : loaded 2 times (x 78B)
Class groovy.lang.ExpandoMetaClassCreationHandle                                      : loaded 2 times (x 75B)
Class org.codehaus.groovy.reflection.stdclasses.ArrayCachedClass                      : loaded 2 times (x 94B)
Class org.jetbrains.kotlin.gradle.internal.properties.NativePropertiesLoader$downloadFromMaven$1: loaded 2 times (x 74B)
Class org.jetbrains.kotlin.gradle.plugin.statistics.KotlinBuildStatsLoggerService$initSessionLogger$1: loaded 2 times (x 78B)
Class com.google.common.collect.ImmutableMultimap                                     : loaded 2 times (x 146B)
Class com.google.gson.TypeAdapter$1                                                   : loaded 2 times (x 73B)
Class com.android.ide.common.repository.AgpVersion$Companion                          : loaded 2 times (x 70B)
Class org.jetbrains.kotlin.gradle.plugin.KotlinPluginLifecycle$ProjectConfigurationResult: loaded 2 times (x 70B)
Class org.jetbrains.kotlin.gradle.plugin.internal.CompatibilityConventionRegistrarKt  : loaded 2 times (x 70B)
Class [Lkotlin.reflect.KProperty;                                                     : loaded 2 times (x 68B)
Class com.android.tools.lint.model.DefaultLintModelArtifact                           : loaded 2 times (x 83B)
Class groovy.lang.SpreadMap                                                           : loaded 2 times (x 134B)
Class com.android.ide.common.resources.configuration.ScreenSizeQualifier              : loaded 2 times (x 91B)
Class kotlin.reflect.jvm.internal.KTypeParameterOwnerImpl                             : loaded 2 times (x 69B)
Class org.jetbrains.kotlin.gradle.internal.ClassLoadersCachingBuildService            : loaded 2 times (x 75B)
Class org.jetbrains.kotlin.cli.jvm.compiler.KotlinCoreEnvironment                     : loaded 2 times (x 71B)
Class org.jetbrains.kotlin.cli.common.CompilerSystemProperties                        : loaded 2 times (x 79B)
Class [Lorg.jetbrains.kotlin.konan.target.Family;                                     : loaded 2 times (x 68B)
Class kotlin.jvm.internal.Ref$IntRef                                                  : loaded 2 times (x 70B)
Class org.codehaus.groovy.ast.expr.MethodCall                                         : loaded 2 times (x 69B)
Class org.codehaus.groovy.runtime.metaclass.MethodMetaProperty                        : loaded 2 times (x 77B)
Class org.jetbrains.kotlin.gradle.tasks.AbstractKotlinCompile$compilerRunner$1        : loaded 2 times (x 74B)
Class org.jetbrains.kotlin.gradle.plugin.mpp.compilationImpl.KotlinCompilationSourceSetInclusion: loaded 2 times (x 71B)
Class org.jetbrains.kotlin.gradle.targets.native.ConfigureFrameworkExportSideEffectKt : loaded 2 times (x 70B)
Class org.jetbrains.kotlin.gradle.dsl.KotlinJvmExtension                              : loaded 2 times (x 69B)
Class com.android.ide.common.resources.configuration.Configurable                     : loaded 2 times (x 69B)
Class kotlin.text.StringsKt__RegexExtensionsKt                                        : loaded 2 times (x 70B)
Class org.jetbrains.kotlin.gradle.tasks.configuration.BaseKotlinCompileConfig$1$classpathConfiguration$1: loaded 2 times (x 74B)
Class org.jetbrains.kotlin.gradle.plugin.KotlinPluginLifecycle$IllegalLifecycleException: loaded 2 times (x 81B)
Class org.jetbrains.kotlin.gradle.plugin.diagnostics.ToolingDiagnostic                : loaded 2 times (x 71B)
Class org.jetbrains.kotlin.gradle.plugin.sources.DefaultKotlinSourceSetFactory        : loaded 2 times (x 79B)
Class androidx.activity.lint.OnBackPressedDetector                                    : loaded 2 times (x 171B)
Class org.jetbrains.kotlin.gradle.plugin.KotlinCompilationInfo                        : loaded 2 times (x 87B)
Class org.jetbrains.kotlin.tooling.core.Extras$Entry                                  : loaded 2 times (x 71B)
Class org.jetbrains.kotlin.gradle.internal.ClassLoadersCachingBuildService$Companion  : loaded 2 times (x 70B)
Class org.jetbrains.kotlin.konan.target.HostManager$Companion                         : loaded 2 times (x 70B)
Class [Lorg.codehaus.groovy.util.AbstractConcurrentMapBase$Segment;                   : loaded 2 times (x 68B)
Class it.unimi.dsi.fastutil.ints.IntBidirectionalIterator                             : loaded 2 times (x 69B)
Class org.jetbrains.kotlin.buildtools.api.SourcesChanges                              : loaded 2 times (x 69B)
Class org.gradle.internal.service.DefaultServiceLocator                               : loaded 2 times (x 82B)
Class org.jetbrains.kotlin.gradle.report.UsesBuildMetricsService                      : loaded 2 times (x 69B)
Class org.jetbrains.kotlin.gradle.plugin.diagnostics.ProblemsReporter                 : loaded 2 times (x 69B)
Class it.unimi.dsi.fastutil.objects.Object2IntOpenHashMap                             : loaded 2 times (x 246B)
Class kotlin.text.StringsKt__StringBuilderJVMKt                                       : loaded 2 times (x 70B)
Class org.gradle.internal.service.UnknownServiceException                             : loaded 2 times (x 82B)
Class it.unimi.dsi.fastutil.objects.ReferenceCollection                               : loaded 2 times (x 69B)
Class org.jetbrains.kotlin.gradle.plugin.mpp.InternalKotlinTargetKt                   : loaded 2 times (x 70B)
Class org.jetbrains.kotlin.gradle.plugin.mpp.compilationImpl.DefaultKotlinCompilationConfigurationsContainer: loaded 2 times (x 83B)
Class kotlin.collections.SetsKt___SetsKt                                              : loaded 2 times (x 70B)
Class org.jetbrains.kotlin.gradle.tasks.DefaultKotlinJavaToolchain_Decorated          : loaded 2 times (x 125B)
Class org.jetbrains.kotlin.gradle.tasks.CInteropProcess                               : loaded 2 times (x 346B)
Class org.jetbrains.kotlin.gradle.plugin.abi.AbiValidationTaskSet$addSingleJvmTarget$1: loaded 2 times (x 74B)
Class androidx.appcompat.res.ColorStateListAlphaDetector                              : loaded 2 times (x 153B)
Class org.jetbrains.kotlin.gradle.plugin.mpp.KotlinWithJavaTarget                     : loaded 2 times (x 159B)
Class org.codehaus.groovy.runtime.InvokerInvocationException                          : loaded 2 times (x 86B)
Class com.android.tools.lint.model.LintModelExternalLibrary                           : loaded 2 times (x 69B)
Class com.android.prefs.QueryResult                                                   : loaded 2 times (x 83B)
Class org.jetbrains.kotlin.gradle.internal.properties.NativePropertiesLoader$isUseXcodeMessageStyleEnabled$1: loaded 2 times (x 74B)
Class org.jetbrains.kotlin.gradle.targets.native.internal.AddKotlinPlatformIntegersSupportLibraryKt$AddKotlinPlatformIntegersSupportLibrary$1: loaded 2 times (x 94B)
Class org.jetbrains.kotlin.gradle.dsl.ExplicitApiMode                                 : loaded 2 times (x 78B)
Class com.android.ide.common.resources.ResourceItem                                   : loaded 2 times (x 69B)
Class com.google.common.collect.Collections2$FilteredCollection                       : loaded 2 times (x 118B)
Class org.codehaus.groovy.runtime.dgmimpl.arrays.CharacterArrayPutAtMetaMethod        : loaded 2 times (x 96B)
Class kotlin.reflect.jvm.internal.impl.builtins.jvm.JavaToKotlinClassMap$PlatformMutabilityMapping: loaded 2 times (x 71B)
Class org.jetbrains.kotlin.gradle.tasks.DefaultKotlinJavaToolchain$getToolsJarFromJvm$1$1: loaded 2 times (x 78B)
Class [Lcom.android.resources.ScreenRound;                                            : loaded 2 times (x 68B)
Class org.codehaus.groovy.util.Reference                                              : loaded 2 times (x 69B)
Class kotlin.text.StringsKt__StringsJVMKt                                             : loaded 2 times (x 70B)
Class org.jetbrains.kotlin.gradle.plugin.diagnostics.ProblemsReporterKt               : loaded 2 times (x 70B)
Class [Lorg.jetbrains.kotlin.konan.target.KonanTarget;                                : loaded 2 times (x 68B)
Class org.jetbrains.kotlin.gradle.utils.ConfigurationsKt                              : loaded 2 times (x 70B)
Class groovy.lang.MetaClassImpl$1                                                     : loaded 2 times (x 74B)
Class kotlin.sequences.DropTakeSequence                                               : loaded 2 times (x 69B)
Class groovy.lang.MetaClassImpl$2                                                     : loaded 2 times (x 95B)
Class org.codehaus.groovy.util.ComplexKeyHashMap$Entry                                : loaded 2 times (x 73B)
Class groovy.lang.MetaClassImpl$3                                                     : loaded 2 times (x 77B)
Class org.codehaus.groovy.reflection.stdclasses.FloatCachedClass                      : loaded 2 times (x 94B)
Class [Lcom.android.ide.common.resources.configuration.ResourceQualifier;             : loaded 2 times (x 68B)
Class [Lcom.android.utils.StdLogger$Level;                                            : loaded 2 times (x 68B)
Class org.jetbrains.kotlin.gradle.internal.abi.AbiValidationExtensionKt               : loaded 2 times (x 70B)
Class org.jetbrains.kotlin.konan.target.KonanTarget$MINGW_X64                         : loaded 2 times (x 77B)
Class org.jetbrains.kotlin.gradle.targets.native.KonanPropertiesBuildService          : loaded 2 times (x 75B)
Class org.codehaus.groovy.ast.expr.ConstructorCallExpression                          : loaded 2 times (x 140B)
Class groovy.lang.MetaClassImpl$4                                                     : loaded 2 times (x 76B)
Class org.codehaus.groovy.vmplugin.v9.ClassFinder$1                                   : loaded 2 times (x 83B)
Class groovy.lang.MetaClassImpl$5                                                     : loaded 2 times (x 77B)
Class kotlin.collections.AbstractMutableSet                                           : loaded 2 times (x 141B)
Class org.jetbrains.kotlin.gradle.targets.NativeForwardImplementationToApiElementsSideEffectKt$special$$inlined$KotlinTargetSideEffect$1: loaded 2 times (x 73B)
Class [Lorg.jetbrains.kotlin.statistics.metrics.BooleanMetrics;                       : loaded 2 times (x 68B)
Class groovy.lang.MetaClassImpl$6                                                     : loaded 2 times (x 76B)
Class build_92tdog73k3495ac5z2rxe2bqx                                                 : loaded 2 times (x 179B)
Class com.google.common.collect.HashMultimapGwtSerializationDependencies              : loaded 2 times (x 173B)
Class org.jetbrains.kotlin.incremental.IncrementalCompilationFeatures                 : loaded 2 times (x 70B)
Class org.codehaus.groovy.ast.expr.ClosureExpression                                  : loaded 2 times (x 132B)
Class groovy.lang.MetaClassImpl$7                                                     : loaded 2 times (x 76B)
Class kotlin.reflect.jvm.internal.impl.name.Name                                      : loaded 2 times (x 74B)
Class org.jetbrains.kotlin.compilerRunner.CompilerSystemPropertiesService$Parameters_Decorated: loaded 2 times (x 133B)
Class org.jetbrains.kotlin.gradle.internal.tasks.TaskWithLocalState                   : loaded 2 times (x 69B)
Class groovy.lang.MetaClassImpl$8                                                     : loaded 2 times (x 76B)
Class kotlin.collections.CollectionsKt___CollectionsKt$asSequence$$inlined$Sequence$1 : loaded 2 times (x 74B)
Class org.jetbrains.kotlin.gradle.plugin.mpp.HierarchyAttributeContainer$1            : loaded 2 times (x 77B)
Class org.jetbrains.kotlin.gradle.plugin.diagnostics.checkers.AndroidSourceSetLayoutV1SourceSetsNotFoundChecker$androidSourceSetRegex$2: loaded 2 times (x 77B)
Class groovy.lang.MetaClassImpl$9                                                     : loaded 2 times (x 76B)
Class org.jetbrains.kotlin.gradle.internal.KotlinDependenciesManagementKt$configureDefaultVersionsResolutionStrategy$1$1: loaded 2 times (x 74B)
Class org.jetbrains.kotlin.gradle.internal.Kapt3GradleSubplugin                       : loaded 2 times (x 82B)
Class com.google.common.cache.CacheLoader$InvalidCacheLoadException                   : loaded 2 times (x 81B)
Class build_64s85pqvvoqxulxo7u9klpbia$_run_closure1                                   : loaded 2 times (x 138B)
Class org.jetbrains.kotlin.gradle.internal.abi.AbiFiltersSpecImpl                     : loaded 2 times (x 85B)
Class org.jetbrains.kotlin.gradle.plugin.KotlinPluginLifecycleCoroutineContextElement$Key: loaded 2 times (x 70B)
Class org.gradle.internal.classloader.DefaultClassLoaderFactory                       : loaded 2 times (x 81B)
Class build_92tdog73k3495ac5z2rxe2bqx$_run_closure1                                   : loaded 2 times (x 138B)
Class kotlin.reflect.KClass                                                           : loaded 2 times (x 69B)
Class org.jetbrains.kotlin.gradle.plugin.mpp.compilationImpl.CreateCInteropTasksSideEffectKt$special$$inlined$KotlinCompilationSideEffect$1: loaded 2 times (x 73B)
Class org.jetbrains.kotlin.gradle.dsl.KotlinTargetContainerWithJsPresetFunctions      : loaded 2 times (x 69B)
Class org.jetbrains.kotlin.gradle.internal.properties.PropertiesBuildService$Params$Inject: loaded 2 times (x 105B)
Class org.jetbrains.kotlin.gradle.internal.diagnostics.AgpCompatibilityCheck          : loaded 2 times (x 70B)
Class com.google.common.base.Stopwatch                                                : loaded 2 times (x 71B)
Class org.jetbrains.kotlin.konan.target.KonanTarget$LINUX_ARM32_HFP                   : loaded 2 times (x 77B)
Class com.google.common.collect.AbstractTable                                         : loaded 2 times (x 119B)
Class org.codehaus.groovy.runtime.GroovyCategorySupport                               : loaded 2 times (x 70B)
Class [Lcom.android.resources.ResourceType;                                           : loaded 2 times (x 68B)
Class kotlin.reflect.jvm.internal.impl.name.FqNamesUtilKt                             : loaded 2 times (x 70B)
Class groovy.lang.IntRange                                                            : loaded 2 times (x 208B)
Class com.google.protobuf.GeneratedMessageV3                                          : loaded 2 times (x 177B)
Class org.codehaus.groovy.util.ReferenceType$WeakRef                                  : loaded 2 times (x 85B)
Class kotlin.collections.CollectionsKt__MutableCollectionsKt                          : loaded 2 times (x 70B)
Class org.jetbrains.kotlin.statistics.metrics.StatisticsValuesConsumer$DefaultImpls   : loaded 2 times (x 70B)
Class com.google.common.cache.LocalCache$LoadingValueReference                        : loaded 2 times (x 95B)
Class org.codehaus.groovy.util.FastArray                                              : loaded 2 times (x 84B)
Class org.jetbrains.kotlin.gradle.utils.StringUtilsKt$lowerCamelCaseName$1            : loaded 2 times (x 124B)
Class org.codehaus.groovy.util.ManagedConcurrentMap                                   : loaded 2 times (x 82B)
Class kotlin.sequences.SequencesKt___SequencesKt$asIterable$$inlined$Iterable$1       : loaded 2 times (x 78B)
Class Native_plugin_loader_gradle$NativePluginLoader                                  : loaded 2 times (x 71B)
Class org.jetbrains.kotlin.build.report.metrics.BuildTimes                            : loaded 2 times (x 71B)
Class [Lorg.jetbrains.kotlin.build.report.metrics.GradleBuildTime;                    : loaded 2 times (x 68B)
Class kotlin.ResultKt                                                                 : loaded 2 times (x 70B)
Class org.jetbrains.kotlin.build.report.metrics.BuildAttributes$Companion             : loaded 2 times (x 70B)
Class org.jetbrains.kotlin.compilerRunner.UsesCompilerSystemPropertiesService         : loaded 2 times (x 69B)
Class org.jetbrains.kotlin.gradle.plugin.mpp.AbstractKotlinTarget                     : loaded 2 times (x 149B)
Class com.google.protobuf.CodedInputStream$UnsafeDirectNioDecoder                     : loaded 2 times (x 119B)
Class [Lorg.codehaus.groovy.reflection.CachedConstructor;                             : loaded 2 times (x 68B)
Class kotlin.jvm.internal.markers.KMutableMap                                         : loaded 2 times (x 69B)
Class org.jetbrains.kotlin.gradle.plugin.mpp.compilationImpl.KotlinCreateCompilationArchiveTaskKt: loaded 2 times (x 70B)
Class org.jetbrains.kotlin.gradle.fus.BuildUidService$Companion                       : loaded 2 times (x 70B)
Class org.jetbrains.kotlin.gradle.targets.native.UsesKonanPropertiesBuildService      : loaded 2 times (x 69B)
Class org.jetbrains.kotlin.gradle.internal.diagnostics.GradleCompatibilityCheck       : loaded 2 times (x 70B)
Class com.google.common.collect.NullsFirstOrdering                                    : loaded 2 times (x 114B)
Class org.jetbrains.kotlin.gradle.plugin.mpp.InternalKotlinTargetComponentKt          : loaded 2 times (x 70B)
Class org.jetbrains.kotlin.gradle.internal.diagnostics.GradleCompatibilityCheck$CurrentGradleVersionProvider: loaded 2 times (x 69B)
Class org.codehaus.groovy.control.ResolveVisitor$LowerCaseClass                       : loaded 2 times (x 242B)
Class org.jetbrains.kotlin.gradle.tasks.UsesKotlinJavaToolchain$DefaultImpls          : loaded 2 times (x 70B)
Class kotlin.reflect.jvm.internal.KotlinReflectionInternalError                       : loaded 2 times (x 81B)
Class org.jetbrains.kotlin.gradle.plugin.diagnostics.UsesKotlinToolingDiagnosticsKt   : loaded 2 times (x 70B)
Class org.jetbrains.kotlin.gradle.plugin.diagnostics.checkers.InternalGradlePropertiesUsageChecker$runChecks$1: loaded 2 times (x 87B)
Class org.jetbrains.kotlin.gradle.targets.native.toolchain.KotlinNativeBundleBuildService$Parameters: loaded 2 times (x 69B)
Class org.jetbrains.kotlin.gradle.utils.ConfigurationsKt$sam$org_gradle_api_Action$0  : loaded 2 times (x 74B)
Class org.jetbrains.kotlin.statistics.metrics.StringAnonymizationPolicy               : loaded 2 times (x 77B)
Class [Lorg.codehaus.groovy.util.LockableObject;                                      : loaded 2 times (x 68B)
Class build_361ccn2dnmdz1kq19ynysa0wn                                                 : loaded 2 times (x 179B)
Class org.codehaus.groovy.ast.stmt.ExpressionStatement                                : loaded 2 times (x 111B)
Class groovy.lang.ListWithDefault                                                     : loaded 2 times (x 136B)
Class kotlin.collections.CollectionsKt__ReversedViewsKt                               : loaded 2 times (x 70B)
Class [Lorg.codehaus.groovy.ast.AnnotatedNode;                                        : loaded 2 times (x 68B)
Class groovy.io.FileType                                                              : loaded 2 times (x 78B)
Class org.jetbrains.kotlin.utils.exceptions.KotlinExceptionWithAttachments            : loaded 2 times (x 69B)
Class com.google.common.collect.NaturalOrdering                                       : loaded 2 times (x 114B)
Class org.jetbrains.kotlin.gradle.dsl.PlatformSourceSetConventionsChecker$CheckedPlatformInfo: loaded 2 times (x 71B)
Class com.android.ide.common.repository.AgpVersion$PreviewKind$Companion              : loaded 2 times (x 70B)
Class com.android.prefs.VariableType                                                  : loaded 2 times (x 78B)
Class com.android.utils.NullLogger                                                    : loaded 2 times (x 84B)
Class org.jetbrains.kotlin.gradle.plugin.KotlinPluginLifecycleKt                      : loaded 2 times (x 70B)
Class com.google.protobuf.GeneratedMessage$GeneratedExtension                         : loaded 2 times (x 86B)
Class com.google.common.base.Optional                                                 : loaded 2 times (x 79B)
Class com.google.common.collect.ByFunctionOrdering                                    : loaded 2 times (x 114B)
Class org.jetbrains.kotlin.gradle.plugin.PropertiesProvider$kotlinCompilerArgumentsLogLevel$1: loaded 2 times (x 73B)
Class [Lorg.jetbrains.kotlin.build.report.metrics.BuildAttribute;                     : loaded 2 times (x 68B)
Class com.google.gson.internal.bind.JsonTreeReader                                    : loaded 2 times (x 97B)
Class org.codehaus.groovy.runtime.dgmimpl.NumberNumberMinus                           : loaded 2 times (x 113B)
Class com.android.utils.PositionXmlParser                                             : loaded 2 times (x 70B)
Class kotlin.internal.jdk8.JDK8PlatformImplementations                                : loaded 2 times (x 75B)
Class org.jetbrains.kotlin.gradle.plugin.internal.CompatibilityConventionRegistrar$Factory: loaded 2 times (x 69B)
Class org.jetbrains.kotlin.gradle.internal.ClassLoadersCachingBuildService$Parameters : loaded 2 times (x 69B)
Class org.jetbrains.kotlin.gradle.plugin.statistics.old.Pre232IdeaKotlinBuildStatsMXBean: loaded 2 times (x 69B)
Class org.codehaus.groovy.runtime.m12n.ExtensionModuleScanner$ExtensionModuleListener : loaded 2 times (x 69B)
Class com.android.tools.lint.model.LintModelLintOptions                               : loaded 2 times (x 69B)
Class org.jetbrains.kotlin.gradle.plugin.KotlinPluginLifecycle$ProjectConfigurationResult$Success: loaded 2 times (x 70B)
Class org.jetbrains.kotlin.gradle.internal.properties.PropertiesBuildService$MemoizedCallable: loaded 2 times (x 74B)
Class org.jetbrains.kotlin.gradle.utils.StoredLazyProperty$getValue$1                 : loaded 2 times (x 78B)
Class org.jetbrains.kotlin.gradle.plugin.statistics.UsesBuildFusService               : loaded 2 times (x 69B)
Class org.jetbrains.kotlin.gradle.dsl.KotlinAndroidProjectExtension                   : loaded 2 times (x 138B)
Class build_bra2k47db8hxgotmple1u6nta$_run_closure1                                   : loaded 2 times (x 138B)
Class build_crik30vk2h0rmw8eqo8pkc9nv$_run_closure1$_closure3                         : loaded 2 times (x 138B)
Class com.android.ide.common.rendering.api.AttrResourceValue                          : loaded 2 times (x 69B)
Class org.jetbrains.kotlin.gradle.targets.ConfigureNonPackedKlibConsumingSideEffectKt : loaded 2 times (x 70B)
Class org.objectweb.asm.RecordComponentWriter                                         : loaded 2 times (x 77B)
Class org.objectweb.asm.AnnotationVisitor                                             : loaded 2 times (x 77B)
Class kotlin.sequences.SequenceScope                                                  : loaded 2 times (x 72B)
Class org.jetbrains.kotlin.gradle.tasks.configuration.BaseKotlinCompileConfig$2$1     : loaded 2 times (x 74B)
Class org.jetbrains.kotlin.gradle.tasks.abi.KotlinLegacyAbiUpdateTask                 : loaded 2 times (x 317B)
Class [Lorg.jetbrains.kotlin.statistics.metrics.NumberAnonymizationPolicy;            : loaded 2 times (x 68B)
Class org.jetbrains.kotlin.gradle.utils.SingleAction$PerformedActions                 : loaded 2 times (x 71B)
Class org.jetbrains.kotlin.gradle.tasks.configuration.AbstractKotlinCompileConfig$1   : loaded 2 times (x 78B)
Class org.jetbrains.kotlin.gradle.plugin.KotlinCompilation$Companion                  : loaded 2 times (x 70B)
Class com.google.common.cache.LocalCache$1                                            : loaded 2 times (x 88B)
Class com.google.protobuf.UnknownFieldSet$Parser                                      : loaded 2 times (x 149B)
Class org.jetbrains.kotlin.gradle.plugin.mpp.ApplyUserDefinedAttributesKt$UserDefinedAttributesSetupAction$1$1: loaded 2 times (x 78B)
Class org.jetbrains.kotlin.gradle.tasks.configuration.AbstractKotlinCompileConfig$2   : loaded 2 times (x 78B)
Class com.google.common.cache.LocalCache$2                                            : loaded 2 times (x 141B)
Class org.jetbrains.kotlin.statistics.fileloggers.MetricsContainer$Companion          : loaded 2 times (x 70B)
Class org.codehaus.groovy.runtime.wrappers.GroovyObjectWrapper                        : loaded 2 times (x 87B)
Class org.jetbrains.kotlin.compilerRunner.CompilerSystemPropertiesService$Parameters  : loaded 2 times (x 69B)
Class org.jetbrains.kotlin.konan.target.Architecture                                  : loaded 2 times (x 78B)
Class Native_plugin_loader_gradle                                                     : loaded 2 times (x 129B)
Class org.jetbrains.kotlin.gradle.plugin.KotlinPluginLifecycleKt$launchInStage$1      : loaded 2 times (x 94B)
Class org.codehaus.groovy.runtime.dgmimpl.arrays.ArrayGetAtMetaMethod                 : loaded 2 times (x 96B)
Class org.jetbrains.kotlin.gradle.targets.js.npm.SemVer$Companion                     : loaded 2 times (x 70B)
Class org.codehaus.groovy.util.SingleKeyHashMap$Entry                                 : loaded 2 times (x 74B)
Class kotlin.sequences.SequencesKt__SequenceBuilderKt                                 : loaded 2 times (x 70B)
Class androidx.appcompat.widget.SwitchUsageXmlDetector$Companion                      : loaded 2 times (x 70B)
Class com.android.io.CancellableFileIo                                                : loaded 2 times (x 70B)
Class build_c6vvr91uitvku2u1mhgvzgrov$_run_closure1$_closure3                         : loaded 2 times (x 138B)
Class org.jetbrains.kotlin.gradle.internal.properties.PropertiesBuildService$NullableStringGradleProperty: loaded 2 times (x 75B)
Class groovy.lang.MetaClassImpl                                                       : loaded 2 times (x 192B)
Class kotlin.jvm.internal.PropertyReference2Impl                                      : loaded 2 times (x 126B)
Class org.jetbrains.kotlin.konan.target.KonanTarget$MACOS_X64                         : loaded 2 times (x 77B)
Class org.jetbrains.kotlin.gradle.plugin.mpp.KotlinUsages                             : loaded 2 times (x 70B)
Class org.jetbrains.kotlin.gradle.plugin.mpp.compilationImpl.KotlinCompilationSourceSetInclusion$Companion: loaded 2 times (x 70B)
Class org.jetbrains.kotlin.gradle.plugin.KotlinMultiplatformPluginWrapper             : loaded 2 times (x 85B)
Class kotlin.text.StringsKt__StringNumberConversionsKt                                : loaded 2 times (x 70B)
Class org.jetbrains.kotlin.gradle.targets.js.dsl.KotlinJsSubTargetContainerDsl        : loaded 2 times (x 69B)
Class org.jetbrains.kotlin.gradle.dsl.KotlinJvmCompilerOptionsDefault                 : loaded 2 times (x 107B)
Class org.jetbrains.kotlin.gradle.fus.BuildUidService$Companion$registerIfAbsent$1    : loaded 2 times (x 73B)
Class org.gradle.internal.classloader.VisitableURLClassLoader$Spec                    : loaded 2 times (x 73B)
Class org.jetbrains.kotlin.gradle.dsl.KotlinJvmCompile$DefaultImpls                   : loaded 2 times (x 70B)
Class org.jetbrains.kotlin.gradle.plugin.diagnostics.DiagnosticGroup                  : loaded 2 times (x 69B)
Class org.jetbrains.kotlin.statistics.metrics.IMetricContainerFactory                 : loaded 2 times (x 69B)
Class org.gradle.api.GradleException                                                  : loaded 2 times (x 81B)
Class org.jetbrains.kotlin.statistics.metrics.BooleanAnonymizationPolicy$SAFE         : loaded 2 times (x 84B)
Class org.jetbrains.kotlin.gradle.plugin.statistics.BuildFinishBuildService$Inject    : loaded 2 times (x 99B)
Class com.google.protobuf.MessageLite                                                 : loaded 2 times (x 69B)
Class org.gradle.api.internal.classpath.ModuleRegistry                                : loaded 2 times (x 69B)
Class com.android.tools.lint.model.LintModelSerialization                             : loaded 2 times (x 75B)
Class com.google.common.collect.ForwardingObject                                      : loaded 2 times (x 71B)
Class org.jetbrains.kotlin.gradle.plugin.cocoapods.KotlinCocoapodsPlugin$Companion    : loaded 2 times (x 70B)
Class org.jetbrains.kotlin.gradle.plugin.statistics.BuildFusService$Companion$registerIfAbsent$1$1: loaded 2 times (x 78B)
Class kotlin.KotlinNothingValueException                                              : loaded 2 times (x 81B)
Class org.jetbrains.kotlin.cli.common.messages.MessageCollector                       : loaded 2 times (x 69B)
Class com.google.common.collect.CompoundOrdering                                      : loaded 2 times (x 114B)
Class org.jetbrains.kotlin.gradle.plugin.diagnostics.checkers.WasmJsEnvironmentChecker: loaded 2 times (x 75B)
Class org.jetbrains.kotlin.statistics.metrics.NumericalMetrics$Companion              : loaded 2 times (x 70B)
Class groovy.transform.Internal                                                       : loaded 2 times (x 69B)
Class com.android.tools.lint.model.DefaultLintModelDependencies                       : loaded 2 times (x 78B)
Class groovyjarjarasm.asm.Label                                                       : loaded 2 times (x 72B)
Class com.google.common.reflect.TypeToken$1                                           : loaded 2 times (x 107B)
Class org.jetbrains.kotlin.gradle.plugin.mpp.MppSourcesJarKt$sourcesJarTask$1         : loaded 2 times (x 94B)
Class com.google.common.cache.CacheBuilder                                            : loaded 2 times (x 71B)
Class com.google.common.reflect.TypeToken$2                                           : loaded 2 times (x 107B)
Class org.objectweb.asm.ByteVector                                                    : loaded 2 times (x 78B)
Class com.google.protobuf.Message$Builder                                             : loaded 2 times (x 69B)
Class kotlin.collections.ArrayAsCollection                                            : loaded 2 times (x 104B)
Class org.jetbrains.kotlin.gradle.plugin.PropertiesProvider                           : loaded 2 times (x 72B)
Class [Lgroovy.lang.MetaMethod;                                                       : loaded 2 times (x 68B)
Class org.jetbrains.kotlin.gradle.plugin.mpp.DefaultKotlinUsageContext$PublishOnlyIf  : loaded 2 times (x 69B)
Class org.jetbrains.kotlin.gradle.targets.js.npm.NpmDependencyExtensionKt$AddNpmDependencyExtensionProjectSetupAction$1$WhenMappings: loaded 2 times (x 70B)
Class org.jetbrains.kotlin.gradle.plugin.diagnostics.checkers.UnusedSourceSetsChecker : loaded 2 times (x 73B)
Class org.codehaus.groovy.util.ManagedReference$1                                     : loaded 2 times (x 75B)
Class kotlin.jvm.internal.markers.KMutableCollection                                  : loaded 2 times (x 69B)
Class org.jetbrains.kotlin.gradle.utils.FileUtilsKt                                   : loaded 2 times (x 70B)
Class org.jetbrains.kotlin.gradle.plugin.internal.DefaultJavaExecTaskParametersCompatibility$Factory: loaded 2 times (x 75B)
Class kotlin.reflect.jvm.internal.KClassImpl$$Lambda$0                                : loaded 2 times (x 75B)
Class org.jetbrains.kotlin.gradle.tasks.configuration.KaptGenerateStubsConfig$Companion$wireJavaAndKotlinOutputs$1: loaded 2 times (x 78B)
Class org.jetbrains.kotlin.gradle.report.BuildReportType$Companion                    : loaded 2 times (x 70B)
Class com.android.resources.NavigationState                                           : loaded 2 times (x 85B)
Class com.android.ide.common.rendering.api.StyleItemResourceValue                     : loaded 2 times (x 69B)
Class org.codehaus.groovy.ast.Variable                                                : loaded 2 times (x 69B)
Class org.jetbrains.kotlin.gradle.plugin.diagnostics.TransformActionUsingKotlinToolingDiagnostics$Parameters: loaded 2 times (x 69B)
Class org.jetbrains.kotlin.gradle.plugin.ProjectLocalConfigurations$setupAttributesMatchingStrategy$1$1: loaded 2 times (x 73B)
Class com.android.resources.Navigation                                                : loaded 2 times (x 85B)
Class com.android.utils.PositionXmlParser$Position                                    : loaded 2 times (x 77B)
Class org.jetbrains.kotlin.gradle.plugin.diagnostics.KotlinToolingDiagnosticsCollector: loaded 2 times (x 75B)
Class org.jetbrains.kotlin.tooling.core.MutableExtrasImpl                             : loaded 2 times (x 164B)
Class kotlin.internal.PlatformImplementations                                         : loaded 2 times (x 75B)
Class org.jetbrains.kotlin.gradle.plugin.mpp.compilationImpl.DefaultKotlinCompilationFriendPathsResolver: loaded 2 times (x 74B)
Class groovy.lang.Reference                                                           : loaded 2 times (x 85B)
Class groovyjarjarasm.asm.Symbol                                                      : loaded 2 times (x 72B)
Class kotlin.jvm.internal.markers.KMappedMarker                                       : loaded 2 times (x 69B)
Class org.jetbrains.kotlin.gradle.tasks.KotlinCompile$ScriptFilterSpec                : loaded 2 times (x 74B)
Class org.jetbrains.kotlin.gradle.targets.js.npm.DefaultPeerNpmDependencyExtension    : loaded 2 times (x 140B)
Class org.jetbrains.kotlin.gradle.dsl.KotlinGradlePluginPublicDsl                     : loaded 2 times (x 69B)
Class com.google.common.base.Ticker                                                   : loaded 2 times (x 71B)
Class org.jetbrains.kotlin.gradle.plugin.diagnostics.DefaultProblemsReporter_Decorated: loaded 2 times (x 122B)
Class androidx.appcompat.widget.SwitchUsageCodeDetector$Companion                     : loaded 2 times (x 70B)
Class org.codehaus.groovy.vmplugin.VMPlugin                                           : loaded 2 times (x 69B)
Class org.jetbrains.kotlin.gradle.plugin.KotlinJsCompilerTypeHolder                   : loaded 2 times (x 69B)
Class org.gradle.api.internal.ClassPathProvider                                       : loaded 2 times (x 69B)
Class groovy.lang.MetaArrayLengthProperty                                             : loaded 2 times (x 76B)
Class com.google.common.base.Ascii                                                    : loaded 2 times (x 70B)
Class org.codehaus.groovy.ast.ConstructorNode                                         : loaded 2 times (x 157B)
Class org.codehaus.groovy.ast.FieldNode                                               : loaded 2 times (x 161B)
Class com.android.utils.ILogger                                                       : loaded 2 times (x 69B)
Class kotlin.time.DurationKt                                                          : loaded 2 times (x 70B)
Class org.jetbrains.kotlin.gradle.plugin.KotlinPluginLifecycle$Stage                  : loaded 2 times (x 78B)
Class org.jetbrains.kotlin.tooling.core.MutableExtrasImpl$Companion                   : loaded 2 times (x 70B)
Class org.jetbrains.kotlin.gradle.utils.StoredProperty                                : loaded 2 times (x 69B)
Class org.codehaus.groovy.reflection.stdclasses.LongCachedClass                       : loaded 2 times (x 94B)
Class kotlin.KotlinVersion$Companion                                                  : loaded 2 times (x 70B)
Class org.jetbrains.kotlin.gradle.plugin.diagnostics.checkers.OverriddenKotlinNativeHomeChecker$StdlibExistenceCheckerValueSource$Params_Decorated: loaded 2 times (x 133B)
Class [Lorg.codehaus.groovy.ast.MixinNode;                                            : loaded 2 times (x 68B)
Class org.codehaus.groovy.runtime.NumberAwareComparator                               : loaded 2 times (x 89B)
Class org.jetbrains.kotlin.gradle.plugin.mpp.compilationImpl.KotlinCompilationTaskNamesContainer: loaded 2 times (x 71B)
Class org.objectweb.asm.ModuleWriter                                                  : loaded 2 times (x 81B)
Class org.gradle.internal.classloader.ClasspathUtil$1                                 : loaded 2 times (x 75B)
Class com.android.ide.common.blame.SourcePosition                                     : loaded 2 times (x 70B)
Class org.jetbrains.kotlin.konan.target.KonanTarget$IOS_SIMULATOR_ARM64               : loaded 2 times (x 77B)
Class com.android.ide.common.rendering.api.ResourceNamespace$AaptNamespace            : loaded 2 times (x 79B)
Class org.codehaus.groovy.ast.MixinNode                                               : loaded 2 times (x 242B)
Class groovyjarjarasm.asm.ClassWriter                                                 : loaded 2 times (x 105B)
Class org.jetbrains.kotlin.gradle.tasks.CacheableTasksKt                              : loaded 2 times (x 70B)
Class org.jetbrains.kotlin.gradle.plugin.mpp.compilationImpl.factory.KotlinCompilationImplFactory$ProcessResourcesTaskNameFactory: loaded 2 times (x 69B)
Class org.jetbrains.kotlin.gradle.plugin.KotlinPluginLifecycle                        : loaded 2 times (x 69B)
Class org.jetbrains.kotlin.gradle.plugin.diagnostics.KotlinToolingDiagnostics$WasmWasiEnvironmentNotChosenExplicitly: loaded 2 times (x 72B)
Class org.jetbrains.kotlin.gradle.targets.native.internal.PlatformLibrariesGenerator$Companion: loaded 2 times (x 70B)
Class androidx.appcompat.res.ColorStateListLoadingDetector                            : loaded 2 times (x 170B)
Class org.codehaus.groovy.runtime.dgmimpl.arrays.ByteArrayGetAtMetaMethod             : loaded 2 times (x 96B)
Class groovy.lang.GString                                                             : loaded 2 times (x 120B)
Class kotlin.reflect.jvm.internal.KProperty2Impl                                      : loaded 2 times (x 127B)
Class org.jetbrains.kotlin.gradle.plugin.mpp.compilationImpl.KotlinCompilationCompilerOptionsFromTargetConfigurator: loaded 2 times (x 73B)
Class org.jetbrains.kotlin.gradle.targets.android.internal.InternalKotlinTargetPreset : loaded 2 times (x 69B)
Class org.jetbrains.kotlin.gradle.plugin.KotlinGradleBuildServices$Companion$registerIfAbsent$2$1$1: loaded 2 times (x 74B)
Class org.codehaus.groovy.util.TripleKeyHashMap                                       : loaded 2 times (x 81B)
Class groovy.util.BufferedIterator                                                    : loaded 2 times (x 69B)
Class org.jetbrains.kotlin.gradle.plugin.sources.KotlinSourceSetFactory               : loaded 2 times (x 79B)
Class groovy.lang.MetaClassRegistryChangeEvent                                        : loaded 2 times (x 78B)
Class org.codehaus.groovy.runtime.dgmimpl.arrays.DoubleArrayPutAtMetaMethod           : loaded 2 times (x 96B)
Class com.google.protobuf.AbstractParser                                              : loaded 2 times (x 149B)
Class org.jetbrains.kotlin.gradle.plugin.KotlinJvmPlugin$Companion                    : loaded 2 times (x 70B)
Class org.jetbrains.kotlin.gradle.plugin.statistics.BuildFusServiceKt                 : loaded 2 times (x 70B)
Class org.jetbrains.kotlin.gradle.tasks.configuration.BaseKotlinCompileConfig$1$jvmToolchain$1: loaded 2 times (x 73B)
Class org.jetbrains.kotlin.konan.target.KonanTarget$TVOS_SIMULATOR_ARM64              : loaded 2 times (x 77B)
Class org.codehaus.groovy.runtime.metaclass.ClosureStaticMetaMethod                   : loaded 2 times (x 101B)
Class org.jetbrains.kotlin.gradle.tasks.KotlinCompile$ClasspathSnapshotProperties_Decorated: loaded 2 times (x 136B)
Class org.jetbrains.kotlin.gradle.plugin.DefaultKotlinBasePlugin$apply$1              : loaded 2 times (x 74B)
Class org.codehaus.groovy.reflection.GroovyClassValueFactory                          : loaded 2 times (x 70B)
Class kotlin.sequences.TransformingSequence                                           : loaded 2 times (x 74B)
Class com.google.protobuf.Utf8$UnpairedSurrogateException                             : loaded 2 times (x 81B)
Class org.jetbrains.kotlin.gradle.plugin.sources.KotlinSourceSetFactory$Companion     : loaded 2 times (x 70B)
Class org.jetbrains.kotlin.gradle.plugin.internal.CustomPropertiesFileValueSource$Parameters$Inject: loaded 2 times (x 105B)
Class org.jetbrains.kotlin.gradle.plugin.diagnostics.checkers.WasmWasiEnvironmentChecker$1: loaded 2 times (x 77B)
Class org.jetbrains.kotlin.gradle.report.BuildMetricsService                          : loaded 2 times (x 85B)
Class org.codehaus.groovy.ast.expr.ListExpression                                     : loaded 2 times (x 131B)
Class kotlin.collections.CollectionsKt__MutableCollectionsJVMKt                       : loaded 2 times (x 70B)
Class org.jetbrains.kotlin.gradle.plugin.statistics.ExecutedTaskMetrics               : loaded 2 times (x 70B)
Class org.jetbrains.kotlin.gradle.plugin.diagnostics.checkers.WasmWasiEnvironmentChecker$2: loaded 2 times (x 77B)
Class com.google.protobuf.Extension                                                   : loaded 2 times (x 84B)
Class org.codehaus.groovy.reflection.v7.GroovyClassValueJava7                         : loaded 2 times (x 83B)
Class org.jetbrains.kotlin.gradle.utils.WhenPluginEnabledKt                           : loaded 2 times (x 70B)
Class groovy.lang.StringWriterIOException                                             : loaded 2 times (x 82B)
Class kotlin.collections.EmptyList                                                    : loaded 2 times (x 135B)
Class org.codehaus.groovy.reflection.CachedMethod                                     : loaded 2 times (x 111B)
Class groovy.lang.GroovyCallable                                                      : loaded 2 times (x 69B)
Class kotlin.coroutines.ContinuationKt                                                : loaded 2 times (x 70B)
Class org.jetbrains.kotlin.gradle.tasks.GradleCompileTaskProvider                     : loaded 2 times (x 71B)
Class org.jetbrains.kotlin.gradle.plugin.mpp.compilationImpl.KotlinCompilationSourceSetInclusion$Companion$includedSourceSets$2: loaded 2 times (x 77B)
Class org.jetbrains.kotlin.gradle.plugin.DefaultKotlinBasePlugin$setupAttributeMatchingStrategy$1$1: loaded 2 times (x 78B)
Class org.codehaus.groovy.ast.expr.MethodPointerExpression                            : loaded 2 times (x 130B)
Class org.jetbrains.kotlin.gradle.plugin.diagnostics.CheckKotlinGradlePluginConfigurationErrors$Companion: loaded 2 times (x 70B)
Class org.jetbrains.kotlin.gradle.plugin.DefaultKotlinBasePlugin$setupAttributeMatchingStrategy$1$2: loaded 2 times (x 78B)
Class org.jetbrains.kotlin.gradle.plugin.statistics.KotlinBuildStatsLoggerService     : loaded 2 times (x 71B)
Class com.google.protobuf.UninitializedMessageException                               : loaded 2 times (x 83B)
Class groovyjarjarasm.asm.MethodWriter                                                : loaded 2 times (x 105B)
Class com.google.common.cache.AbstractCache$StatsCounter                              : loaded 2 times (x 69B)
Class com.google.common.collect.Maps$EntryFunction$1                                  : loaded 2 times (x 90B)
Class org.jetbrains.kotlin.gradle.tasks.configuration.BaseKotlinCompileConfig$1$1     : loaded 2 times (x 74B)
Class com.google.common.collect.Maps$EntryFunction$2                                  : loaded 2 times (x 90B)
Class org.jetbrains.kotlin.gradle.targets.KotlinTargetSideEffect$Companion            : loaded 2 times (x 70B)
Class org.objectweb.asm.FieldVisitor                                                  : loaded 2 times (x 76B)
Class org.codehaus.groovy.runtime.typehandling.DefaultTypeTransformation              : loaded 2 times (x 70B)
Class org.jetbrains.kotlin.gradle.tasks.KotlinCompilationTask                         : loaded 2 times (x 69B)
Class org.jetbrains.kotlin.statistics.metrics.NumberOverridePolicy$AVERAGE            : loaded 2 times (x 84B)
Class [Lcom.android.resources.LayoutDirection;                                        : loaded 2 times (x 68B)
Class org.jetbrains.kotlin.gradle.plugin.diagnostics.checkers.DeprecatedKotlinNativeTargetsChecker$runChecks$1: loaded 2 times (x 87B)
Class com.android.tools.lint.model.DefaultLintModelDependencyGraph                    : loaded 2 times (x 77B)
Class com.google.protobuf.CodedInputStream$StreamDecoder                              : loaded 2 times (x 119B)
Class org.codehaus.groovy.ast.stmt.ContinueStatement                                  : loaded 2 times (x 110B)
Class it.unimi.dsi.fastutil.objects.ObjectCollection                                  : loaded 2 times (x 69B)
Class org.objectweb.asm.Symbol                                                        : loaded 2 times (x 72B)
Class com.android.resources.ScreenOrientation                                         : loaded 2 times (x 85B)
Class org.jetbrains.kotlin.gradle.tasks.GradleCompileTaskProviderKt                   : loaded 2 times (x 70B)
Class org.jetbrains.kotlin.gradle.tasks.KotlinJvmCompile                              : loaded 2 times (x 69B)
Class org.codehaus.groovy.runtime.dgmimpl.NumberNumberMultiply                        : loaded 2 times (x 113B)
Class it.unimi.dsi.fastutil.HashCommon                                                : loaded 2 times (x 70B)
Class [Lorg.jetbrains.kotlin.statistics.metrics.StringOverridePolicy;                 : loaded 2 times (x 68B)
Class [Lcom.android.resources.WideGamutColor;                                         : loaded 2 times (x 68B)
Class org.codehaus.groovy.runtime.memoize.EvictableCache$Action                       : loaded 2 times (x 69B)
Class kotlin.reflect.jvm.internal.CachesKt$$Lambda$0                                  : loaded 2 times (x 74B)
Class com.google.common.reflect.TypeToken                                             : loaded 2 times (x 72B)
Class com.google.common.collect.Ordering                                              : loaded 2 times (x 113B)
Class org.jetbrains.kotlin.gradle.plugin.diagnostics.checkers.CInteropInputChecker$runChecks$1: loaded 2 times (x 87B)
Class org.jetbrains.kotlin.gradle.plugin.diagnostics.KotlinToolingDiagnostics$JsLikeEnvironmentNotChosenExplicitly: loaded 2 times (x 72B)
Class kotlin.reflect.jvm.internal.ReflectProperties$Val$1                             : loaded 2 times (x 70B)
Class kotlin.reflect.jvm.internal.CachesKt$$Lambda$1                                  : loaded 2 times (x 74B)
Class org.jetbrains.kotlin.gradle.plugin.diagnostics.checkers.CInteropInputChecker$runChecks$2: loaded 2 times (x 74B)
Class com.google.common.cache.LocalCache$Strength$1                                   : loaded 2 times (x 80B)
Class kotlin.reflect.jvm.internal.CachesKt$$Lambda$2                                  : loaded 2 times (x 74B)
Class [Lcom.google.common.base.Predicate;                                             : loaded 2 times (x 68B)
Class com.google.common.collect.EmptyImmutableListMultimap                            : loaded 2 times (x 175B)
Class org.jetbrains.kotlin.gradle.targets.native.toolchain.KotlinNativeBundleBuildService: loaded 2 times (x 76B)
Class com.google.common.cache.LocalCache$Strength$2                                   : loaded 2 times (x 80B)
Class kotlin.reflect.jvm.internal.CachesKt$$Lambda$3                                  : loaded 2 times (x 74B)
Class org.jetbrains.kotlin.gradle.plugin.hierarchy.KotlinSourceSetTreeClassifierKt    : loaded 2 times (x 70B)
Class org.jetbrains.kotlin.statistics.metrics.NumericalMetrics                        : loaded 2 times (x 79B)
Class com.google.common.cache.LocalCache$Strength$3                                   : loaded 2 times (x 80B)
Class org.gradle.internal.classloader.ClassLoaderFactory                              : loaded 2 times (x 69B)
Class kotlin.reflect.jvm.internal.CachesKt$$Lambda$4                                  : loaded 2 times (x 74B)
Class com.google.protobuf.Internal                                                    : loaded 2 times (x 70B)
Class org.codehaus.groovy.runtime.dgmimpl.arrays.FloatArrayGetAtMetaMethod            : loaded 2 times (x 96B)
Class it.unimi.dsi.fastutil.ints.AbstractIntCollection                                : loaded 2 times (x 184B)
Class [Lkotlin.reflect.jvm.internal.impl.name.FqName;                                 : loaded 2 times (x 68B)
Class org.jetbrains.kotlin.gradle.plugin.abi.JvmOrAndroidKt                           : loaded 2 times (x 70B)
Class org.jetbrains.kotlin.gradle.utils.ProviderApiUtilsKt$mapOrNull$1                : loaded 2 times (x 74B)
Class com.google.protobuf.Utf8$Processor                                              : loaded 2 times (x 76B)
Class org.codehaus.groovy.ast.ClassHelper                                             : loaded 2 times (x 70B)
Class groovy.lang.MetaProperty                                                        : loaded 2 times (x 76B)
Class kotlin.io.LinesSequence$iterator$1                                              : loaded 2 times (x 78B)
Class org.jetbrains.kotlin.gradle.tasks.abi.AbiToolsTask                              : loaded 2 times (x 320B)
Class org.jetbrains.kotlin.gradle.plugin.mpp.compilationImpl.KotlinCreateCompilationArchiveTaskKt$KotlinCreateCompilationArchivesTask$1: loaded 2 times (x 73B)
Class groovy.lang.MissingFieldException                                               : loaded 2 times (x 88B)
Class com.google.common.base.Absent                                                   : loaded 2 times (x 79B)
Class org.jetbrains.kotlin.gradle.plugin.diagnostics.DefaultProblemsReporter$Factory  : loaded 2 times (x 75B)
Class com.android.tools.lint.model.LintModelSerialization$LintModelSerializationAdapter: loaded 2 times (x 69B)
Class kotlin.jvm.internal.FunctionReference                                           : loaded 2 times (x 121B)
Class org.jetbrains.kotlin.gradle.targets.CreateNonPackedKlibVariantsSideEffectKt$CreateNonPackedKlibVariantsSideEffect$1: loaded 2 times (x 73B)
Class org.jetbrains.kotlin.gradle.utils.Future                                        : loaded 2 times (x 69B)
Class org.jetbrains.kotlin.gradle.plugin.mpp.compilationImpl.KotlinCompilationSourceSetInclusion$include$1: loaded 2 times (x 78B)
Class org.jetbrains.kotlin.gradle.utils.WhenEvaluatedKt$whenEvaluated$3               : loaded 2 times (x 78B)
Class com.google.common.util.concurrent.Uninterruptibles                              : loaded 2 times (x 70B)
Class kotlin.coroutines.EmptyCoroutineContext                                         : loaded 2 times (x 76B)
Class org.jetbrains.kotlin.gradle.utils.WhenEvaluatedKt$whenEvaluated$4               : loaded 2 times (x 74B)
Class org.codehaus.groovy.util.ManagedConcurrentMap$Segment                           : loaded 2 times (x 84B)
Class org.codehaus.groovy.reflection.CachedClass$CachedMethodComparatorWithString     : loaded 2 times (x 89B)
Class kotlin.reflect.jvm.internal.impl.name.StandardClassIdsKt                        : loaded 2 times (x 70B)
Class com.android.tools.lint.model.LintModelMavenName                                 : loaded 2 times (x 69B)
Class kotlin.time.DurationJvmKt                                                       : loaded 2 times (x 70B)
Class org.gradle.api.internal.classpath.ManifestUtil                                  : loaded 2 times (x 70B)
Class org.gradle.api.specs.Spec                                                       : loaded 2 times (x 69B)
Class org.codehaus.groovy.ast.stmt.DoWhileStatement                                   : loaded 2 times (x 117B)
Class org.jetbrains.kotlin.gradle.plugin.statistics.BuildFinishBuildService$Parameters$Inject: loaded 2 times (x 111B)
Class org.jetbrains.kotlin.utils.KotlinExceptionWithAttachments                       : loaded 2 times (x 93B)
Class [Lorg.jetbrains.kotlin.gradle.targets.js.npm.NpmDependency$Scope;               : loaded 2 times (x 68B)
Class org.jetbrains.kotlin.gradle.targets.CreateDefaultCompilationsSideEffectKt$CreateDefaultCompilationsSideEffect$1: loaded 2 times (x 73B)
Class kotlin.jvm.internal.Intrinsics                                                  : loaded 2 times (x 70B)
Class org.jetbrains.kotlin.gradle.plugin.VariantImplementationFactories$Inject        : loaded 2 times (x 105B)
Class com.google.common.cache.CacheLoader$UnsupportedLoadingOperationException        : loaded 2 times (x 81B)
Class androidx.appcompat.widget.SwitchUsageCodeDetector                               : loaded 2 times (x 171B)
Class com.google.gson.JsonIOException                                                 : loaded 2 times (x 81B)
Class org.codehaus.groovy.runtime.metaclass.DefaultMetaClassInfo$ConstantMetaClassVersioning: loaded 2 times (x 71B)
Class org.jetbrains.kotlin.gradle.dsl.DefaultToolchainSupport$wireToolchainToTasks$1  : loaded 2 times (x 74B)
Class org.jetbrains.kotlin.gradle.plugin.diagnostics.DiagnosticGroup$Kgp              : loaded 2 times (x 81B)
Class org.jetbrains.kotlin.gradle.internal.properties.PropertiesBuildService$IntGradleProperty: loaded 2 times (x 75B)
Class kotlin.jvm.internal.ReflectionFactory                                           : loaded 2 times (x 90B)
Class build_2oxvnf7ia8644kjcvqhcscl0w$_run_closure1$_closure2                         : loaded 2 times (x 138B)
Class groovy.grape.GrapeEngine                                                        : loaded 2 times (x 69B)
Class kotlin.reflect.jvm.internal.impl.name.SpecialNames                              : loaded 2 times (x 70B)
Class org.jetbrains.kotlin.gradle.plugin.mpp.KotlinUsages$KotlinUsagesDisambiguation  : loaded 2 times (x 75B)
Class org.jetbrains.kotlin.gradle.utils.ProviderApiUtilsKt                            : loaded 2 times (x 70B)
Class com.google.common.util.concurrent.ListenableFuture                              : loaded 2 times (x 69B)
Class groovyjarjarasm.asm.RecordComponentWriter                                       : loaded 2 times (x 77B)
Class org.codehaus.groovy.runtime.m12n.ExtensionModuleScanner                         : loaded 2 times (x 73B)
Class org.codehaus.groovy.runtime.MetaClassHelper                                     : loaded 2 times (x 70B)
Class org.jetbrains.kotlin.gradle.tooling.BuildKotlinToolingMetadataTaskKt$RegisterBuildKotlinToolingMetadataTask$1: loaded 2 times (x 73B)
Class org.codehaus.groovy.classgen.asm.BytecodeHelper                                 : loaded 2 times (x 70B)
Class kotlin.jvm.internal.Ref$ObjectRef                                               : loaded 2 times (x 71B)
Class org.jetbrains.kotlin.tooling.core.ExtrasLazyProperty                            : loaded 2 times (x 69B)
Class it.unimi.dsi.fastutil.objects.AbstractObject2IntMap                             : loaded 2 times (x 238B)
Class build_521x8zikabm98quf14kdiuvk                                                  : loaded 2 times (x 179B)
Class com.google.protobuf.AbstractMessageLite$Builder                                 : loaded 2 times (x 125B)
Class it.unimi.dsi.fastutil.objects.Object2IntMap                                     : loaded 2 times (x 69B)
Class kotlin.jvm.internal.ArrayIterator                                               : loaded 2 times (x 78B)
Class kotlin.text.StringsKt___StringsJvmKt                                            : loaded 2 times (x 70B)
Class org.jetbrains.kotlin.build.report.metrics.BuildMetricsReporter                  : loaded 2 times (x 69B)
Class groovy.lang.ClosureInvokingMethod                                               : loaded 2 times (x 69B)
Class org.jetbrains.kotlin.gradle.plugin.KotlinCompilationInfo$TCS                    : loaded 2 times (x 88B)
Class org.jetbrains.kotlin.gradle.internal.abi.AbiValidationExtensionImpl_Decorated   : loaded 2 times (x 140B)
Class org.jetbrains.kotlin.gradle.plugin.KotlinGradlePluginExtensionPointInternalKt   : loaded 2 times (x 70B)
Class org.jetbrains.kotlin.gradle.plugin.internal.MavenPublicationComponentAccessor   : loaded 2 times (x 69B)
Class build_a17zssowby5u5y11ddl9usckl                                                 : loaded 2 times (x 180B)
Class org.jetbrains.kotlin.gradle.plugin.statistics.BuildFinishBuildService$Parameters: loaded 2 times (x 69B)
Class [Lorg.jetbrains.kotlin.gradle.plugin.mpp.compilationImpl.factory.KotlinCompilationImplFactory$PostConfigure;: loaded 2 times (x 68B)
Class org.jetbrains.kotlin.gradle.targets.native.internal.SetupKotlinNativePlatformDependenciesAndStdlibKt: loaded 2 times (x 70B)
Class org.jetbrains.kotlin.gradle.plugin.mpp.KotlinTargetSoftwareComponentImplKt$KotlinTargetSoftwareComponent$1$1$1: loaded 2 times (x 74B)
Class org.jetbrains.kotlin.konan.target.KonanTarget$TVOS_X64                          : loaded 2 times (x 77B)
Class org.jetbrains.kotlin.gradle.artifacts.KotlinMetadataArtifactKt                  : loaded 2 times (x 70B)
Class kotlin.collections.builders.ListBuilder$Companion                               : loaded 2 times (x 70B)
Class kotlin.coroutines.jvm.internal.ContinuationImpl                                 : loaded 2 times (x 86B)
Class com.google.common.collect.BaseImmutableMultimap                                 : loaded 2 times (x 122B)
Class org.jetbrains.kotlin.gradle.utils.KotlinExtensionUtilsKt                        : loaded 2 times (x 70B)
Class org.jetbrains.kotlin.konan.target.UtilsKt$evaluatePresetName$1                  : loaded 2 times (x 77B)
Class org.jetbrains.kotlin.gradle.plugin.diagnostics.CheckKotlinGradlePluginConfigurationErrorsKt$locateOrRegisterCheckKotlinGradlePluginErrorsTask$taskProvider$1$2: loaded 2 times (x 74B)
Class org.jetbrains.kotlin.gradle.plugin.mpp.compilationImpl.factory.KotlinCompilationDependencyConfigurationsFactoriesKt: loaded 2 times (x 70B)
Class org.jetbrains.kotlin.gradle.internal.properties.NativePropertiesLoader$forceDisableRunningInProcess$1: loaded 2 times (x 74B)
Class kotlin.ranges.OpenEndRange                                                      : loaded 2 times (x 69B)
Class org.jetbrains.kotlin.gradle.plugin.diagnostics.CheckKotlinGradlePluginConfigurationErrorsKt$locateOrRegisterCheckKotlinGradlePluginErrorsTask$taskProvider$1$3: loaded 2 times (x 74B)
Class org.jetbrains.kotlin.gradle.internal.build.SourcesUtilsKt                       : loaded 2 times (x 70B)
Class org.jetbrains.kotlin.gradle.utils.SingleAction                                  : loaded 2 times (x 72B)
Class com.google.common.collect.Iterators$6                                           : loaded 2 times (x 80B)
Class org.jetbrains.kotlin.gradle.plugin.diagnostics.CheckKotlinGradlePluginConfigurationErrorsKt$locateOrRegisterCheckKotlinGradlePluginErrorsTask$taskProvider$1$4: loaded 2 times (x 73B)
Class org.jetbrains.kotlin.gradle.plugin.diagnostics.CheckKotlinGradlePluginConfigurationErrorsKt$locateOrRegisterCheckKotlinGradlePluginErrorsTask$taskProvider$1$5: loaded 2 times (x 73B)
Class org.jetbrains.kotlin.gradle.tasks.KotlinCompilerPluginData                      : loaded 2 times (x 71B)
Class org.jetbrains.kotlin.gradle.plugin.attributes.KlibPackaging$Companion           : loaded 2 times (x 70B)
Class org.jetbrains.kotlin.gradle.plugin.statistics.KotlinBuildStatsServicesRegistry  : loaded 2 times (x 77B)
Class com.google.protobuf.Parser                                                      : loaded 2 times (x 69B)
Class build_c6vvr91uitvku2u1mhgvzgrov                                                 : loaded 2 times (x 179B)
Class org.jetbrains.kotlin.statistics.metrics.OverrideMetricContainer                 : loaded 2 times (x 79B)
Class org.jetbrains.kotlin.gradle.plugin.diagnostics.UsesKotlinToolingDiagnosticsParameters: loaded 2 times (x 69B)
Class com.android.ide.common.rendering.api.StyleResourceValue                         : loaded 2 times (x 69B)
Class [Lcom.android.ide.common.gradle.Separator;                                      : loaded 2 times (x 68B)
Class org.jetbrains.kotlin.gradle.plugin.internal.DefaultCompatibilityConventionRegistrar: loaded 2 times (x 73B)
Class org.codehaus.groovy.ast.PackageNode                                             : loaded 2 times (x 122B)
Class kotlin.reflect.full.IllegalPropertyDelegateAccessException                      : loaded 2 times (x 81B)
Class [Lkotlin.reflect.KClassifier;                                                   : loaded 2 times (x 68B)
Class com.google.protobuf.GeneratedMessageV3$1                                        : loaded 2 times (x 77B)
Class kotlin.coroutines.CoroutineContext                                              : loaded 2 times (x 69B)
Class org.jetbrains.kotlin.gradle.plugin.mpp.KotlinUsageContext$MavenScope            : loaded 2 times (x 78B)
Class org.jetbrains.kotlin.gradle.tasks.KotlinCompile$disableMultiModuleIC$2$1        : loaded 2 times (x 74B)
Class org.jetbrains.kotlin.gradle.tasks.KotlinCompile$defaultKotlinJavaToolchain$1    : loaded 2 times (x 78B)
Class [Lkotlin.reflect.KClass;                                                        : loaded 2 times (x 68B)
Class org.jetbrains.kotlin.gradle.utils.ConfigurationsKt$createResolvable$1           : loaded 2 times (x 77B)
Class org.jetbrains.kotlin.gradle.plugin.statistics.KotlinBuildStatsServicesRegistry$Companion: loaded 2 times (x 70B)
Class kotlin.jvm.internal.Reflection                                                  : loaded 2 times (x 70B)
Class org.jetbrains.kotlin.gradle.plugin.KotlinProjectSetupAction$Companion           : loaded 2 times (x 70B)
Class org.codehaus.groovy.reflection.stdclasses.CachedSAMClass                        : loaded 2 times (x 94B)
Class org.jetbrains.kotlin.cli.common.messages.MessageCollector$Companion$NONE$1      : loaded 2 times (x 75B)
Class build_bra2k47db8hxgotmple1u6nta                                                 : loaded 2 times (x 179B)
Class org.jetbrains.kotlin.gradle.plugin.mpp.compilationImpl.DefaultKotlinCompilationSourceSetsContainer$source$1: loaded 2 times (x 78B)
Class org.jetbrains.kotlin.gradle.plugin.sources.FragmentConsistencyChecks$optInAnnotationsCheck$1: loaded 2 times (x 78B)
Class org.jetbrains.kotlin.gradle.plugin.KotlinCompilation                            : loaded 2 times (x 69B)
Class org.jetbrains.kotlin.gradle.plugin.statistics.FusUtilKt                         : loaded 2 times (x 70B)
Class org.gradle.internal.IoActions                                                   : loaded 2 times (x 70B)
Class org.jetbrains.kotlin.gradle.plugin.sources.FragmentConsistencyChecks$optInAnnotationsCheck$2: loaded 2 times (x 77B)
Class org.jetbrains.kotlin.gradle.plugin.diagnostics.checkers.KotlinTargetAlreadyDeclaredChecker: loaded 2 times (x 73B)
Class org.jetbrains.kotlin.gradle.dsl.KotlinCompile                                   : loaded 2 times (x 69B)
Class org.jetbrains.kotlin.gradle.artifacts.KotlinNativeHostSpecificMetadataArtifactKt: loaded 2 times (x 70B)
Class org.codehaus.groovy.ast.expr.TernaryExpression                                  : loaded 2 times (x 129B)
Class com.google.common.collect.AllEqualOrdering                                      : loaded 2 times (x 113B)
Class org.jetbrains.kotlin.gradle.plugin.diagnostics.KotlinToolingDiagnosticsCollector$Parameter$Inject: loaded 2 times (x 105B)
Class org.jetbrains.kotlin.gradle.plugin.mpp.apple.swiftexport.internal.SwiftExportInitKt$maybeCreateSwiftExportClasspathDependenciesConfiguration$1$1: loaded 2 times (x 74B)
Class com.google.protobuf.UnsafeUtil$JvmMemoryAccessor                                : loaded 2 times (x 90B)
Class org.codehaus.groovy.ast.tools.GeneralUtils                                      : loaded 2 times (x 70B)
Class kotlin.text.MatchResult$Destructured                                            : loaded 2 times (x 71B)
Class kotlin.text.MatchResult$DefaultImpls                                            : loaded 2 times (x 70B)
Class org.jetbrains.kotlin.gradle.targets.native.toolchain.KotlinNativeBundleBuildService$Companion$registerIfAbsent$2$1$1: loaded 2 times (x 74B)
Class org.jetbrains.kotlin.gradle.plugin.VariantImplementationFactories$Companion$getProvider$1: loaded 2 times (x 74B)
Class com.android.tools.lint.model.PathVariables$Companion                            : loaded 2 times (x 70B)
Class com.google.common.collect.ComparatorOrdering                                    : loaded 2 times (x 114B)
Class org.jetbrains.kotlin.gradle.plugin.mpp.apple.swiftexport.internal.SwiftExportInitKt: loaded 2 times (x 70B)
Class com.android.resources.ResourceFolderType                                        : loaded 2 times (x 78B)
Class org.jetbrains.kotlin.gradle.plugin.diagnostics.ToolingDiagnosticRenderingOptionsKt$isAttachedToTerminal$1: loaded 2 times (x 73B)
Class org.jetbrains.kotlin.gradle.plugin.mpp.DecoratedKotlinCompilation               : loaded 2 times (x 190B)
Class [Lorg.jetbrains.kotlin.build.report.metrics.BuildTime;                          : loaded 2 times (x 68B)
Class org.jetbrains.kotlin.gradle.targets.js.ir.KotlinJsIrTarget                      : loaded 2 times (x 253B)
Class org.jetbrains.kotlin.gradle.plugin.diagnostics.ToolingDiagnosticRenderingOptionsKt$isAttachedToTerminal$2: loaded 2 times (x 73B)
Class org.jetbrains.kotlin.statistics.metrics.BooleanOverridePolicy$OR                : loaded 2 times (x 84B)
Class kotlin.collections.ArrayDeque                                                   : loaded 2 times (x 168B)
Class org.jetbrains.kotlin.gradle.plugin.mpp.compilationImpl.DefaultKotlinCompilationSourceSetsContainer$allKotlinSourceSetsImpl$1$1: loaded 2 times (x 79B)
Class org.jetbrains.kotlin.gradle.plugin.diagnostics.checkers.DeprecatedKotlinNativeTargetsChecker: loaded 2 times (x 73B)
Class org.jetbrains.kotlin.gradle.artifacts.KotlinTargetArtifact                      : loaded 2 times (x 69B)
Class groovy.lang.GroovyInterceptable                                                 : loaded 2 times (x 69B)
Class kotlin.reflect.jvm.internal.impl.builtins.functions.FunctionTypeKind$KFunction  : loaded 2 times (x 71B)
Class com.android.sdklib.IAndroidTarget                                               : loaded 2 times (x 69B)
Class org.jetbrains.kotlin.gradle.internal.transforms.BuildToolsApiClasspathEntrySnapshotTransform$Parameters_Decorated: loaded 2 times (x 156B)
Class com.google.common.cache.ReferenceEntry                                          : loaded 2 times (x 69B)
Class org.jetbrains.kotlin.gradle.plugin.diagnostics.checkers.JsLikeEnvironmentChecker$runChecks$1: loaded 2 times (x 87B)
Class kotlin.reflect.jvm.internal.impl.name.FqName                                    : loaded 2 times (x 71B)
Class [Lorg.jetbrains.kotlin.statistics.metrics.BooleanOverridePolicy;                : loaded 2 times (x 68B)
Class kotlin.jvm.internal.PropertyReference1Impl                                      : loaded 2 times (x 126B)
Class kotlin.sequences.SequencesKt                                                    : loaded 2 times (x 70B)
Class [Lcom.google.common.base.Function;                                              : loaded 2 times (x 68B)
Class com.google.common.collect.LexicographicalOrdering                               : loaded 2 times (x 114B)
Class org.jetbrains.kotlin.gradle.plugin.cocoapods.KotlinCocoapodsPlugin              : loaded 2 times (x 75B)
Class org.codehaus.groovy.reflection.GroovyClassValue$ComputeValue                    : loaded 2 times (x 69B)
Class kotlin.io.TextStreamsKt                                                         : loaded 2 times (x 70B)
Class org.jetbrains.kotlin.gradle.internal.report.BuildScanApi                        : loaded 2 times (x 69B)
Class kotlin.collections.EmptyIterator                                                : loaded 2 times (x 88B)
Class org.jetbrains.kotlin.gradle.plugin.diagnostics.checkers.KotlinSourceSetTreeDependsOnMismatchChecker$runChecks$1: loaded 2 times (x 87B)
Class [Lorg.jetbrains.kotlin.statistics.metrics.IMetricContainerFactory;              : loaded 2 times (x 68B)
Class org.codehaus.groovy.reflection.stdclasses.BooleanCachedClass                    : loaded 2 times (x 94B)
Class org.jetbrains.kotlin.gradle.plugin.sources.DefaultLanguageSettingsBuilder$freeCompilerArgsProvider$1: loaded 2 times (x 94B)
Class org.jetbrains.kotlin.gradle.plugin.diagnostics.KotlinToolingDiagnosticsCollectorKt$kotlinToolingDiagnosticsCollectorProvider$1: loaded 2 times (x 74B)
Class org.jetbrains.kotlin.gradle.plugin.VariantImplementationFactories$Parameters$Inject: loaded 2 times (x 105B)
Class groovy.lang.ReadOnlyPropertyException                                           : loaded 2 times (x 88B)
Class com.android.resources.WideGamutColor                                            : loaded 2 times (x 85B)
Class org.jetbrains.kotlin.gradle.internal.Kapt3GradleSubplugin$Kapt3SubpluginContext : loaded 2 times (x 71B)
Class org.jetbrains.kotlin.gradle.internal.properties.NativePropertiesKt              : loaded 2 times (x 70B)
Class org.jetbrains.kotlin.gradle.targets.CreateNonPackedKlibVariantsSideEffectKt     : loaded 2 times (x 70B)
Class org.jetbrains.kotlin.gradle.utils.GradleAttributesContainerUtilsKt$copyAttributeTo$1: loaded 2 times (x 78B)
Class [Lorg.jetbrains.kotlin.build.report.metrics.ValueType;                          : loaded 2 times (x 68B)
Class [Lgroovyjarjarasm.asm.SymbolTable$Entry;                                        : loaded 2 times (x 68B)
Class com.android.ide.common.resources.configuration.LocaleQualifier                  : loaded 2 times (x 88B)
Class kotlin.jvm.internal.FunctionReferenceImpl                                       : loaded 2 times (x 121B)
Class org.jetbrains.kotlin.gradle.utils.FutureImpl                                    : loaded 2 times (x 79B)
Class kotlin.comparisons.ComparisonsKt___ComparisonsJvmKt                             : loaded 2 times (x 70B)
Class com.google.common.collect.ImmutableMultimap$Builder                             : loaded 2 times (x 85B)
Class org.codehaus.groovy.reflection.AccessPermissionChecker                          : loaded 2 times (x 70B)
Class org.codehaus.groovy.runtime.metaclass.MissingMethodExecutionFailed              : loaded 2 times (x 91B)
Class org.jetbrains.kotlin.konan.target.UtilsKt                                       : loaded 2 times (x 70B)
Class org.jetbrains.kotlin.statistics.metrics.NumberAnonymizationPolicy$RANDOM_10_PERCENT: loaded 2 times (x 84B)
Class org.jetbrains.kotlin.gradle.plugin.KotlinPluginLifecycleKt$kotlinPluginLifecycle$2: loaded 2 times (x 77B)
Class com.google.protobuf.ExtensionRegistry                                           : loaded 2 times (x 86B)
Class com.android.ide.common.gradle.DEV                                               : loaded 2 times (x 76B)
Class org.jetbrains.kotlin.gradle.plugin.diagnostics.checkers.OverriddenKotlinNativeHomeChecker$allKonanMainSubdirectoriesExist$1: loaded 2 times (x 74B)
Class com.android.resources.ScreenSize                                                : loaded 2 times (x 85B)
Class com.android.tools.lint.model.DefaultLintModelSourceProvider                     : loaded 2 times (x 83B)
Class com.android.sdklib.AndroidApiLevel                                              : loaded 2 times (x 73B)
Class org.jetbrains.kotlin.compilerRunner.KotlinCompilerArgumentsLogLevel             : loaded 2 times (x 78B)
Class org.jetbrains.kotlin.gradle.targets.native.internal.CInteropConfigurationsKt    : loaded 2 times (x 70B)
Class org.jetbrains.kotlin.build.report.metrics.GradleBuildTime$Companion             : loaded 2 times (x 70B)
Class com.android.prefs.AbstractAndroidLocations$Companion                            : loaded 2 times (x 70B)
Class org.codehaus.groovy.runtime.callsite.ClassMetaClassGetPropertySite              : loaded 2 times (x 145B)
Class kotlin.internal.jdk7.JDK7PlatformImplementations                                : loaded 2 times (x 75B)
Class org.jetbrains.kotlin.gradle.targets.native.KonanPropertiesBuildService$Parameters_Decorated: loaded 2 times (x 133B)
Class build_4mn653fhhlcbdg3n01kd7s16s                                                 : loaded 2 times (x 179B)
Class org.jetbrains.kotlin.gradle.plugin.BuildEventsListenerRegistryHolder            : loaded 2 times (x 71B)
Class org.codehaus.groovy.ast.expr.BinaryExpression                                   : loaded 2 times (x 133B)
Class groovy.lang.MetaMethod                                                          : loaded 2 times (x 95B)
Class org.jetbrains.kotlin.gradle.plugin.diagnostics.KotlinToolingDiagnosticsCollector$Parameter_Decorated: loaded 2 times (x 133B)
Class kotlin.reflect.KType                                                            : loaded 2 times (x 69B)
Class org.jetbrains.kotlin.gradle.tasks.TasksProviderKt$sam$org_gradle_api_Action$0   : loaded 2 times (x 74B)
Class org.gradle.api.internal.classpath.EffectiveClassPath                            : loaded 2 times (x 89B)
Class groovy.lang.Tuple                                                               : loaded 2 times (x 167B)
Class org.codehaus.groovy.runtime.dgmimpl.arrays.ObjectArrayPutAtMetaMethod           : loaded 2 times (x 96B)
Class kotlin.time.Duration                                                            : loaded 2 times (x 73B)
Class org.jetbrains.kotlin.gradle.tasks.DefaultKotlinJavaToolchain$DefaultJavaToolchainSetter: loaded 2 times (x 74B)
Class build_b6od53d3lxqiy7ioifuzvicfk$_run_closure1                                   : loaded 2 times (x 138B)
Class org.jetbrains.kotlin.gradle.plugin.KotlinJvmFactory                             : loaded 2 times (x 69B)
Class org.jetbrains.kotlin.gradle.tasks.configuration.AbstractKotlinCompileConfig$getClasspathSnapshotDir$1: loaded 2 times (x 73B)
Class org.jetbrains.kotlin.konan.target.HostManager$Companion$targetAliases$2         : loaded 2 times (x 77B)
Class org.jetbrains.kotlin.gradle.internal.properties.PropertiesBuildServiceKt        : loaded 2 times (x 70B)
Class org.jetbrains.kotlin.gradle.plugin.internal.DefaultConfigurationCacheStartParameterAccessor: loaded 2 times (x 76B)
Class org.codehaus.groovy.reflection.GeneratedMetaMethod$DgmMethodRecord              : loaded 2 times (x 71B)
Class kotlin.jvm.internal.DefaultConstructorMarker                                    : loaded 2 times (x 70B)
Class com.android.utils.StdLogger                                                     : loaded 2 times (x 85B)
Class build_4mn653fhhlcbdg3n01kd7s16s$_run_closure1                                   : loaded 2 times (x 138B)
Class org.jetbrains.kotlin.gradle.targets.js.npm.DefaultNpmDependencyExtension        : loaded 2 times (x 151B)
Class org.jetbrains.kotlin.gradle.targets.native.KonanPropertiesBuildService$Companion: loaded 2 times (x 70B)
Class [Lkotlin.reflect.jvm.internal.impl.builtins.jvm.JavaToKotlinClassMap$PlatformMutabilityMapping;: loaded 2 times (x 68B)
Class kotlin.text.MatchGroupCollection                                                : loaded 2 times (x 69B)
Class org.jetbrains.kotlin.gradle.tasks.KotlinCompile$scriptSources$1                 : loaded 2 times (x 74B)
Class org.jetbrains.kotlin.gradle.plugin.mpp.compilationImpl.KotlinCompilationProcessorSideEffectKt: loaded 2 times (x 70B)
Class org.jetbrains.kotlin.build.report.metrics.BuildPerformanceMetric                : loaded 2 times (x 69B)
Class com.google.common.cache.CacheLoader$FunctionToCacheLoader                       : loaded 2 times (x 74B)
Class com.google.common.cache.CacheBuilder$1                                          : loaded 2 times (x 84B)
Class org.jetbrains.kotlin.gradle.plugin.mpp.KotlinCompilationFactory$DefaultImpls    : loaded 2 times (x 70B)
Class org.jetbrains.kotlin.statistics.metrics.BooleanMetrics$Companion                : loaded 2 times (x 70B)
Class com.google.common.cache.CacheBuilder$2                                          : loaded 2 times (x 78B)
Class [Lcom.google.gson.Strictness;                                                   : loaded 2 times (x 68B)
Class com.android.ide.common.resources.configuration.GrammaticalGenderQualifier       : loaded 2 times (x 90B)
Class com.google.common.cache.CacheBuilder$3                                          : loaded 2 times (x 71B)
Class org.codehaus.groovy.util.URLStreams                                             : loaded 2 times (x 70B)
Class groovy.lang.MetaClassRegistry                                                   : loaded 2 times (x 69B)
Class org.jetbrains.kotlin.gradle.plugin.statistics.NonSynchronizedMetricsContainer$MetricDescriptor: loaded 2 times (x 74B)
Class com.google.common.io.CharStreams                                                : loaded 2 times (x 70B)
Class org.jetbrains.kotlin.gradle.utils.GradleAttributesContainerUtilsKt              : loaded 2 times (x 70B)
Class org.jetbrains.kotlin.gradle.targets.js.dsl.KotlinWasmJsTargetDsl                : loaded 2 times (x 69B)
Class org.codehaus.groovy.runtime.dgmimpl.arrays.ShortArrayPutAtMetaMethod            : loaded 2 times (x 96B)
Class org.codehaus.groovy.reflection.ClassInfo$LazyCachedClassRef                     : loaded 2 times (x 81B)
Class org.apache.groovy.util.SystemUtil                                               : loaded 2 times (x 70B)
Class kotlin.reflect.jvm.internal.KClassImpl                                          : loaded 2 times (x 114B)
Class com.google.common.base.Predicates$CompositionPredicate                          : loaded 2 times (x 87B)
Class org.jetbrains.kotlin.gradle.tasks.KotlinCompile$disableMultiModuleIC$2          : loaded 2 times (x 78B)
Class org.jetbrains.kotlin.gradle.tasks.DefaultKotlinJavaToolchain$currentJvmJdkToolsJar$1: loaded 2 times (x 73B)
Class [Lcom.google.common.cache.RemovalListener;                                      : loaded 2 times (x 68B)
Class org.jetbrains.kotlin.gradle.plugin.KotlinTargetConfiguratorKt$WhenMappings      : loaded 2 times (x 70B)
Class org.jetbrains.kotlin.gradle.incremental.IncrementalModuleInfoProvider           : loaded 2 times (x 69B)
Class com.google.protobuf.FieldSet$FieldDescriptorLite                                : loaded 2 times (x 69B)
Class org.codehaus.groovy.runtime.DefaultGroovyMethodsSupport                         : loaded 2 times (x 70B)
Class [Lkotlin.reflect.KDeclarationContainer;                                         : loaded 2 times (x 68B)
Class kotlin.reflect.jvm.internal.KProperty1Impl                                      : loaded 2 times (x 127B)
Class kotlin.LazyKt__LazyJVMKt$WhenMappings                                           : loaded 2 times (x 70B)
Class org.jetbrains.kotlin.gradle.tasks.publishing.HelpersKt$addPomValidationHelpers$1: loaded 2 times (x 74B)
Class org.jetbrains.kotlin.cli.common.messages.GradleStyleMessageRenderer             : loaded 2 times (x 77B)
Class org.jetbrains.kotlin.gradle.internal.properties.PropertiesBuildService$property$1$valueFromGradleAndLocalProperties$1: loaded 2 times (x 74B)
Class kotlin.jvm.internal.ClassBasedDeclarationContainer                              : loaded 2 times (x 69B)
Class org.codehaus.groovy.runtime.dgmimpl.arrays.IntegerArrayGetAtMetaMethod          : loaded 2 times (x 96B)
Class com.google.common.collect.MapMakerInternalMap$Strength$1                        : loaded 2 times (x 79B)
Class Native_plugin_loader_gradle$NativePluginLoader$Companion                        : loaded 2 times (x 70B)
Class org.jetbrains.kotlin.build.report.metrics.BuildTimes$Companion                  : loaded 2 times (x 70B)
Class org.jetbrains.kotlin.gradle.plugin.mpp.KotlinCompilationsKt                     : loaded 2 times (x 70B)
Class org.gradle.internal.installation.CurrentGradleInstallation                      : loaded 2 times (x 72B)
Class com.google.common.collect.MapMakerInternalMap$Strength$2                        : loaded 2 times (x 79B)
Class org.jetbrains.kotlin.gradle.plugin.sources.FragmentConsistencyChecks$languageVersionCheck$1: loaded 2 times (x 78B)
Class kotlin.Metadata                                                                 : loaded 2 times (x 69B)
Class [Lorg.jetbrains.kotlin.konan.target.Architecture;                               : loaded 2 times (x 68B)
Class org.jetbrains.kotlin.gradle.plugin.sources.FragmentConsistencyChecks$languageVersionCheck$2: loaded 2 times (x 77B)
Class org.jetbrains.kotlin.gradle.internal.diagnostics.GradleCompatibilityCheck$DefaultCurrentGradleVersionProvider: loaded 2 times (x 73B)
Class org.gradle.internal.installation.CurrentGradleInstallationLocator               : loaded 2 times (x 70B)
Class kotlin.collections.CollectionsKt__IteratorsJVMKt                                : loaded 2 times (x 70B)
Class [Lcom.google.common.cache.LocalCache$Segment;                                   : loaded 2 times (x 68B)
Class org.gradle.api.internal.classpath.Module                                        : loaded 2 times (x 69B)
Class com.android.ide.common.resources.configuration.EnumBasedResourceQualifier       : loaded 2 times (x 88B)
Class com.android.resources.LayoutDirection                                           : loaded 2 times (x 85B)
Class com.android.tools.lint.model.LintModelSerialization$LintModelSerializationFileAdapter: loaded 2 times (x 88B)
Class org.jetbrains.kotlin.gradle.plugin.KotlinGradlePluginExtensionPointInternal$registeredExtensions$2: loaded 2 times (x 77B)
Class com.google.protobuf.Internal$IntList                                            : loaded 2 times (x 69B)
Class com.google.common.collect.Multimaps$CustomSetMultimap                           : loaded 2 times (x 177B)
Class org.jetbrains.kotlin.gradle.plugin.abi.AbiValidationTaskSet                     : loaded 2 times (x 71B)
Class org.codehaus.groovy.runtime.GeneratedClosure                                    : loaded 2 times (x 69B)
Class kotlin.reflect.KProperty                                                        : loaded 2 times (x 69B)
Class kotlin.sequences.FilteringSequence                                              : loaded 2 times (x 74B)
Class com.android.tools.lint.model.DefaultLintModelAndroidLibrary                     : loaded 2 times (x 110B)
Class kotlin.annotation.Target                                                        : loaded 2 times (x 69B)
Class com.android.tools.lint.model.DefaultLintModelJavaLibrary                        : loaded 2 times (x 102B)
Class com.google.common.base.Splitter$1$1                                             : loaded 2 times (x 85B)
Class org.jetbrains.kotlin.gradle.plugin.KotlinProjectSetupActionKt                   : loaded 2 times (x 70B)
Class org.jetbrains.kotlin.gradle.plugin.mpp.KotlinTargetSoftwareComponent            : loaded 2 times (x 88B)
Class org.jetbrains.kotlin.gradle.tasks.FailedCompilationException                    : loaded 2 times (x 81B)
Class [Lorg.codehaus.groovy.reflection.CachedMethod;                                  : loaded 2 times (x 68B)
Class groovy.lang.groovydoc.Groovydoc                                                 : loaded 2 times (x 75B)
Class kotlin.sequences.DistinctSequence                                               : loaded 2 times (x 74B)
Class groovy.lang.Tuple10                                                             : loaded 2 times (x 167B)
Class com.google.common.collect.MapMakerInternalMap$Segment                           : loaded 2 times (x 141B)
Class org.jetbrains.kotlin.gradle.tasks.KotlinCompile$androidLayoutResources$1        : loaded 2 times (x 73B)
Class org.jetbrains.kotlin.gradle.plugin.mpp.compilationImpl.KotlinCompilationSourceSetsContainerKt: loaded 2 times (x 70B)
Class org.jetbrains.kotlin.gradle.internal.ClassLoadersCachingBuildService$Companion$registerIfAbsent$2$1: loaded 2 times (x 78B)
Class org.jetbrains.kotlin.gradle.report.BuildReportMode                              : loaded 2 times (x 78B)
Class groovy.lang.Tuple11                                                             : loaded 2 times (x 167B)
Class org.codehaus.groovy.runtime.IOGroovyMethods                                     : loaded 2 times (x 70B)
Class groovy.lang.Tuple12                                                             : loaded 2 times (x 167B)
Class kotlin.reflect.jvm.internal.impl.descriptors.runtime.structure.ReflectClassUtilKt: loaded 2 times (x 70B)
Class kotlin.jvm.internal.MutablePropertyReference0                                   : loaded 2 times (x 136B)
Class kotlin.sequences.SequencesKt__SequencesKt                                       : loaded 2 times (x 70B)
Class org.jetbrains.kotlin.gradle.plugin.StatisticsBuildFlowManager$subscribeForBuildResultAndConfigurationTimeMetrics$1: loaded 2 times (x 74B)
Class groovy.lang.Tuple13                                                             : loaded 2 times (x 167B)
Class kotlin.jvm.internal.MutablePropertyReference1                                   : loaded 2 times (x 136B)
Class kotlin.LazyKt                                                                   : loaded 2 times (x 70B)
Class kotlin.sequences.SequencesKt__SequencesJVMKt                                    : loaded 2 times (x 70B)
Class groovy.lang.Tuple14                                                             : loaded 2 times (x 167B)
Class org.codehaus.groovy.util.LazyReference                                          : loaded 2 times (x 80B)
Class kotlin.jvm.internal.MutablePropertyReference2                                   : loaded 2 times (x 136B)
Class org.jetbrains.kotlin.gradle.tasks.publishing.UploadPgpKeyTask                   : loaded 2 times (x 316B)
Class groovy.lang.Tuple15                                                             : loaded 2 times (x 167B)
Class org.jetbrains.kotlin.gradle.plugin.diagnostics.KotlinToolingDiagnosticsCollector$Inject: loaded 2 times (x 95B)
Class groovy.lang.Tuple16                                                             : loaded 2 times (x 167B)
Class org.jetbrains.kotlin.build.report.metrics.GcMetrics                             : loaded 2 times (x 71B)
Class org.jetbrains.kotlin.gradle.plugin.KotlinPluginLifecycleImpl$launch$1           : loaded 2 times (x 78B)
Class it.unimi.dsi.fastutil.ints.IntOpenHashSet                                       : loaded 2 times (x 238B)
Class kotlin.reflect.jvm.internal.KClassImpl$Data$$Lambda$0                           : loaded 2 times (x 75B)
Class org.jetbrains.kotlin.gradle.plugin.statistics.BuildFinishMetrics                : loaded 2 times (x 70B)
Class org.jetbrains.kotlin.gradle.plugin.diagnostics.KotlinToolingDiagnosticsCollector$Parameter: loaded 2 times (x 69B)
Class com.android.tools.analytics.AnalyticsPaths                                      : loaded 2 times (x 70B)
Class kotlin.reflect.jvm.internal.KClassImpl$Data$$Lambda$1                           : loaded 2 times (x 75B)
Class org.jetbrains.kotlin.gradle.utils.CompilerOptionsKt                             : loaded 2 times (x 70B)
Class org.jetbrains.kotlin.gradle.plugin.statistics.FlowActionBuildFusService         : loaded 2 times (x 83B)
Class kotlin.collections.builders.ListBuilder$Itr                                     : loaded 2 times (x 93B)
Class kotlin.reflect.jvm.internal.KClassImpl$Data$$Lambda$2                           : loaded 2 times (x 75B)
Class org.codehaus.groovy.runtime.DefaultCachedMethodKey                              : loaded 2 times (x 78B)
Class kotlin.reflect.jvm.internal.KClassImpl$Data$$Lambda$3                           : loaded 2 times (x 75B)
Class build_515vcq7bwz4fs7c0sj8tk1wx3$_run_closure1                                   : loaded 2 times (x 138B)
Class org.jetbrains.kotlin.build.report.metrics.ValueType                             : loaded 2 times (x 78B)
Class org.jetbrains.kotlin.gradle.plugin.PropertiesProvider$kotlinExperimentalTryNext$1: loaded 2 times (x 74B)
Class [Lcom.android.ide.common.resources.DataFile$FileType;                           : loaded 2 times (x 68B)
Class kotlin.reflect.jvm.internal.KClassImpl$Data$$Lambda$4                           : loaded 2 times (x 75B)
Class build_2oxvnf7ia8644kjcvqhcscl0w                                                 : loaded 2 times (x 180B)
Class com.android.ide.common.rendering.api.ArrayResourceValue                         : loaded 2 times (x 69B)
Class kotlin.reflect.jvm.internal.KClassImpl$Data$$Lambda$5                           : loaded 2 times (x 75B)
Class org.gradle.internal.service.CachingServiceLocator                               : loaded 2 times (x 81B)
Class kotlin.sequences.GeneratorSequence$iterator$1                                   : loaded 2 times (x 78B)
Class kotlin.reflect.jvm.internal.KClassImpl$Data$$Lambda$6                           : loaded 2 times (x 75B)
Class kotlin.time.DurationUnitKt                                                      : loaded 2 times (x 70B)
Class kotlin.reflect.jvm.internal.KClassImpl$Data$$Lambda$7                           : loaded 2 times (x 75B)
Class kotlin.NoWhenBranchMatchedException                                             : loaded 2 times (x 81B)
Class [Lorg.jetbrains.kotlin.gradle.plugin.KotlinPluginLifecycle$CoroutineStart;      : loaded 2 times (x 68B)
Class org.jetbrains.kotlin.konan.target.KonanTarget$Companion                         : loaded 2 times (x 70B)
Class org.jetbrains.kotlin.gradle.plugin.KotlinPlatformType$Companion                 : loaded 2 times (x 70B)
Class kotlin.reflect.jvm.internal.KClassImpl$Data$$Lambda$8                           : loaded 2 times (x 75B)
Class org.jetbrains.kotlin.gradle.fus.internal.SynchronizedConfigurationMetrics$add$1 : loaded 2 times (x 78B)
Class org.jetbrains.kotlin.gradle.plugin.AndroidGradlePluginVersion$Companion         : loaded 2 times (x 70B)
Class kotlin.reflect.jvm.internal.KClassImpl$Data$$Lambda$9                           : loaded 2 times (x 75B)
Class kotlin.reflect.jvm.internal.impl.name.StandardClassIds                          : loaded 2 times (x 70B)
Class org.jetbrains.kotlin.gradle.tooling.BuildKotlinToolingMetadataTaskKt            : loaded 2 times (x 70B)
Class org.jetbrains.kotlin.statistics.BuildSessionLogger                              : loaded 2 times (x 76B)
Class com.android.resources.GrammaticalGender                                         : loaded 2 times (x 85B)
Class com.android.ide.common.resources.configuration.ScreenOrientationQualifier       : loaded 2 times (x 89B)
Class com.android.tools.lint.model.LintModelModuleLibrary                             : loaded 2 times (x 69B)
Class org.jetbrains.kotlin.gradle.plugin.internal.CustomPropertiesFileValueSource     : loaded 2 times (x 81B)
Class org.jetbrains.kotlin.gradle.plugin.abi.AbiValidationActionKt                    : loaded 2 times (x 70B)
Class org.jetbrains.kotlin.statistics.metrics.BooleanOverridePolicy                   : loaded 2 times (x 84B)
Class kotlin.text.StringsKt__StringBuilderKt                                          : loaded 2 times (x 70B)
Class org.jetbrains.kotlin.gradle.plugin.KotlinBaseApiPlugin                          : loaded 2 times (x 117B)
Class org.codehaus.groovy.runtime.dgmimpl.arrays.BooleanArrayPutAtMetaMethod          : loaded 2 times (x 96B)
Class kotlin.sequences.FilteringSequence$iterator$1                                   : loaded 2 times (x 78B)
Class org.jetbrains.kotlin.gradle.plugin.mpp.compilationImpl.KotlinCreateSourcesJarTaskSideEffectKt$KotlinCreateSourcesJarTaskSideEffect$1: loaded 2 times (x 73B)
Class org.jetbrains.kotlin.gradle.internal.UsesClassLoadersCachingBuildService        : loaded 2 times (x 69B)
Class org.jetbrains.kotlin.gradle.plugin.VariantImplementationFactoriesConfigurator$Companion$getProvider$1: loaded 2 times (x 73B)
Class org.objectweb.asm.Handle                                                        : loaded 2 times (x 71B)
Class org.jetbrains.kotlin.gradle.plugin.PropertiesProvider$classLoaderCacheTimeoutInSeconds$1: loaded 2 times (x 74B)
Class kotlin.collections.MutableMapWithDefaultImpl                                    : loaded 2 times (x 143B)
Class com.android.utils.SdkUtils                                                      : loaded 2 times (x 70B)
Class com.google.common.collect.Sets$ImprovedAbstractSet                              : loaded 2 times (x 134B)
Class groovy.lang.MetaClassImpl$Index                                                 : loaded 2 times (x 87B)
Class com.android.ide.common.resources.configuration.NavigationStateQualifier         : loaded 2 times (x 89B)
Class com.android.SdkConstants                                                        : loaded 2 times (x 70B)
Class com.android.tools.lint.model.LintModelArtifactType                              : loaded 2 times (x 78B)
Class org.gradle.internal.classpath.DefaultClassPath                                  : loaded 2 times (x 89B)
Class com.google.common.collect.AbstractMultimap$Values                               : loaded 2 times (x 117B)
Class kotlin.reflect.jvm.internal.KDeclarationContainerImpl$Data                      : loaded 2 times (x 71B)
Class com.google.common.collect.AbstractSetMultimap                                   : loaded 2 times (x 173B)
Class org.jetbrains.kotlin.gradle.tasks.configuration.BaseKotlinCompileConfig$2$1$1$1 : loaded 2 times (x 73B)
Class org.jetbrains.kotlin.gradle.tasks.configuration.KaptGenerateStubsConfig         : loaded 2 times (x 71B)
Class org.jetbrains.kotlin.gradle.plugin.KotlinBasePlugin                             : loaded 2 times (x 69B)
Class org.codehaus.groovy.ast.CompileUnit$ConstructedOuterNestedClassNode             : loaded 2 times (x 244B)
Class com.google.common.collect.MapMakerInternalMap$1                                 : loaded 2 times (x 82B)
Class groovy.lang.GroovyRuntimeException                                              : loaded 2 times (x 86B)
Class org.jetbrains.kotlin.gradle.tasks.configuration.BaseKotlinCompileConfig$2$1$1$2 : loaded 2 times (x 73B)
Class org.jetbrains.kotlin.statistics.metrics.BooleanMetrics                          : loaded 2 times (x 79B)
Class org.jetbrains.kotlin.gradle.plugin.diagnostics.checkers.WasmSourceSetsNotFoundChecker: loaded 2 times (x 73B)
Class org.jetbrains.kotlin.gradle.plugin.diagnostics.checkers.JsEnvironmentChecker$1  : loaded 2 times (x 77B)
Class [Lcom.android.resources.ScreenSize;                                             : loaded 2 times (x 68B)
Class com.google.common.collect.AbstractMapBasedMultimap$1                            : loaded 2 times (x 83B)
Class groovy.lang.Closure$1                                                           : loaded 2 times (x 132B)
Class kotlin.sequences.FlatteningSequence                                             : loaded 2 times (x 74B)
Class org.jetbrains.kotlin.gradle.plugin.mpp.KotlinCompilationsKt$moduleNameForCompilation$1: loaded 2 times (x 74B)
Class org.jetbrains.kotlin.gradle.plugin.diagnostics.checkers.JsEnvironmentChecker$2  : loaded 2 times (x 77B)
Class org.jetbrains.kotlin.gradle.plugin.KotlinGradlePluginExtensionPointInternal     : loaded 2 times (x 75B)
Class kotlin.reflect.jvm.internal.KProperty0Impl$$Lambda$0                            : loaded 2 times (x 75B)
Class kotlin.reflect.jvm.internal.ReflectProperties$LazySoftVal                       : loaded 2 times (x 77B)
Class com.google.common.collect.AbstractMapBasedMultimap$2                            : loaded 2 times (x 84B)
Class org.jetbrains.kotlin.gradle.plugin.mpp.KotlinNativeTarget                       : loaded 2 times (x 166B)
Class org.jetbrains.kotlin.gradle.plugin.diagnostics.checkers.JsEnvironmentChecker$3  : loaded 2 times (x 77B)
Class org.jetbrains.kotlin.gradle.plugin.KotlinGradleBuildServices$detectKotlinPluginLoadedInMultipleProjects$onRegister$1: loaded 2 times (x 78B)
Class groovy.lang.GroovyClassLoader$1                                                 : loaded 2 times (x 75B)
Class kotlin.reflect.jvm.internal.KProperty0Impl$$Lambda$1                            : loaded 2 times (x 75B)
Class kotlin.Result                                                                   : loaded 2 times (x 71B)
Class [Lorg.jetbrains.kotlin.compilerRunner.KotlinCompilerArgumentsLogLevel;          : loaded 2 times (x 68B)
Class com.android.tools.lint.model.DefaultLintModelAndroidArtifact                    : loaded 2 times (x 92B)
Class com.android.Version                                                             : loaded 2 times (x 70B)
Class org.codehaus.groovy.ast.expr.LambdaExpression                                   : loaded 2 times (x 134B)
Class kotlin.annotation.Retention                                                     : loaded 2 times (x 69B)
Class kotlin.io.path.PathsKt__PathUtilsKt                                             : loaded 2 times (x 70B)
Class org.jetbrains.kotlin.gradle.targets.js.dsl.KotlinTargetWithNodeJsDsl            : loaded 2 times (x 69B)
Class [Lorg.jetbrains.kotlin.gradle.report.BuildReportType;                           : loaded 2 times (x 68B)
Class kotlin.collections.CollectionsKt__CollectionsJVMKt                              : loaded 2 times (x 70B)
Class org.jetbrains.kotlin.gradle.fus.BuildUidService                                 : loaded 2 times (x 79B)
Class org.codehaus.groovy.runtime.metaclass.ThreadManagedMetaBeanProperty             : loaded 2 times (x 85B)
Class kotlin.sequences.SequencesKt___SequencesKt                                      : loaded 2 times (x 70B)
Class org.jetbrains.kotlin.gradle.internal.StdlibDependencyManagementKt               : loaded 2 times (x 70B)
Class org.jetbrains.kotlin.gradle.plugin.diagnostics.checkers.OverriddenKotlinNativeHomeChecker$allKonanMainSubdirectoriesExist$1$1: loaded 2 times (x 74B)
Class com.google.protobuf.ExtensionRegistryLite                                       : loaded 2 times (x 73B)
Class [Lcom.android.tools.lint.model.LintModelModuleType;                             : loaded 2 times (x 68B)
Class com.android.tools.lint.model.LintModelVariant                                   : loaded 2 times (x 69B)
Class com.google.protobuf.MessageLite$Builder                                         : loaded 2 times (x 69B)
Class kotlin.collections.builders.MapBuilder$Itr                                      : loaded 2 times (x 71B)
Class org.jetbrains.kotlin.gradle.plugin.internal.state.TaskExecutionResults          : loaded 2 times (x 70B)
Class org.jetbrains.kotlin.gradle.plugin.mpp.KotlinUsages$KotlinCinteropDisambiguation: loaded 2 times (x 75B)
Class org.jetbrains.kotlin.statistics.metrics.NumberOverridePolicy                    : loaded 2 times (x 84B)
Class kotlin.jvm.internal.Ref$BooleanRef                                              : loaded 2 times (x 70B)
Class com.android.ide.common.resources.configuration.TouchScreenQualifier             : loaded 2 times (x 89B)
Class org.jetbrains.kotlin.gradle.plugin.statistics.BuildFinishBuildService$Companion$registerIfAbsent$1$1: loaded 2 times (x 73B)
Class [Lorg.codehaus.groovy.runtime.callsite.CallSite;                                : loaded 2 times (x 68B)
Class com.android.resources.KeyboardState                                             : loaded 2 times (x 85B)
Class org.codehaus.groovy.reflection.stdclasses.CharacterCachedClass                  : loaded 2 times (x 94B)
Class org.jetbrains.kotlin.gradle.plugin.AbstractKotlinPlugin                         : loaded 2 times (x 77B)
Class org.jetbrains.kotlin.gradle.plugin.diagnostics.checkers.WasmWasiEnvironmentChecker: loaded 2 times (x 75B)
Class [Lcom.android.resources.TouchScreen;                                            : loaded 2 times (x 68B)
Class com.android.tools.lint.model.LintModelBuildFeatures                             : loaded 2 times (x 69B)
Class kotlin.sequences.FlatteningSequence$iterator$1                                  : loaded 2 times (x 78B)
Class kotlin.annotation.MustBeDocumented                                              : loaded 2 times (x 69B)
Class org.codehaus.groovy.runtime.metaclass.MetaMethodIndex$CacheEntry                : loaded 2 times (x 71B)
Class kotlin.reflect.jvm.internal.impl.utils.CollectionsKt                            : loaded 2 times (x 70B)
Class kotlin.collections.SetsKt__SetsJVMKt                                            : loaded 2 times (x 70B)
Class org.jetbrains.kotlin.gradle.dsl.KotlinMultiplatformSourceSetConventions         : loaded 2 times (x 69B)
Class org.jetbrains.kotlin.gradle.plugin.statistics.BuildFinishFlowProviderManager    : loaded 2 times (x 71B)
Class it.unimi.dsi.fastutil.BidirectionalIterator                                     : loaded 2 times (x 69B)
Class kotlin.reflect.jvm.internal.KPropertyImpl                                       : loaded 2 times (x 114B)
Class kotlin.collections.MapsKt___MapsJvmKt                                           : loaded 2 times (x 70B)
Class org.jetbrains.kotlin.gradle.internal.abi.AbiValidationVariantSpecImpl           : loaded 2 times (x 85B)
Class com.android.resources.ResourceType$Kind                                         : loaded 2 times (x 78B)
Class org.jetbrains.kotlin.gradle.plugin.diagnostics.checkers.OverriddenKotlinNativeHomeChecker: loaded 2 times (x 73B)
Class org.jetbrains.kotlin.statistics.AnonymizerUtilsKt                               : loaded 2 times (x 70B)
Class org.jetbrains.kotlin.build.report.metrics.BuildAttributeKind                    : loaded 2 times (x 78B)
Class org.jetbrains.kotlin.gradle.plugin.diagnostics.DiagnosticGroup$Kgp$Misconfiguration: loaded 2 times (x 81B)
Class kotlin.annotation.AnnotationRetention                                           : loaded 2 times (x 78B)
Class [Lorg.jetbrains.kotlin.gradle.tasks.KotlinCompilerExecutionStrategy;            : loaded 2 times (x 68B)
Class org.jetbrains.kotlin.gradle.plugin.mpp.compilationImpl.KotlinCompilationSourceSetInclusion$DefaultAddSourcesToCompileTask: loaded 2 times (x 73B)
Class org.jetbrains.kotlin.gradle.targets.js.npm.DefaultDevNpmDependencyExtension     : loaded 2 times (x 144B)
Class org.jetbrains.kotlin.gradle.internal.IdeaKt$isInIdeaSync$1                      : loaded 2 times (x 73B)
Class kotlin.reflect.jvm.internal.impl.builtins.functions.FunctionTypeKind$KSuspendFunction: loaded 2 times (x 71B)
Class org.jetbrains.kotlin.gradle.plugin.mpp.KotlinOnlyTarget                         : loaded 2 times (x 152B)
Class groovyjarjarasm.asm.ByteVector                                                  : loaded 2 times (x 78B)
Class com.android.ide.common.resources.configuration.ScreenRatioQualifier             : loaded 2 times (x 90B)
Class com.android.ide.common.gradle.Version$Companion$ParseState$EMPTY                : loaded 2 times (x 73B)
Class org.jetbrains.kotlin.gradle.plugin.mpp.compilationImpl.KotlinCompilationFriendPathsResolver: loaded 2 times (x 69B)
Class groovy.lang.Writable                                                            : loaded 2 times (x 69B)
Class kotlin.reflect.jvm.internal.impl.name.ClassId$Companion                         : loaded 2 times (x 70B)
Class com.android.sdklib.AndroidVersion                                               : loaded 2 times (x 74B)
Class org.jetbrains.kotlin.gradle.dsl.KotlinJvmCompile                                : loaded 2 times (x 69B)
Class org.jetbrains.kotlin.gradle.plugin.sources.DefaultKotlinSourceSetKt$defaultSourceSetLanguageSettingsChecker$1: loaded 2 times (x 77B)
Class com.google.protobuf.CodedInputStream$ArrayDecoder                               : loaded 2 times (x 119B)
Class com.google.common.collect.ImmutableMultisetGwtSerializationDependencies         : loaded 2 times (x 124B)
Class org.jetbrains.kotlin.gradle.plugin.sources.DefaultKotlinSourceSetKt$defaultSourceSetLanguageSettingsChecker$2: loaded 2 times (x 77B)
Class org.jetbrains.kotlin.gradle.tasks.publishing.CheckSigningTask                   : loaded 2 times (x 335B)
Class org.jetbrains.kotlin.gradle.plugin.statistics.BuildFinishFlowProviderManager$Companion: loaded 2 times (x 70B)
Class [Lcom.android.resources.ScreenRatio;                                            : loaded 2 times (x 68B)
Class org.codehaus.groovy.control.MultipleCompilationErrorsException                  : loaded 2 times (x 89B)
Class kotlin.reflect.KTypeParameter                                                   : loaded 2 times (x 69B)
Class org.jetbrains.kotlin.statistics.metrics.StringAnonymizationPolicy$AllowedListAnonymizer$Companion: loaded 2 times (x 70B)
Class org.codehaus.groovy.classgen.BytecodeExpression                                 : loaded 2 times (x 127B)
Class kotlin.reflect.jvm.internal.ClassValueCache                                     : loaded 2 times (x 73B)
Class org.jetbrains.kotlin.gradle.plugin.statistics.BuildFinishMetrics$reportGlobalMetrics$1: loaded 2 times (x 78B)
Class com.google.common.reflect.TypeParameter                                         : loaded 2 times (x 71B)
Class org.codehaus.groovy.runtime.MethodClosure                                       : loaded 2 times (x 134B)
Class kotlin.enums.EnumEntriesList                                                    : loaded 2 times (x 184B)
Class com.google.common.collect.ImmutableListMultimap                                 : loaded 2 times (x 175B)
Class org.jetbrains.kotlin.gradle.plugin.mpp.KotlinTargetSoftwareComponentImpl        : loaded 2 times (x 89B)
Class com.google.common.cache.LocalCache$LocalManualCache$1                           : loaded 2 times (x 74B)
Class kotlin.ranges.IntProgressionIterator                                            : loaded 2 times (x 81B)
Class kotlin.reflect.jvm.internal.impl.builtins.jvm.JavaToKotlinClassMap              : loaded 2 times (x 70B)
Class org.jetbrains.kotlin.gradle.plugin.diagnostics.KotlinGradleProjectChecker       : loaded 2 times (x 69B)
Class [Lorg.jetbrains.kotlin.statistics.metrics.StringMetrics;                        : loaded 2 times (x 68B)
Class kotlin.jvm.JvmClassMappingKt                                                    : loaded 2 times (x 70B)
Class org.jetbrains.kotlin.gradle.plugin.diagnostics.IsAttachedToTerminalValueSource  : loaded 2 times (x 79B)
Class com.android.tools.lint.model.LintModelArtifact                                  : loaded 2 times (x 69B)
Class org.jetbrains.kotlin.gradle.tasks.configuration.AbstractKotlinCompileConfigKt   : loaded 2 times (x 70B)
Class [Lorg.jetbrains.kotlin.gradle.plugin.sources.ConsistencyCheck;                  : loaded 2 times (x 68B)
Class org.jetbrains.kotlin.gradle.plugin.KotlinSourceSet                              : loaded 2 times (x 69B)
Class org.jetbrains.kotlin.gradle.plugin.statistics.KotlinBuildStatisticsUtilsKt$collectGeneralConfigurationTimeMetrics$statisticOverhead$1$2: loaded 2 times (x 74B)
Class org.jetbrains.kotlin.gradle.plugin.ProjectLocalConfigurations$ProjectLocalCompatibility: loaded 2 times (x 75B)
Class [Lcom.android.prefs.VariableType;                                               : loaded 2 times (x 68B)
Class org.jetbrains.kotlin.konan.target.HostManager                                   : loaded 2 times (x 71B)
Class org.jetbrains.kotlin.gradle.targets.js.npm.NpmDirectoryDependencyWithExternalsExtension: loaded 2 times (x 69B)
Class org.jetbrains.kotlin.gradle.report.BuildMetricsService$Companion                : loaded 2 times (x 70B)
Class kotlin.jvm.functions.Function0                                                  : loaded 2 times (x 69B)
Class com.google.common.collect.Lists$RandomAccessReverseList                         : loaded 2 times (x 161B)
Class org.jetbrains.kotlin.gradle.plugin.KotlinGradlePluginExtensionPoint             : loaded 2 times (x 69B)
Class org.jetbrains.kotlin.gradle.plugin.StatisticsBuildFlowManager_Decorated         : loaded 2 times (x 118B)
Class kotlin.jvm.functions.Function1                                                  : loaded 2 times (x 69B)
Class build_515vcq7bwz4fs7c0sj8tk1wx3                                                 : loaded 2 times (x 179B)
Class [Lorg.jetbrains.kotlin.gradle.plugin.mpp.KotlinUsageContext$MavenScope;         : loaded 2 times (x 68B)
Class kotlin.jvm.functions.Function2                                                  : loaded 2 times (x 69B)
Class build_8i22vgbz41d2dw32xtydiibmo$_run_closure1$_closure3                         : loaded 2 times (x 138B)
Class org.codehaus.groovy.util.ReferenceManager                                       : loaded 2 times (x 75B)
Class com.android.ide.common.resources.configuration.VersionQualifier$Companion       : loaded 2 times (x 70B)
Class kotlin.jvm.functions.Function3                                                  : loaded 2 times (x 69B)
Class [Lcom.google.common.collect.AbstractIterator$State;                             : loaded 2 times (x 68B)
Class org.objectweb.asm.SymbolTable$Entry                                             : loaded 2 times (x 73B)
Class [Lcom.google.common.cache.LocalCache$EntryFactory;                              : loaded 2 times (x 68B)
Class kotlin.jvm.functions.Function4                                                  : loaded 2 times (x 69B)
Class kotlin.sequences.ConstrainedOnceSequence                                        : loaded 2 times (x 74B)
Class [Lorg.jetbrains.kotlin.tooling.core.HasExtras;                                  : loaded 2 times (x 68B)
Class kotlin.jvm.functions.Function5                                                  : loaded 2 times (x 69B)
Class groovyjarjarasm.asm.Opcodes                                                     : loaded 2 times (x 69B)
Class kotlin.jvm.internal.PropertyReference0Impl                                      : loaded 2 times (x 126B)
Class kotlin.jvm.functions.Function6                                                  : loaded 2 times (x 69B)
Class org.jetbrains.kotlin.gradle.internal.abi.ConfigsKt$configureLegacyTasks$1       : loaded 2 times (x 74B)
Class org.jetbrains.kotlin.gradle.tasks.abi.KotlinLegacyAbiCheckTaskImpl              : loaded 2 times (x 329B)
Class org.jetbrains.kotlin.gradle.dsl.abi.AbiValidationExtension                      : loaded 2 times (x 69B)
Class org.jetbrains.kotlin.konan.target.KonanTarget$IOS_ARM64                         : loaded 2 times (x 77B)
Class org.jetbrains.kotlin.gradle.plugin.KotlinTarget                                 : loaded 2 times (x 69B)
Class kotlin.jvm.functions.Function7                                                  : loaded 2 times (x 69B)
Class org.jetbrains.kotlin.gradle.internal.abi.ConfigsKt$configureLegacyTasks$2       : loaded 2 times (x 74B)
Class org.jetbrains.kotlin.gradle.targets.js.npm.NpmDependencyExtensionKt             : loaded 2 times (x 70B)
Class groovyjarjarasm.asm.MethodTooLargeException                                     : loaded 2 times (x 82B)
Class org.codehaus.groovy.util.ReferenceManager$CallBackedManager                     : loaded 2 times (x 75B)
Class kotlin.jvm.functions.Function8                                                  : loaded 2 times (x 69B)
Class org.jetbrains.kotlin.gradle.tasks.KotlinCompilerPluginData$InputsOutputsState   : loaded 2 times (x 71B)
Class com.google.protobuf.UnsafeUtil$Android64MemoryAccessor                          : loaded 2 times (x 90B)
Class kotlin.jvm.functions.Function9                                                  : loaded 2 times (x 69B)
Class org.jetbrains.kotlin.konan.target.KonanTarget$ANDROID_ARM32                     : loaded 2 times (x 77B)
Class org.jetbrains.kotlin.konan.target.KonanTarget$LINUX_X64                         : loaded 2 times (x 77B)
Class com.google.common.collect.Maps$AbstractFilteredMap                              : loaded 2 times (x 126B)
Class org.jetbrains.kotlin.gradle.plugin.diagnostics.DefaultProblemsReporter          : loaded 2 times (x 75B)
Class com.google.common.base.Suppliers$NonSerializableMemoizingSupplier               : loaded 2 times (x 78B)
Class org.jetbrains.kotlin.gradle.plugin.diagnostics.checkers.PreHmppDependenciesUsageChecker: loaded 2 times (x 73B)
Class org.codehaus.groovy.vmplugin.v9.ClassFinder                                     : loaded 2 times (x 70B)
Class org.codehaus.groovy.ast.stmt.IfStatement                                        : loaded 2 times (x 115B)
Class org.jetbrains.kotlin.gradle.plugin.mpp.InternalKotlinTargetKt$isSourcesPublishableFuture$2: loaded 2 times (x 94B)
Class org.codehaus.groovy.control.CompilationUnit$PhaseOperation                      : loaded 2 times (x 69B)
Class org.jetbrains.kotlin.gradle.plugin.KotlinCompilationInfoKt                      : loaded 2 times (x 70B)
Class com.android.prefs.PathLocator$WhenMappings                                      : loaded 2 times (x 70B)
Class org.jetbrains.kotlin.gradle.plugin.statistics.KotlinBuildStatsLoggerService$reportBuildFinished$1: loaded 2 times (x 78B)
Class org.jetbrains.kotlin.gradle.dsl.KotlinPublishingDsl                             : loaded 2 times (x 69B)
Class com.google.protobuf.Reader                                                      : loaded 2 times (x 69B)
Class [Lcom.google.common.base.Supplier;                                              : loaded 2 times (x 68B)
Class org.jetbrains.kotlin.gradle.plugin.KotlinGradleFinishBuildHandler$Companion     : loaded 2 times (x 70B)
Class org.jetbrains.kotlin.gradle.plugin.statistics.SynchronizedMetricsContainer      : loaded 2 times (x 81B)
Class org.jetbrains.kotlin.gradle.artifacts.KotlinJsKlibArtifactKt$KotlinJsKlibArtifact$1: loaded 2 times (x 73B)
Class org.jetbrains.kotlin.gradle.plugin.KotlinTargetsContainer                       : loaded 2 times (x 69B)
Class org.jetbrains.kotlin.gradle.internal.IsInIdeaSyncValueSource$Inject             : loaded 2 times (x 108B)
Class org.codehaus.groovy.util.ManagedConcurrentMap$Entry                             : loaded 2 times (x 91B)
Class kotlin.reflect.jvm.internal.CachesKt                                            : loaded 2 times (x 70B)
Class org.jetbrains.kotlin.project.model.LanguageSettings                             : loaded 2 times (x 69B)
Class it.unimi.dsi.fastutil.ints.IntSpliterator                                       : loaded 2 times (x 69B)
Class [Lkotlin.sequences.Sequence;                                                    : loaded 2 times (x 68B)
Class com.google.common.collect.ImmutableSetMultimap                                  : loaded 2 times (x 179B)
Class org.jetbrains.kotlin.gradle.tasks.configuration.AbstractKotlinCompileConfigKt$sam$org_gradle_api_Action$0: loaded 2 times (x 74B)
Class org.codehaus.groovy.ast.PropertyNode                                            : loaded 2 times (x 154B)
Class org.codehaus.groovy.runtime.metaclass.NewStaticMetaMethod                       : loaded 2 times (x 98B)
Class kotlin._Assertions                                                              : loaded 2 times (x 70B)
Class org.jetbrains.kotlin.gradle.plugin.sources.DefaultKotlinSourceSetKt             : loaded 2 times (x 70B)
Class kotlin.io.path.PathsKt__PathReadWriteKt                                         : loaded 2 times (x 70B)
Class [Lkotlin.coroutines.intrinsics.CoroutineSingletons;                             : loaded 2 times (x 68B)
Class org.codehaus.groovy.runtime.dgmimpl.NumberNumberDiv                             : loaded 2 times (x 113B)
Class kotlin.reflect.jvm.internal.CacheByClass                                        : loaded 2 times (x 72B)
Class kotlin.sequences.EmptySequence                                                  : loaded 2 times (x 77B)
Class org.jetbrains.kotlin.gradle.tasks.CompileUsingKotlinDaemonWithNormalization     : loaded 2 times (x 69B)
Class org.codehaus.groovy.util.AbstractConcurrentMap$Segment                          : loaded 2 times (x 84B)
Class kotlin.ranges.ClosedRange                                                       : loaded 2 times (x 69B)
Class com.android.tools.lint.model.LintModelLibrary                                   : loaded 2 times (x 69B)
Class com.google.common.collect.AbstractMapBasedMultimap$WrappedSet                   : loaded 2 times (x 141B)
Class kotlin.KotlinNullPointerException                                               : loaded 2 times (x 82B)
Class org.jetbrains.kotlin.gradle.tasks.KotlinJvmCompile$DefaultImpls                 : loaded 2 times (x 70B)
Class org.jetbrains.kotlin.gradle.plugin.sources.DefaultKotlinSourceSet$special$$inlined$Iterable$1: loaded 2 times (x 78B)
Class org.jetbrains.kotlin.gradle.plugin.diagnostics.KotlinGradleProjectCheckersRunnerKt: loaded 2 times (x 70B)
Class org.codehaus.groovy.util.AbstractConcurrentMapBase                              : loaded 2 times (x 76B)
Class org.jetbrains.kotlin.statistics.BuildSession                                    : loaded 2 times (x 71B)
Class org.jetbrains.kotlin.gradle.plugin.abi.AbiValidationActionKt$AbiValidationSetupAction$1: loaded 2 times (x 94B)
Class org.jetbrains.kotlin.gradle.plugin.statistics.KotlinBuildStatsBeanService$Companion$initStatsService$1: loaded 2 times (x 78B)
Class kotlin.jvm.internal.AdaptedFunctionReference                                    : loaded 2 times (x 76B)
Class org.jetbrains.kotlin.gradle.targets.jvm.KotlinJvmTargetTestFixturesSideEffectKt : loaded 2 times (x 70B)
Class kotlin.collections.CharIterator                                                 : loaded 2 times (x 81B)
Class org.jetbrains.kotlin.gradle.plugin.KotlinTargetWithTests                        : loaded 2 times (x 69B)
Class kotlin.sequences.GeneratorSequence                                              : loaded 2 times (x 74B)
Class kotlin.Triple                                                                   : loaded 2 times (x 71B)
Class build_3x2eci9f0bzzchngr8fxk7g2f                                                 : loaded 2 times (x 179B)
Class org.jetbrains.kotlin.gradle.plugin.mpp.compilationImpl.KotlinCompilationSourceSetInclusion$DefaultAddSourcesToCompileTask$addSources$1: loaded 2 times (x 78B)
Class org.jetbrains.kotlin.gradle.plugin.diagnostics.checkers.WasmJsEnvironmentChecker$1: loaded 2 times (x 77B)
Class org.jetbrains.kotlin.gradle.internal.utils.CollectionsKt                        : loaded 2 times (x 70B)
Class org.jetbrains.kotlin.gradle.plugin.mpp.compilationImpl.KotlinCompilationSourceSetInclusion$DefaultAddSourcesToCompileTask$addSources$2: loaded 2 times (x 78B)
Class org.jetbrains.kotlin.gradle.plugin.KotlinTargetComponent                        : loaded 2 times (x 69B)
Class org.jetbrains.kotlin.gradle.plugin.diagnostics.checkers.WasmJsEnvironmentChecker$2: loaded 2 times (x 77B)
Class org.codehaus.groovy.control.CompilationUnit$ISourceUnitOperation                : loaded 2 times (x 69B)
Class org.jetbrains.kotlin.gradle.plugin.sources.DefaultKotlinSourceSet$MetadataDependencyTransformation: loaded 2 times (x 71B)
Class org.jetbrains.kotlin.gradle.plugin.diagnostics.checkers.WasmJsEnvironmentChecker$3: loaded 2 times (x 77B)
Class org.codehaus.groovy.ast.stmt.CatchStatement                                     : loaded 2 times (x 113B)
Class org.jetbrains.kotlin.gradle.plugin.diagnostics.checkers.WasmJsEnvironmentChecker$4: loaded 2 times (x 77B)
Class com.google.common.cache.CacheLoader                                             : loaded 2 times (x 73B)
Class org.codehaus.groovy.ast.MethodNode                                              : loaded 2 times (x 156B)
Class org.jetbrains.kotlin.gradle.plugin.statistics.BuildFinishBuildService$Companion$collectAllFusReportsIntoOne$2$1: loaded 2 times (x 78B)
Class org.jetbrains.kotlin.gradle.plugin.mpp.KotlinUsageContext                       : loaded 2 times (x 69B)
Class org.jetbrains.kotlin.gradle.plugin.statistics.KotlinBuildStatsBeanService$Companion: loaded 2 times (x 70B)
Class org.jetbrains.kotlin.gradle.internal.Kapt3GradleSubplugin$Companion             : loaded 2 times (x 70B)
Class org.jetbrains.kotlin.gradle.internal.properties.NativePropertiesLoader$isToolchainEnabled$1: loaded 2 times (x 74B)
Class kotlin.jvm.internal.SpreadBuilder                                               : loaded 2 times (x 75B)
Class kotlin.reflect.KAnnotatedElement                                                : loaded 2 times (x 69B)
Class org.jetbrains.kotlin.gradle.plugin.mpp.KotlinVariantWithCoordinates             : loaded 2 times (x 107B)
Class [Lorg.jetbrains.kotlin.statistics.metrics.BooleanAnonymizationPolicy;           : loaded 2 times (x 68B)
Class org.objectweb.asm.MethodTooLargeException                                       : loaded 2 times (x 82B)
Class com.android.ide.common.resources.configuration.WideGamutColorQualifier          : loaded 2 times (x 90B)
Class kotlin.text.CharsKt                                                             : loaded 2 times (x 70B)
Class org.codehaus.groovy.runtime.ComposedClosure                                     : loaded 2 times (x 131B)
Class org.codehaus.groovy.reflection.ParameterTypes                                   : loaded 2 times (x 81B)
Class com.android.resources.Density                                                   : loaded 2 times (x 91B)
Class kotlin.ranges.RangesKt___RangesKt                                               : loaded 2 times (x 70B)
Class build_62qvi8cwz5dxczeibq1r78f3l$_run_closure1                                   : loaded 2 times (x 138B)
Class org.jetbrains.kotlin.gradle.plugin.diagnostics.checkers.DisabledNativeTargetsChecker$runChecks$1: loaded 2 times (x 87B)
Class org.jetbrains.kotlin.gradle.utils.StoredPropertyKt$projectStoredProperty$1      : loaded 2 times (x 77B)
Class org.jetbrains.kotlin.gradle.targets.native.KotilnNativeConfigureBinariesSideEffectKt: loaded 2 times (x 70B)
Class kotlin.reflect.jvm.internal.KProperty0Impl                                      : loaded 2 times (x 127B)
Class com.android.tools.lint.model.LintModelSerialization$TargetFile                  : loaded 2 times (x 78B)
Class org.jetbrains.kotlin.gradle.plugin.diagnostics.checkers.OverriddenKotlinNativeHomeChecker$StdlibExistenceCheckerValueSource$Companion: loaded 2 times (x 70B)
Class [Lorg.codehaus.groovy.reflection.CachedClass;                                   : loaded 2 times (x 68B)
Class kotlin.collections.CollectionsKt___CollectionsKt                                : loaded 2 times (x 70B)
Class [Lorg.codehaus.groovy.reflection.ParameterTypes;                                : loaded 2 times (x 68B)
Class [Lgroovy.lang.groovydoc.GroovydocHolder;                                        : loaded 2 times (x 68B)
Class org.jetbrains.kotlin.gradle.utils.GradleUtilsKt                                 : loaded 2 times (x 70B)
Class com.android.ide.common.rendering.api.StyleResourceValueImpl                     : loaded 2 times (x 118B)
Class kotlin.InitializedLazyImpl                                                      : loaded 2 times (x 75B)
Class kotlin.sequences.SequencesKt__SequenceBuilderKt$sequence$$inlined$Sequence$1    : loaded 2 times (x 74B)
Class org.jetbrains.kotlin.gradle.plugin.statistics.old.Pre232IdeaKotlinBuildStatsBeanService: loaded 2 times (x 94B)
Class com.google.common.cache.Cache                                                   : loaded 2 times (x 69B)
Class com.android.tools.analytics.Environment$SystemProperty                          : loaded 2 times (x 78B)
Class groovy.lang.GroovySystem                                                        : loaded 2 times (x 70B)
Class com.android.resources.ResourceType                                              : loaded 2 times (x 78B)
Class com.google.common.collect.Maps$EntrySet                                         : loaded 2 times (x 135B)
Class com.android.ide.common.resources.configuration.UiModeQualifier                  : loaded 2 times (x 89B)
Class org.jetbrains.kotlin.gradle.plugin.mpp.AbstractKotlinCompilationToRunnableFiles : loaded 2 times (x 195B)
Class groovy.lang.MetaClassImpl$MethodIndex                                           : loaded 2 times (x 88B)
Class kotlin.UNINITIALIZED_VALUE                                                      : loaded 2 times (x 70B)
Class com.android.tools.lint.model.LintModelDependency                                : loaded 2 times (x 69B)
Class org.jetbrains.kotlin.statistics.fileloggers.MetricsContainer$Companion$readFromFile$1: loaded 2 times (x 78B)
Class org.jetbrains.kotlin.gradle.plugin.mpp.apple.swiftexport.internal.SwiftExportInitKt$SwiftExportClasspathResolvableConfiguration$1: loaded 2 times (x 78B)
Class org.jetbrains.kotlin.gradle.targets.native.KonanPropertiesBuildService$Companion$registerIfAbsent$1: loaded 2 times (x 74B)
Class org.jetbrains.kotlin.gradle.dsl.KotlinBaseExtension                             : loaded 2 times (x 69B)
Class org.gradle.internal.classloader.SystemClassLoaderSpec                           : loaded 2 times (x 70B)
Class kotlin.collections.builders.MapBuilderEntries                                   : loaded 2 times (x 144B)
Class org.codehaus.groovy.util.ReferenceBundle                                        : loaded 2 times (x 73B)
Class com.google.common.io.LineBuffer                                                 : loaded 2 times (x 74B)
Class org.jetbrains.kotlin.gradle.plugin.LanguageSettingsBuilder                      : loaded 2 times (x 69B)
Class org.jetbrains.kotlin.gradle.targets.native.ConfigureFrameworkExportSideEffectKt$special$$inlined$KotlinTargetSideEffect$1: loaded 2 times (x 73B)
Class org.jetbrains.kotlin.gradle.targets.native.toolchain.UsesKotlinNativeBundleBuildService: loaded 2 times (x 69B)
Class groovyjarjarasm.asm.SymbolTable                                                 : loaded 2 times (x 71B)
Class [Lorg.codehaus.groovy.runtime.metaclass.MetaMethodIndex$Entry;                  : loaded 2 times (x 68B)
Class org.jetbrains.kotlin.statistics.metrics.OrMetricContainer                       : loaded 2 times (x 79B)
Class org.jetbrains.kotlin.statistics.metrics.StringAnonymizationPolicy$ComponentVersionAnonymizer: loaded 2 times (x 77B)
Class com.google.common.util.concurrent.internal.InternalFutureFailureAccess          : loaded 2 times (x 71B)
Class org.codehaus.groovy.runtime.InvokerHelper$NullScript                            : loaded 2 times (x 94B)
Class org.jetbrains.kotlin.build.report.metrics.BuildAttributeKind$Companion          : loaded 2 times (x 70B)
Class [Lkotlin.reflect.KCallable;                                                     : loaded 2 times (x 68B)
Class org.jetbrains.kotlin.gradle.plugin.KotlinSourceSetTree                          : loaded 2 times (x 71B)
Class org.codehaus.groovy.ast.ClassHelper$ClassHelperCache                            : loaded 2 times (x 70B)
Class org.codehaus.groovy.reflection.ReflectionUtils$ClassContextHelper               : loaded 2 times (x 100B)
Class com.android.ide.common.resources.configuration.VersionQualifier                 : loaded 2 times (x 88B)
Class [Lcom.android.tools.lint.model.LintModelNamespacingMode;                        : loaded 2 times (x 68B)
Class org.jetbrains.kotlin.gradle.plugin.VariantImplementationFactories$VariantImplementationFactory: loaded 2 times (x 69B)
Class org.jetbrains.kotlin.build.report.metrics.BuildAttribute                        : loaded 2 times (x 78B)
Class org.codehaus.groovy.runtime.memoize.EvictableCache                              : loaded 2 times (x 69B)
Class org.codehaus.groovy.ast.expr.ConstantExpression                                 : loaded 2 times (x 133B)
Class org.jetbrains.kotlin.gradle.targets.native.internal.PlatformLibrariesGenerator$GeneratedPlatformLibrariesService: loaded 2 times (x 75B)
Class androidx.appcompat.widget.SwitchUsageXmlDetector                                : loaded 2 times (x 153B)
Class org.codehaus.groovy.util.ManagedConcurrentMap$EntryWithValue                    : loaded 2 times (x 91B)
Class com.android.ide.common.rendering.api.ResourceNamespace$ResAutoNamespace         : loaded 2 times (x 79B)
Class com.google.protobuf.Message                                                     : loaded 2 times (x 69B)
Class org.codehaus.groovy.runtime.callsite.CallSiteAwareMetaMethod                    : loaded 2 times (x 96B)
Class it.unimi.dsi.fastutil.ints.IntArrays$ArrayHashStrategy                          : loaded 2 times (x 74B)
Class org.jetbrains.kotlin.gradle.plugin.mpp.compilationImpl.factory.ConfigurationNaming$Default: loaded 2 times (x 74B)
Class org.jetbrains.kotlin.gradle.plugin.KotlinGradleBuildServices$Parameters$Inject  : loaded 2 times (x 105B)
Class org.jetbrains.kotlin.gradle.utils.FileUtilsKt$localProperties$1                 : loaded 2 times (x 74B)
Class [Lcom.android.resources.Keyboard;                                               : loaded 2 times (x 68B)
Class org.jetbrains.kotlin.gradle.plugin.mpp.compilationImpl.KotlinCompilationSourceSetInclusion$AddSourcesToCompileTask: loaded 2 times (x 69B)
Class it.unimi.dsi.fastutil.Function                                                  : loaded 2 times (x 69B)
Class org.jetbrains.kotlin.gradle.plugin.diagnostics.IsAttachedToTerminalValueSource$Inject: loaded 2 times (x 99B)
Class org.jetbrains.kotlin.konan.util.Named                                           : loaded 2 times (x 69B)
Class org.jetbrains.kotlin.gradle.plugin.KotlinBasePluginWrapper                      : loaded 2 times (x 85B)
Class groovy.lang.EmptyRange                                                          : loaded 2 times (x 203B)
Class it.unimi.dsi.fastutil.objects.Object2IntOpenHashMap$KeySet                      : loaded 2 times (x 179B)
Class kotlin.reflect.jvm.internal.KCallableImpl$$Lambda$0                             : loaded 2 times (x 75B)
Class org.jetbrains.kotlin.gradle.plugin.mpp.compilationImpl.KotlinCreateCompilationArchiveTaskKt$KotlinRegisterCompilationArchiveTasksExtension$1: loaded 2 times (x 73B)
Class groovyjarjarasm.asm.Edge                                                        : loaded 2 times (x 71B)
Class kotlin.reflect.jvm.internal.KCallableImpl$$Lambda$1                             : loaded 2 times (x 75B)
Class com.google.common.io.LineReader$1                                               : loaded 2 times (x 74B)
Class org.jetbrains.kotlin.gradle.tasks.configuration.TaskConfigAction                : loaded 2 times (x 71B)
Class kotlin.reflect.jvm.internal.KCallableImpl$$Lambda$2                             : loaded 2 times (x 75B)
Class org.jetbrains.kotlin.cli.common.messages.MessageRenderer                        : loaded 2 times (x 69B)
Class org.jetbrains.kotlin.gradle.plugin.diagnostics.KotlinToolingDiagnosticsSetupActionKt$KotlinToolingDiagnosticsSetupAction$1$reporterProvider$1: loaded 2 times (x 73B)
Class org.codehaus.groovy.control.ResolveVisitor                                      : loaded 2 times (x 235B)
Class org.codehaus.groovy.util.SingleKeyHashMap$Copier                                : loaded 2 times (x 69B)
Class kotlin.reflect.jvm.internal.KCallableImpl$$Lambda$3                             : loaded 2 times (x 75B)
Class org.jetbrains.kotlin.cli.common.CompilerSystemProperties$Companion              : loaded 2 times (x 70B)
Class org.jetbrains.kotlin.konan.target.KonanTarget$WATCHOS_X64                       : loaded 2 times (x 77B)
Class org.jetbrains.kotlin.gradle.plugin.diagnostics.KotlinToolingDiagnosticsSetupActionKt$KotlinToolingDiagnosticsSetupAction$1$reporterProvider$2: loaded 2 times (x 74B)
Class org.jetbrains.kotlin.compilerRunner.GradleCliCommonizerKt$maybeCreateCommonizerClasspathConfiguration$1$1: loaded 2 times (x 74B)
Class kotlin.reflect.jvm.internal.KCallableImpl$$Lambda$4                             : loaded 2 times (x 75B)
Class org.jetbrains.kotlin.gradle.plugin.mpp.KotlinJvmAndroidCompilation              : loaded 2 times (x 197B)
Class org.jetbrains.kotlin.gradle.plugin.internal.DefaultMavenPublicationComponentAccessor: loaded 2 times (x 74B)
Class org.jetbrains.kotlin.gradle.dsl.KotlinProjectExtension                          : loaded 2 times (x 121B)
Class com.android.resources.HighDynamicRange                                          : loaded 2 times (x 85B)
Class kotlin.reflect.jvm.internal.KCallableImpl$$Lambda$5                             : loaded 2 times (x 75B)
Class org.jetbrains.kotlin.gradle.plugin.KotlinPlatformType$CompatibilityRule         : loaded 2 times (x 75B)
Class org.jetbrains.kotlin.gradle.dsl.KotlinGradlePluginDsl                           : loaded 2 times (x 69B)
Class org.jetbrains.kotlin.gradle.internal.IdeaKt                                     : loaded 2 times (x 70B)
Class org.objectweb.asm.ClassWriter                                                   : loaded 2 times (x 105B)
Class org.codehaus.groovy.control.messages.Message                                    : loaded 2 times (x 71B)
Class org.jetbrains.kotlin.gradle.tasks.KotlinJavaToolchain$JdkSetter                 : loaded 2 times (x 69B)
Class org.jetbrains.kotlin.gradle.targets.js.npm.NpmDependency                        : loaded 2 times (x 96B)
Class org.jetbrains.kotlin.gradle.plugin.AbstractKotlinMultiplatformPluginWrapper     : loaded 2 times (x 85B)
Class org.jetbrains.kotlin.gradle.tasks.publishing.HelpersKt$inlined$sam$i$org_gradle_api_Action$0: loaded 2 times (x 74B)
Class org.jetbrains.kotlin.gradle.plugin.KotlinGradleFinishBuildHandler               : loaded 2 times (x 71B)
Class org.jetbrains.kotlin.gradle.plugin.statistics.FlowActionBuildFusService$Companion: loaded 2 times (x 70B)
Class org.jetbrains.kotlin.gradle.plugin.mpp.MppSourcesJarKt                          : loaded 2 times (x 70B)
Class org.jetbrains.kotlin.gradle.plugin.internal.UsesBuildIdProviderService          : loaded 2 times (x 69B)
Class org.jetbrains.kotlin.gradle.internal.KotlinDomApiDependencyManagementKt$configureKotlinDomApiDefaultDependency$1: loaded 2 times (x 78B)
Class org.codehaus.groovy.runtime.callsite.AbstractCallSite                           : loaded 2 times (x 144B)
Class org.jetbrains.kotlin.gradle.targets.js.dsl.KotlinWasmSubTargetContainerDsl      : loaded 2 times (x 69B)
Class org.jetbrains.kotlin.gradle.plugin.diagnostics.ToolingDiagnosticFactory         : loaded 2 times (x 72B)
Class org.jetbrains.kotlin.gradle.plugin.mpp.SyncLanguageSettingsWithKotlinExtensionSetupActionKt: loaded 2 times (x 70B)
Class kotlin.text.Charsets                                                            : loaded 2 times (x 70B)
Class org.jetbrains.kotlin.gradle.plugin.sources.KotlinDependencyScope$Companion      : loaded 2 times (x 70B)
Class org.jetbrains.kotlin.gradle.plugin.mpp.InternalKotlinTargetKt$special$$inlined$extrasStoredFuture$1: loaded 2 times (x 78B)
Class org.jetbrains.kotlin.gradle.plugin.mpp.compilationImpl.KotlinCreateLifecycleTasksSideEffectKt$KotlinCreateLifecycleTasksSideEffect$1: loaded 2 times (x 73B)
Class org.jetbrains.kotlin.gradle.targets.native.toolchain.KotlinNativeBundleBuildService$Companion: loaded 2 times (x 70B)
Class org.jetbrains.kotlin.gradle.plugin.KotlinGradleBuildServices$Companion$registerIfAbsent$1: loaded 2 times (x 74B)
Class org.codehaus.groovy.runtime.metaclass.MetaClassRegistryImpl                     : loaded 2 times (x 100B)
Class org.jetbrains.kotlin.gradle.plugin.hierarchy.KotlinSourceSetTreeClassifierKt$classify$1: loaded 2 times (x 87B)
Class org.jetbrains.kotlin.gradle.plugin.KotlinProjectSetupActionKt$KotlinProjectSetupCoroutine$1: loaded 2 times (x 74B)
Class org.codehaus.groovy.ast.stmt.ForStatement                                       : loaded 2 times (x 121B)
Class kotlin.collections.SetsKt                                                       : loaded 2 times (x 70B)
Class kotlin.jvm.internal.FunctionBase                                                : loaded 2 times (x 69B)
Class org.jetbrains.kotlin.gradle.internal.KotlinTestDependencyManagementKt$maybeAddTestDependencyCapability$1: loaded 2 times (x 74B)
Class com.android.ide.common.rendering.api.StyleableResourceValue                     : loaded 2 times (x 69B)
Class org.codehaus.groovy.runtime.callsite.CallSiteArray                              : loaded 2 times (x 71B)
Class org.codehaus.groovy.util.ReferenceManager$ThreadedReferenceManager              : loaded 2 times (x 76B)
Class it.unimi.dsi.fastutil.ints.IntArrays$ForkJoinQuickSort2                         : loaded 2 times (x 89B)
Class it.unimi.dsi.fastutil.objects.ObjectBidirectionalIterator                       : loaded 2 times (x 69B)
Class org.jetbrains.kotlin.gradle.plugin.diagnostics.checkers.IncorrectCompileOnlyDependenciesChecker$runChecks$1: loaded 2 times (x 87B)
Class org.codehaus.groovy.ast.stmt.ThrowStatement                                     : loaded 2 times (x 111B)
Class com.android.ide.common.resources.configuration.ScreenHeightQualifier            : loaded 2 times (x 87B)
Class org.jetbrains.kotlin.gradle.plugin.diagnostics.checkers.UnusedSourceSetsChecker$runChecks$1: loaded 2 times (x 87B)
Class com.android.ide.common.rendering.api.ResourceNamespace                          : loaded 2 times (x 79B)
Class kotlin.text.MatcherMatchResult                                                  : loaded 2 times (x 79B)
Class kotlin.collections.MapWithDefault                                               : loaded 2 times (x 69B)
Class kotlin.io.LinesSequence                                                         : loaded 2 times (x 74B)
Class kotlin.Function                                                                 : loaded 2 times (x 69B)
Class [Lcom.google.common.cache.CacheBuilder$OneWeigher;                              : loaded 2 times (x 68B)
Class org.codehaus.groovy.runtime.DefaultGroovyMethods$1                              : loaded 2 times (x 77B)
Class org.jetbrains.kotlin.gradle.plugin.internal.BuildIdService$Companion            : loaded 2 times (x 70B)
Class org.jetbrains.kotlin.gradle.targets.js.npm.NpmDependency$Scope                  : loaded 2 times (x 78B)
Class org.jetbrains.kotlin.gradle.plugin.statistics.FlowActionBuildFusService$Inject  : loaded 2 times (x 103B)
Class org.jetbrains.kotlin.gradle.plugin.mpp.KotlinUsages$KotlinMetadataDisambiguation: loaded 2 times (x 75B)
Class org.jetbrains.kotlin.gradle.tasks.publishing.HelpersKt$addPgpSignatureHelpers$1 : loaded 2 times (x 74B)
Class org.jetbrains.kotlin.gradle.plugin.mpp.KotlinCompilationFactory                 : loaded 2 times (x 69B)
Class org.jetbrains.kotlin.gradle.tasks.publishing.HelpersKt$addPgpSignatureHelpers$2 : loaded 2 times (x 73B)
Class com.google.common.cache.LocalCache$ComputingValueReference                      : loaded 2 times (x 95B)
Class org.jetbrains.kotlin.gradle.tasks.DefaultKotlinJavaToolchain$Companion$wireJvmTargetToToolchain$1: loaded 2 times (x 74B)
Class kotlin.KotlinVersion                                                            : loaded 2 times (x 73B)
Class com.android.sdklib.AndroidApiLevel$Companion                                    : loaded 2 times (x 70B)
Class org.jetbrains.kotlin.compilerRunner.KotlinCompilerArgumentsLogLevel$Companion   : loaded 2 times (x 70B)
Class org.jetbrains.kotlin.cli.common.arguments.CommonCompilerArguments               : loaded 2 times (x 74B)
Class org.jetbrains.kotlin.gradle.tasks.DefaultKotlinJavaToolchain$Companion$wireJvmTargetToToolchain$2: loaded 2 times (x 74B)
Class groovyjarjarasm.asm.AnnotationVisitor                                           : loaded 2 times (x 77B)
Class kotlin.reflect.jvm.internal.impl.builtins.PrimitiveType                         : loaded 2 times (x 78B)
Class kotlin.reflect.jvm.internal.KProperty2Impl$$Lambda$0                            : loaded 2 times (x 75B)
Class com.android.tools.lint.model.DefaultLintModelLibraryResolver                    : loaded 2 times (x 75B)
Class org.jetbrains.kotlin.gradle.dsl.KotlinJvmOptions                                : loaded 2 times (x 69B)
Class kotlin.reflect.jvm.internal.KProperty2Impl$$Lambda$1                            : loaded 2 times (x 75B)
Class org.jetbrains.kotlin.gradle.internal.diagnostics.KotlinCompilerEmbeddableCheck  : loaded 2 times (x 70B)
Class org.gradle.api.UncheckedIOException                                             : loaded 2 times (x 81B)
Class kotlin.collections.builders.ListBuilder                                         : loaded 2 times (x 168B)
Class org.jetbrains.kotlin.gradle.plugin.diagnostics.checkers.AndroidSourceSetLayoutV1SourceSetsNotFoundChecker$runChecks$1: loaded 2 times (x 87B)
Class kotlin.reflect.jvm.internal.CacheByClassKt                                      : loaded 2 times (x 70B)
Class org.jetbrains.kotlin.gradle.tasks.KotlinCompile_Decorated                       : loaded 2 times (x 609B)
Class org.jetbrains.kotlin.gradle.plugin.internal.state.TaskLoggers                   : loaded 2 times (x 70B)
Class org.jetbrains.kotlin.statistics.metrics.StringMetrics$Companion                 : loaded 2 times (x 70B)
Class com.google.protobuf.UnsafeUtil$1                                                : loaded 2 times (x 75B)
Class kotlin.coroutines.jvm.internal.RestrictedContinuationImpl                       : loaded 2 times (x 86B)
Class org.jetbrains.kotlin.gradle.plugin.mpp.ApplyUserDefinedAttributesKt             : loaded 2 times (x 70B)
Class [Lorg.codehaus.groovy.util.ReferenceType;                                       : loaded 2 times (x 68B)
Class kotlin.io.FilesKt__FileReadWriteKt                                              : loaded 2 times (x 70B)
Class [Lcom.google.common.io.FileWriteMode;                                           : loaded 2 times (x 68B)
Class org.jetbrains.kotlin.gradle.plugin.statistics.BuildFusService$Companion$registerIfAbsentImpl$generalConfigurationMetricsProvider$1: loaded 2 times (x 74B)
Class org.codehaus.groovy.runtime.memoize.MemoizeCache                                : loaded 2 times (x 69B)
Class org.jetbrains.kotlin.gradle.utils.MutableObservableSet                          : loaded 2 times (x 69B)
Class kotlin.sequences.DistinctIterator                                               : loaded 2 times (x 82B)
Class org.jetbrains.kotlin.gradle.plugin.KotlinCompilation$DefaultImpls               : loaded 2 times (x 70B)
Class org.jetbrains.kotlin.gradle.internal.KotlinDomApiDependencyManagementKt$addKotlinDomApiDependency$1: loaded 2 times (x 74B)
Class org.jetbrains.kotlin.konan.target.KonanTarget$ANDROID_ARM64                     : loaded 2 times (x 77B)
Class org.jetbrains.kotlin.konan.target.KonanTarget$WATCHOS_DEVICE_ARM64              : loaded 2 times (x 77B)
Class org.jetbrains.kotlin.gradle.plugin.diagnostics.checkers.DisabledNativeTargetsChecker: loaded 2 times (x 73B)
Class org.jetbrains.kotlin.gradle.internal.properties.NativePropertiesLoader$actualNativeHomeDirectory$1: loaded 2 times (x 74B)
Class org.jetbrains.kotlin.gradle.plugin.internal.ConfigurationCacheStartParameterAccessorKt: loaded 2 times (x 70B)
Class groovyjarjarasm.asm.Handler                                                     : loaded 2 times (x 71B)
Class org.jetbrains.kotlin.gradle.internal.properties.NativePropertiesLoader$actualNativeHomeDirectory$2: loaded 2 times (x 73B)
Class com.android.ide.common.repository.AgpVersion$PreviewKind                        : loaded 2 times (x 78B)
Class org.jetbrains.kotlin.gradle.internal.properties.NativePropertiesLoader$actualNativeHomeDirectory$3: loaded 2 times (x 74B)
Class [Lkotlin.annotation.AnnotationTarget;                                           : loaded 2 times (x 68B)
Class org.codehaus.groovy.ast.stmt.WhileStatement                                     : loaded 2 times (x 117B)
Class org.jetbrains.kotlin.gradle.plugin.statistics.DaemonReuseCounter                : loaded 2 times (x 75B)
Class org.jetbrains.kotlin.gradle.plugin.diagnostics.KotlinToolingDiagnosticsSetupActionKt: loaded 2 times (x 70B)
Class org.jetbrains.kotlin.gradle.plugin.internal.DefaultProjectIsolationStartParameterAccessor$Factory: loaded 2 times (x 75B)
Class org.jetbrains.kotlin.gradle.plugin.KotlinPluginWrapperKt$kotlinToolingVersion$2 : loaded 2 times (x 77B)
Class groovyjarjarasm.asm.MethodVisitor                                               : loaded 2 times (x 104B)
Class org.codehaus.groovy.runtime.metaclass.MethodMetaProperty$GetMethodMetaProperty  : loaded 2 times (x 77B)
Class org.codehaus.groovy.ast.ClassCodeVisitorSupport                                 : loaded 2 times (x 210B)
Class org.codehaus.groovy.ast.CodeVisitorSupport                                      : loaded 2 times (x 185B)
Class com.google.common.collect.ForwardingCollection                                  : loaded 2 times (x 129B)
Class org.jetbrains.kotlin.gradle.utils.StoredPropertyKt                              : loaded 2 times (x 70B)
Class org.jetbrains.kotlin.gradle.plugin.KotlinSourceSetContainer                     : loaded 2 times (x 69B)
Class org.jetbrains.kotlin.gradle.tasks.DefaultKotlinJavaToolchain$DefaultJavaToolchainSetter$useAsConvention$1: loaded 2 times (x 74B)
Class org.jetbrains.kotlin.gradle.plugin.internal.ProjectIsolationStartParameterAccessor$Factory: loaded 2 times (x 69B)
Class org.jetbrains.kotlin.gradle.plugin.statistics.BuildFinishBuildService           : loaded 2 times (x 79B)
Class org.codehaus.groovy.reflection.stdclasses.StringCachedClass                     : loaded 2 times (x 94B)
Class kotlin.reflect.full.IllegalCallableAccessException                              : loaded 2 times (x 81B)
Class [Lkotlin.jvm.functions.Function1;                                               : loaded 2 times (x 68B)
Class org.jetbrains.kotlin.statistics.metrics.NumberOverridePolicy$OVERRIDE           : loaded 2 times (x 84B)
Class org.jetbrains.kotlin.statistics.metrics.StringOverridePolicy$CONCAT             : loaded 2 times (x 84B)
Class org.jetbrains.kotlin.tooling.core.Extras$Key                                    : loaded 2 times (x 71B)
Class com.google.gson.JsonParseException                                              : loaded 2 times (x 81B)
Class org.jetbrains.kotlin.gradle.tasks.K2MultiplatformCompilationTask                : loaded 2 times (x 69B)
Class org.jetbrains.kotlin.gradle.artifacts.KotlinNativeHostSpecificMetadataArtifactKt$KotlinNativeHostSpecificMetadataArtifact$1: loaded 2 times (x 73B)
Class org.jetbrains.kotlin.gradle.targets.js.npm.NpmDependencyExtensionKt$AddNpmDependencyExtensionProjectSetupAction$1: loaded 2 times (x 73B)
Class androidx.appcompat.res.ColorStateListLoadingDetector$Companion                  : loaded 2 times (x 70B)
Class kotlin.coroutines.CoroutineContext$Element$DefaultImpls                         : loaded 2 times (x 70B)
Class org.jetbrains.kotlin.gradle.ExternalKotlinTargetApi                             : loaded 2 times (x 69B)
Class org.jetbrains.kotlin.gradle.plugin.mpp.compilationImpl.DefaultKotlinCompilationFriendPathsResolver$CompositeFriendArtifactResolver: loaded 2 times (x 74B)
Class com.android.ide.common.resources.ResourceMergerItem$1                           : loaded 2 times (x 122B)
Class com.android.ide.common.resources.ResourceMergerItem$2                           : loaded 2 times (x 116B)
Class kotlin.properties.ReadOnlyProperty                                              : loaded 2 times (x 69B)
Class org.jetbrains.kotlin.gradle.plugin.mpp.compilationImpl.KotlinCompilationImpl$associateWith$2: loaded 2 times (x 78B)
Class groovy.lang.MetaClassImpl$1MOPIter                                              : loaded 2 times (x 75B)
Class org.jetbrains.kotlin.gradle.dsl.abi.ExperimentalAbiValidation                   : loaded 2 times (x 69B)
Class org.jetbrains.kotlin.gradle.utils.ConfigurationCacheOpaqueValueSource           : loaded 2 times (x 78B)
Class kotlin.reflect.jvm.internal.ReflectProperties$Val                               : loaded 2 times (x 73B)
Class com.android.prefs.PathLocator                                                   : loaded 2 times (x 72B)
Class com.google.common.cache.LocalCache$Strength                                     : loaded 2 times (x 80B)
Class org.codehaus.groovy.ast.ClassCodeExpressionTransformer                          : loaded 2 times (x 214B)
Class org.jetbrains.kotlin.gradle.plugin.diagnostics.CheckKotlinGradlePluginConfigurationErrorsKt: loaded 2 times (x 70B)
Class org.jetbrains.kotlin.gradle.tooling.BuildKotlinToolingMetadataTaskKt$buildKotlinToolingMetadataTask$1: loaded 2 times (x 77B)
Class androidx.appcompat.res.ImageViewTintDetector$Companion                          : loaded 2 times (x 70B)
Class org.jetbrains.kotlin.gradle.utils.ConfigurationCacheOpaqueValue                 : loaded 2 times (x 71B)
Class org.jetbrains.kotlin.gradle.utils.FailuresKt                                    : loaded 2 times (x 70B)
Class org.jetbrains.kotlin.gradle.internal.properties.NativePropertiesLoader$nativeCacheKind$1: loaded 2 times (x 74B)
Class kotlin.collections.builders.MapBuilder$EntriesItr                               : loaded 2 times (x 80B)
Class com.google.common.collect.AbstractMapBasedMultimap$KeySet                       : loaded 2 times (x 136B)
Class kotlin.reflect.jvm.internal.impl.builtins.functions.FunctionTypeKind$Function   : loaded 2 times (x 71B)
Class kotlin.reflect.KProperty$Getter                                                 : loaded 2 times (x 69B)
Class org.jetbrains.kotlin.gradle.plugin.mpp.KotlinTargetSoftwareComponentImplKt      : loaded 2 times (x 70B)
Class org.jetbrains.kotlin.gradle.plugin.KotlinPluginLifecycle$ProjectConfigurationResult$Failure: loaded 2 times (x 71B)
Class org.jetbrains.kotlin.gradle.plugin.statistics.BuildFinishFlowAction$Parameters_Decorated: loaded 2 times (x 136B)
Class groovyjarjarasm.asm.ModuleVisitor                                               : loaded 2 times (x 80B)
Class kotlin.text.MatcherMatchResult$groupValues$1                                    : loaded 2 times (x 159B)
Class org.jetbrains.kotlin.gradle.targets.native.KonanPropertiesBuildService$Companion$registerIfAbsent$2$1: loaded 2 times (x 78B)
Class org.codehaus.groovy.reflection.stdclasses.ObjectCachedClass                     : loaded 2 times (x 94B)
Class groovy.lang.SpreadMapEvaluatingException                                        : loaded 2 times (x 86B)
Class kotlin.Unit                                                                     : loaded 2 times (x 70B)
Class it.unimi.dsi.fastutil.Hash$Strategy                                             : loaded 2 times (x 69B)
Class com.android.ide.common.rendering.api.ArrayResourceValueImpl                     : loaded 2 times (x 122B)
Class com.android.tools.analytics.AnalyticsSettingsData$DataTypeAdapter               : loaded 2 times (x 72B)
Class groovyjarjarasm.asm.ModuleWriter                                                : loaded 2 times (x 81B)
Class org.codehaus.groovy.ast.expr.BooleanExpression                                  : loaded 2 times (x 127B)
Class com.google.common.collect.AbstractMapBasedMultimap$RandomAccessWrappedList      : loaded 2 times (x 166B)
Class org.jetbrains.kotlin.gradle.plugin.mpp.compilationImpl.KotlinCompilationImpl$Params: loaded 2 times (x 71B)
Class org.codehaus.groovy.runtime.memoize.UnlimitedConcurrentCache                    : loaded 2 times (x 133B)
Class org.objectweb.asm.Handler                                                       : loaded 2 times (x 71B)
Class org.gradle.api.internal.classpath.GlobalCacheRootsProvider                      : loaded 2 times (x 69B)
Class com.google.protobuf.IterableByteBufferInputStream                               : loaded 2 times (x 91B)
Class kotlin.reflect.jvm.internal.KDeclarationContainerImpl$Data$$Lambda$0            : loaded 2 times (x 75B)
Class org.jetbrains.kotlin.gradle.plugin.mpp.SyncLanguageSettingsWithKotlinExtensionSetupActionKt$SyncLanguageSettingsWithKotlinExtensionSetupAction$1$1: loaded 2 times (x 74B)
Class org.jetbrains.kotlin.gradle.plugin.mpp.SyncLanguageSettingsWithKotlinExtensionSetupActionKt$SyncLanguageSettingsWithKotlinExtensionSetupAction$1$2: loaded 2 times (x 74B)
Class com.google.protobuf.MutabilityOracle                                            : loaded 2 times (x 69B)
Class org.codehaus.groovy.runtime.wrappers.PojoWrapper                                : loaded 2 times (x 87B)
Class kotlin.reflect.jvm.internal.impl.name.FqNameUnsafe                              : loaded 2 times (x 71B)
Class org.jetbrains.kotlin.gradle.plugin.ProjectLocalConfigurationsKt                 : loaded 2 times (x 70B)
Class com.google.protobuf.AbstractMessageLite                                         : loaded 2 times (x 100B)
Class org.codehaus.groovy.util.ManagedReference                                       : loaded 2 times (x 75B)
Class kotlin.coroutines.CoroutineContext$Key                                          : loaded 2 times (x 69B)
Class kotlin.collections.CollectionsKt                                                : loaded 2 times (x 70B)
Class com.android.ide.common.gradle.Numeric                                           : loaded 2 times (x 76B)
Class org.jetbrains.kotlin.gradle.tasks.configuration.AbstractKotlinCompileConfig$2$1 : loaded 2 times (x 78B)
Class kotlin.collections.ArraysKt___ArraysJvmKt                                       : loaded 2 times (x 70B)
Class org.jetbrains.kotlin.gradle.dsl.KotlinJvmCompilerOptionsHelper                  : loaded 2 times (x 70B)
Class com.google.protobuf.InvalidProtocolBufferException                              : loaded 2 times (x 87B)
Class org.jetbrains.kotlin.gradle.tasks.configuration.AbstractKotlinCompileConfig$2$3 : loaded 2 times (x 74B)
Class org.jetbrains.kotlin.gradle.plugin.mpp.ApplyUserDefinedAttributesKt$UserDefinedAttributesSetupAction$1$1$3: loaded 2 times (x 74B)
Class kotlin.collections.CollectionsKt___CollectionsJvmKt                             : loaded 2 times (x 70B)
Class org.jetbrains.kotlin.gradle.tasks.configuration.AbstractKotlinCompileConfig$2$4 : loaded 2 times (x 74B)
Class org.codehaus.groovy.util.ReferenceType$HardRef                                  : loaded 2 times (x 79B)
Class [Lorg.jetbrains.kotlin.konan.util.Named;                                        : loaded 2 times (x 68B)
Class org.jetbrains.kotlin.gradle.plugin.diagnostics.checkers.CommonMainOrTestWithDependsOnChecker: loaded 2 times (x 73B)
Class [Lorg.codehaus.groovy.ast.ClassNode;                                            : loaded 2 times (x 68B)
Class org.codehaus.groovy.runtime.GroovyCategorySupport$MyThreadLocal                 : loaded 2 times (x 82B)
Class org.jetbrains.kotlin.gradle.plugin.diagnostics.DiagnosticGroup$Base             : loaded 2 times (x 80B)
Class org.jetbrains.kotlin.gradle.internal.transforms.BuildToolsApiClasspathEntrySnapshotTransform$Parameters$Inject: loaded 2 times (x 118B)
Class org.codehaus.groovy.reflection.CachedMethod$MyComparator                        : loaded 2 times (x 89B)
Class org.jetbrains.kotlin.gradle.plugin.mpp.KotlinUsages$setupAttributesMatchingStrategy$1: loaded 2 times (x 73B)
Class com.google.common.cache.LocalCache$ValueReference                               : loaded 2 times (x 69B)
Class com.google.common.collect.CollectSpliterators                                   : loaded 2 times (x 70B)
Class org.jetbrains.kotlin.gradle.dsl.KotlinTopLevelExtension                         : loaded 2 times (x 69B)
Class com.google.protobuf.UnsafeUtil                                                  : loaded 2 times (x 70B)
Class org.codehaus.groovy.ast.expr.CastExpression                                     : loaded 2 times (x 132B)
Class com.android.ide.common.resources.configuration.ScreenWidthQualifier             : loaded 2 times (x 87B)
Class kotlin.coroutines.jvm.internal.CompletedContinuation                            : loaded 2 times (x 74B)
Class org.codehaus.groovy.runtime.dgmimpl.arrays.CharacterArrayGetAtMetaMethod        : loaded 2 times (x 96B)
Class com.android.tools.lint.model.DefaultLintModelLintOptions                        : loaded 2 times (x 102B)
Class org.jetbrains.kotlin.gradle.dsl.JvmTarget                                       : loaded 2 times (x 78B)
Class com.android.ide.common.rendering.api.ResourceNamespace$Resolver                 : loaded 2 times (x 69B)
Class org.jetbrains.kotlin.gradle.plugin.diagnostics.checkers.WasmSourceSetsNotFoundChecker$runChecks$1: loaded 2 times (x 87B)
Class org.jetbrains.kotlin.gradle.utils.ObservableSet                                 : loaded 2 times (x 69B)
Class it.unimi.dsi.fastutil.objects.AbstractObject2IntFunction                        : loaded 2 times (x 118B)
Class com.google.common.io.Java8Compatibility                                         : loaded 2 times (x 70B)
Class groovyjarjarasm.asm.FieldVisitor                                                : loaded 2 times (x 76B)
Class org.codehaus.groovy.runtime.MethodKey                                           : loaded 2 times (x 78B)
Class groovy.lang.Buildable                                                           : loaded 2 times (x 69B)
Class org.jetbrains.kotlin.gradle.plugin.mpp.MppSourcesJarKt$sourcesJarTaskNamed$result$1: loaded 2 times (x 78B)
Class org.jetbrains.kotlin.gradle.utils.KotlinExtensionUtilsKt$forAllTargets$1        : loaded 2 times (x 94B)
Class org.gradle.internal.classloader.ClasspathUtil                                   : loaded 2 times (x 70B)
Class kotlin.ranges.RangesKt__RangesKt                                                : loaded 2 times (x 70B)
Class org.jetbrains.kotlin.gradle.plugin.statistics.BuildFusService$Companion$registerIfAbsent$1$1$1: loaded 2 times (x 74B)
Class groovy.lang.MetaBeanProperty                                                    : loaded 2 times (x 82B)
Class org.jetbrains.kotlin.gradle.internal.StdlibDependencyManagementKt$configureStdlibVersionAlignment$1: loaded 2 times (x 74B)
Class org.objectweb.asm.CurrentFrame                                                  : loaded 2 times (x 72B)
Class org.codehaus.groovy.runtime.ProcessGroovyMethods                                : loaded 2 times (x 70B)
Class org.jetbrains.kotlin.gradle.plugin.abi.AbiValidationTaskSet$setClasspath$1      : loaded 2 times (x 74B)
Class com.google.common.util.concurrent.AbstractFuture                                : loaded 2 times (x 94B)
Class com.android.tools.analytics.AnalyticsSettingsData                               : loaded 2 times (x 71B)
Class com.android.tools.analytics.Environment$Companion$SYSTEM$1                      : loaded 2 times (x 72B)
Class com.android.ide.common.gradle.Version$Companion                                 : loaded 2 times (x 70B)
Class kotlin.NotImplementedError                                                      : loaded 2 times (x 81B)
Class org.jetbrains.kotlin.gradle.plugin.abi.AbiValidationTaskSet$setClasspath$2      : loaded 2 times (x 74B)
Class org.jetbrains.kotlin.gradle.targets.native.internal.CommonizerTasksKt           : loaded 2 times (x 70B)
Class org.jetbrains.kotlin.gradle.plugin.KotlinPluginLifecycleImpl$WhenMappings       : loaded 2 times (x 70B)
Class org.codehaus.groovy.runtime.memoize.CommonCache                                 : loaded 2 times (x 153B)
Class it.unimi.dsi.fastutil.objects.ObjectSpliterator                                 : loaded 2 times (x 69B)
Class org.jetbrains.kotlin.gradle.targets.native.toolchain.KotlinNativeBundleBuildService$Companion$registerIfAbsent$1: loaded 2 times (x 74B)
Class org.jetbrains.kotlin.gradle.plugin.BuildEventsListenerRegistryHolder$Companion  : loaded 2 times (x 70B)
Class org.jetbrains.kotlin.gradle.plugin.BuildFinishAndConfigurationTimeMetricsFlowAction$Parameters_Decorated: loaded 2 times (x 142B)
Class org.codehaus.groovy.ast.ClassNode                                               : loaded 2 times (x 242B)
Class org.jetbrains.kotlin.gradle.dsl.KotlinCommonCompilerToolOptions                 : loaded 2 times (x 69B)
Class org.jetbrains.kotlin.gradle.utils.GradleConfigurationUtilsKt$addGradlePluginMetadataAttributes$1: loaded 2 times (x 74B)
Class kotlin.reflect.jvm.internal.impl.builtins.functions.FunctionTypeKind            : loaded 2 times (x 71B)
Class org.jetbrains.kotlin.tooling.core.HasMutableExtras                              : loaded 2 times (x 69B)
Class kotlin.properties.ReadWriteProperty                                             : loaded 2 times (x 69B)
Class org.codehaus.groovy.ast.GroovyClassVisitor                                      : loaded 2 times (x 69B)
Class org.codehaus.groovy.reflection.MixinInMetaClass                                 : loaded 2 times (x 86B)
Class org.codehaus.groovy.runtime.m12n.ExtensionModuleRegistry                        : loaded 2 times (x 76B)
Class org.jetbrains.kotlin.gradle.tasks.CompileUsingKotlinDaemon                      : loaded 2 times (x 69B)
Class [Lcom.android.ide.common.repository.AgpVersion$PreviewKind;                     : loaded 2 times (x 68B)
Class org.jetbrains.kotlin.gradle.plugin.RegisterKotlinPluginExtensionsKt             : loaded 2 times (x 70B)
Class org.jetbrains.kotlin.gradle.plugin.statistics.BuildFusService$Parameters_Decorated: loaded 2 times (x 142B)
Class org.jetbrains.kotlin.gradle.internal.transforms.BuildToolsApiClasspathEntrySnapshotTransform$Inject1: loaded 2 times (x 112B)
Class org.jetbrains.kotlin.gradle.dsl.abi.AbiValidationLegacyDumpExtension            : loaded 2 times (x 69B)
Class org.jetbrains.kotlin.gradle.dsl.KotlinCommonCompilerOptionsHelper               : loaded 2 times (x 70B)
Class com.google.protobuf.ProtocolMessageEnum                                         : loaded 2 times (x 69B)
Class com.android.resources.FolderTypeRelationship                                    : loaded 2 times (x 70B)
Class kotlin.coroutines.CoroutineContext$Element                                      : loaded 2 times (x 69B)
Class org.jetbrains.kotlin.gradle.tasks.KotlinCompile$javaSources$1                   : loaded 2 times (x 74B)
Class org.jetbrains.kotlin.gradle.plugin.abi.UtilsKt                                  : loaded 2 times (x 70B)
Class groovyjarjarasm.asm.RecordComponentVisitor                                      : loaded 2 times (x 76B)
Class kotlin.collections.CollectionsKt__IteratorsKt                                   : loaded 2 times (x 70B)
Class com.android.prefs.AndroidLocationsException                                     : loaded 2 times (x 81B)
Class [Lcom.google.protobuf.ProtocolMessageEnum;                                      : loaded 2 times (x 68B)
Class org.codehaus.groovy.util.AbstractConcurrentMap                                  : loaded 2 times (x 81B)
Class org.codehaus.groovy.runtime.metaclass.MetaMethodIndex$EntryIterator             : loaded 2 times (x 69B)
Class kotlin.reflect.jvm.internal.impl.resolve.jvm.JvmPrimitiveType                   : loaded 2 times (x 78B)
Class build_a17zssowby5u5y11ddl9usckl$_run_closure1                                   : loaded 2 times (x 138B)
Class com.google.common.collect.ReverseOrdering                                       : loaded 2 times (x 114B)
Class org.jetbrains.kotlin.konan.target.KonanTarget$MACOS_ARM64                       : loaded 2 times (x 77B)
Class org.jetbrains.kotlin.compilerRunner.GradleCliCommonizerKt                       : loaded 2 times (x 70B)
Class com.android.ide.common.resources.DataFile$FileType                              : loaded 2 times (x 78B)
Class com.google.common.collect.TransformedListIterator                               : loaded 2 times (x 92B)
Class org.jetbrains.kotlin.gradle.internal.transforms.BuildToolsApiClasspathEntrySnapshotTransform: loaded 2 times (x 81B)
Class org.jetbrains.kotlin.gradle.plugin.diagnostics.ToolingDiagnosticRenderingOptionsKt$WhenMappings: loaded 2 times (x 70B)
Class kotlin.reflect.jvm.internal.impl.builtins.CompanionObjectMapping                : loaded 2 times (x 70B)
Class com.google.common.base.Ticker$1                                                 : loaded 2 times (x 71B)
Class org.gradle.api.internal.DefaultClassPathRegistry                                : loaded 2 times (x 75B)
Class com.google.gson.TypeAdapter                                                     : loaded 2 times (x 72B)
Class com.google.common.base.Splitter$5                                               : loaded 2 times (x 79B)
Class org.jetbrains.kotlin.gradle.targets.ConfigureNonPackedKlibConsumingSideEffectKt$ConfigureNonPackedKlibConsumingSideEffect$1: loaded 2 times (x 73B)
Class org.jetbrains.kotlin.gradle.plugin.KotlinProjectSetupAction                     : loaded 2 times (x 69B)
Class org.codehaus.groovy.runtime.wrappers.Wrapper                                    : loaded 2 times (x 87B)
Class com.android.tools.lint.model.LintModelModuleType                                : loaded 2 times (x 78B)
Class org.jetbrains.kotlin.statistics.metrics.NumberOverridePolicy$OVERRIDE$fromStringRepresentation$1: loaded 2 times (x 77B)
Class org.jetbrains.kotlin.gradle.dsl.ToolchainSupport$Companion                      : loaded 2 times (x 70B)
Class groovy.lang.MetaObjectProtocol                                                  : loaded 2 times (x 69B)
Class com.google.common.collect.AbstractIterator$State                                : loaded 2 times (x 78B)
Class [Lorg.jetbrains.kotlin.gradle.plugin.mpp.compilationImpl.DefaultKotlinCompilationFriendPathsResolver$FriendArtifactResolver;: loaded 2 times (x 68B)
Class org.jetbrains.kotlin.gradle.dsl.IosSourceSetConventionChecker$runChecks$1       : loaded 2 times (x 87B)
Class com.google.common.util.concurrent.AbstractFuture$Cancellation                   : loaded 2 times (x 71B)
Class [Lorg.objectweb.asm.Symbol;                                                     : loaded 2 times (x 68B)
Class org.codehaus.groovy.ast.Parameter                                               : loaded 2 times (x 150B)
Class org.codehaus.groovy.reflection.stdclasses.DoubleCachedClass                     : loaded 2 times (x 94B)
Class com.google.common.collect.Multimaps$Entries                                     : loaded 2 times (x 117B)
Class com.google.common.base.Predicates                                               : loaded 2 times (x 70B)
Class org.jetbrains.kotlin.gradle.plugin.mpp.compilationImpl.CreateCInteropTasksSideEffectKt: loaded 2 times (x 70B)
Class org.jetbrains.kotlin.gradle.plugin.internal.CompatibilityConventionRegistrar    : loaded 2 times (x 69B)
Class org.jetbrains.kotlin.gradle.dsl.KotlinProjectExtension$awaitSourceSets$1        : loaded 2 times (x 87B)
Class org.codehaus.groovy.reflection.stdclasses.IntegerCachedClass                    : loaded 2 times (x 94B)
Class com.android.tools.lint.model.DefaultLintModelMavenName                          : loaded 2 times (x 86B)
Class org.jetbrains.kotlin.gradle.targets.ConfigureBuildSideEffectKt$ConfigureBuildSideEffect$1: loaded 2 times (x 73B)
Class kotlin.reflect.jvm.internal.KPackageImpl                                        : loaded 2 times (x 84B)
Class org.jetbrains.kotlin.gradle.plugin.mpp.KotlinMetadataTarget                     : loaded 2 times (x 160B)
Class org.jetbrains.kotlin.gradle.plugin.KotlinGradleBuildServices$Parameters_Decorated: loaded 2 times (x 133B)
Class org.jetbrains.kotlin.gradle.plugin.internal.DefaultCompatibilityConventionRegistrar$Factory: loaded 2 times (x 75B)
Class com.google.protobuf.InvalidProtocolBufferException$InvalidWireTypeException     : loaded 2 times (x 87B)
Class org.codehaus.groovy.reflection.stdclasses.ShortCachedClass                      : loaded 2 times (x 94B)
Class org.jetbrains.kotlin.statistics.metrics.NumberAnonymizationPolicy               : loaded 2 times (x 84B)
Class org.gradle.api.internal.classpath.DefaultModuleRegistry$DefaultModule           : loaded 2 times (x 85B)
Class kotlin.coroutines.ContinuationInterceptor$Key                                   : loaded 2 times (x 70B)
Class org.jetbrains.kotlin.gradle.plugin.diagnostics.checkers.KotlinTargetAlreadyDeclaredChecker$runChecks$1: loaded 2 times (x 87B)
Class org.jetbrains.kotlin.gradle.targets.native.SetupEmbedAndSignAppleFrameworkTaskSideEffectKt: loaded 2 times (x 70B)
Class groovyjarjarasm.asm.ClassTooLargeException                                      : loaded 2 times (x 82B)
Class com.google.common.io.LineReader                                                 : loaded 2 times (x 71B)
Class org.jetbrains.kotlin.gradle.plugin.diagnostics.checkers.MissingNativeStdlibChecker$runChecks$1: loaded 2 times (x 87B)
Class org.jetbrains.kotlin.gradle.plugin.mpp.KotlinVariant                            : loaded 2 times (x 100B)
Class org.jetbrains.kotlin.gradle.plugin.statistics.BuildFinishBuildService$Companion : loaded 2 times (x 70B)
Class org.jetbrains.kotlin.gradle.utils.StoredLazyProperty                            : loaded 2 times (x 74B)
Class org.codehaus.groovy.runtime.dgmimpl.NumberNumberPlus                            : loaded 2 times (x 113B)
Class org.jetbrains.kotlin.gradle.plugin.PropertiesProvider$separateKmpCompilation$1  : loaded 2 times (x 78B)
Class org.jetbrains.kotlin.gradle.targets.native.internal.SetupKotlinNativePlatformDependenciesAndStdlibKt$SetupKotlinNativePlatformDependenciesAndStdlib$1: loaded 2 times (x 73B)
Class org.jetbrains.kotlin.gradle.plugin.DefaultKotlinBasePlugin$addKotlinCompilerConfiguration$2$1$1$1: loaded 2 times (x 74B)
Class groovyjarjarasm.asm.Attribute                                                   : loaded 2 times (x 76B)
Class org.jetbrains.kotlin.gradle.utils.WhenPluginEnabledKt$whenPluginsEnabled$1      : loaded 2 times (x 74B)
Class com.android.ide.common.rendering.api.AttrResourceValueImpl                      : loaded 2 times (x 121B)
Class org.jetbrains.kotlin.gradle.targets.js.npm.NpmDependencyExtension               : loaded 2 times (x 69B)
Class org.jetbrains.kotlin.gradle.tasks.DefaultKotlinJavaToolchain$Companion          : loaded 2 times (x 70B)
Class com.android.resources.ScreenRatio                                               : loaded 2 times (x 85B)
Class com.google.protobuf.AbstractMessage                                             : loaded 2 times (x 163B)
Class org.jetbrains.kotlin.gradle.tasks.K2MultiplatformStructure$Fragment             : loaded 2 times (x 71B)
Class org.jetbrains.kotlin.gradle.plugin.diagnostics.checkers.AndroidPluginWithoutAndroidTargetChecker: loaded 2 times (x 73B)
Class org.jetbrains.kotlin.gradle.targets.js.npm.PeerNpmDependencyExtension           : loaded 2 times (x 69B)
Class org.jetbrains.kotlin.gradle.plugin.PropertiesProvider$localProperties$2         : loaded 2 times (x 78B)
Class org.jetbrains.kotlin.gradle.internal.KotlinDependenciesManagementKt$CustomizeKotlinDependenciesSetupAction$1: loaded 2 times (x 73B)
Class org.jetbrains.kotlin.gradle.plugin.UsesBuildFinishedListenerService             : loaded 2 times (x 69B)
Class org.jetbrains.kotlin.konan.target.KonanTarget                                   : loaded 2 times (x 77B)
Class org.jetbrains.kotlin.gradle.plugin.KotlinPlatformType                           : loaded 2 times (x 81B)
Class kotlin.reflect.KMutableProperty                                                 : loaded 2 times (x 69B)
Class kotlin.reflect.KClassifier                                                      : loaded 2 times (x 69B)
Class org.jetbrains.kotlin.gradle.plugin.mpp.compilationImpl.factory.CompositePostConfigure: loaded 2 times (x 74B)
Class [Lorg.jetbrains.kotlin.gradle.plugin.HasProject;                                : loaded 2 times (x 68B)
Class org.jetbrains.kotlin.gradle.plugin.statistics.FlowActionBuildFusService$getConfigurationTimeMetrics$1: loaded 2 times (x 74B)
Class org.jetbrains.kotlin.gradle.plugin.internal.DefaultConfigurationCacheStartParameterAccessorVariantFactory: loaded 2 times (x 75B)
Class org.codehaus.groovy.runtime.dgm$1154                                            : loaded 2 times (x 95B)
Class org.jetbrains.kotlin.gradle.utils.CompilerOptionsKt$configureExperimentalTryNext$1$1: loaded 2 times (x 77B)
Class org.jetbrains.kotlin.gradle.plugin.diagnostics.KotlinToolingDiagnosticsCollectorKt$kotlinToolingDiagnosticsCollectorProvider$1$execute$$inlined$variantImplementationFactoryProvider$1: loaded 2 times (x 73B)
Class org.jetbrains.kotlin.gradle.plugin.mpp.KotlinMetadataCompilation                : loaded 2 times (x 69B)
Class org.jetbrains.kotlin.gradle.plugin.sources.KotlinDependencyScope                : loaded 2 times (x 78B)
Class org.jetbrains.kotlin.gradle.tasks.configuration.BaseKotlinCompileConfig$configureCommonParameters$1: loaded 2 times (x 73B)
Class org.jetbrains.kotlin.gradle.utils.ResourceUtilsKt                               : loaded 2 times (x 70B)
Class org.codehaus.groovy.reflection.ReflectionCache                                  : loaded 2 times (x 70B)
Class kotlin.text.StringsKt__StringsKt                                                : loaded 2 times (x 70B)
Class org.jetbrains.kotlin.gradle.tasks.configuration.BaseKotlinCompileConfig$configureCommonParameters$2: loaded 2 times (x 74B)
Class org.jetbrains.kotlin.gradle.internal.abi.AbiValidationLegacyDumpExtensionImpl_Decorated: loaded 2 times (x 130B)
Class com.android.tools.lint.model.DefaultLintModelVariant$artifact$2                 : loaded 2 times (x 78B)
Class org.jetbrains.kotlin.gradle.plugin.AbstractKotlinJsPluginWrapper                : loaded 2 times (x 85B)
Class org.codehaus.groovy.util.AbstractConcurrentMapBase$Entry                        : loaded 2 times (x 69B)
Class kotlin.comparisons.ComparisonsKt___ComparisonsKt                                : loaded 2 times (x 70B)
Class org.jetbrains.kotlin.gradle.plugin.statistics.KotlinBuildStatisticsUtilsKt      : loaded 2 times (x 70B)
Class [Lorg.jetbrains.kotlin.gradle.plugin.sources.KotlinDependencyScope;             : loaded 2 times (x 68B)
Class org.jetbrains.kotlin.gradle.utils.ConfigurationsKt$maybeCreateDependencyScope$1 : loaded 2 times (x 77B)
Class org.jetbrains.kotlin.gradle.plugin.KotlinJsPluginWrapper                        : loaded 2 times (x 85B)
Class com.google.common.base.Suppliers$SupplierOfInstance                             : loaded 2 times (x 78B)
Class [Lorg.jetbrains.kotlin.gradle.dsl.jvm.JvmTargetValidationMode;                  : loaded 2 times (x 68B)
Class org.jetbrains.kotlin.gradle.tasks.configuration.AbstractKotlinCompileConfig$1$1 : loaded 2 times (x 73B)
Class org.jetbrains.kotlin.konan.target.KonanTarget$TVOS_ARM64                        : loaded 2 times (x 77B)
Class org.objectweb.asm.RecordComponentVisitor                                        : loaded 2 times (x 76B)
Class androidx.activity.lint.OnBackPressedDetector$Companion                          : loaded 2 times (x 70B)
Class org.jetbrains.kotlin.gradle.tasks.configuration.AbstractKotlinCompileConfig$1$2 : loaded 2 times (x 73B)
Class org.jetbrains.kotlin.tooling.core.Extras$Entry$Companion                        : loaded 2 times (x 70B)
Class org.jetbrains.kotlin.gradle.plugin.mpp.HierarchyAttributeContainer              : loaded 2 times (x 82B)
Class org.jetbrains.kotlin.build.report.metrics.GradleBuildTime                       : loaded 2 times (x 87B)
Class com.android.ide.common.resources.configuration.CountryCodeQualifier             : loaded 2 times (x 87B)
Class kotlin.text.Regex$Companion                                                     : loaded 2 times (x 70B)
Class com.google.common.reflect.Invokable                                             : loaded 2 times (x 100B)
Class org.jetbrains.kotlin.gradle.tasks.configuration.AbstractKotlinCompileConfig$1$4 : loaded 2 times (x 74B)
Class org.jetbrains.kotlin.build.report.metrics.GradleBuildPerformanceMetric$Companion: loaded 2 times (x 70B)
Class org.jetbrains.kotlin.gradle.tasks.configuration.AbstractKotlinCompileConfig$1$5 : loaded 2 times (x 75B)
Class org.jetbrains.kotlin.gradle.plugin.diagnostics.checkers.OverriddenKotlinNativeHomeChecker$StdlibExistenceCheckerValueSource$Params: loaded 2 times (x 69B)
Class org.jetbrains.kotlin.gradle.plugin.KotlinCompilationToRunnableFiles             : loaded 2 times (x 69B)
Class org.jetbrains.kotlin.gradle.tasks.configuration.AbstractKotlinCompileConfig$1$6 : loaded 2 times (x 74B)
Class org.jetbrains.kotlin.gradle.dsl.KotlinProjectExtensionKt                        : loaded 2 times (x 70B)
Class [Lgroovyjarjarasm.asm.Symbol;                                                   : loaded 2 times (x 68B)
Class com.android.tools.lint.model.LintModelDependencies                              : loaded 2 times (x 69B)
Class org.jetbrains.kotlin.gradle.plugin.mpp.KotlinSoftwareComponentKt                : loaded 2 times (x 70B)
Class org.jetbrains.kotlin.gradle.tasks.UsesKotlinJavaToolchain                       : loaded 2 times (x 69B)
Class [Lorg.jetbrains.kotlin.cli.common.CompilerSystemProperties;                     : loaded 2 times (x 68B)
Class org.jetbrains.kotlin.gradle.plugin.mpp.KotlinTargetComponentWithCoordinatesAndPublication: loaded 2 times (x 69B)
Class org.jetbrains.kotlin.gradle.artifacts.KotlinMetadataArtifactKt$KotlinMetadataArtifact$1: loaded 2 times (x 73B)
Class org.jetbrains.kotlin.gradle.plugin.DefaultKotlinBasePlugin$addKotlinCompilerConfiguration$1: loaded 2 times (x 74B)
Class it.unimi.dsi.fastutil.ints.IntArrays$ForkJoinQuickSortComp                      : loaded 2 times (x 89B)
Class org.codehaus.groovy.ast.stmt.SwitchStatement                                    : loaded 2 times (x 116B)
Class org.jetbrains.kotlin.tooling.core.ExtrasPropertyKt                              : loaded 2 times (x 70B)
Class org.jetbrains.kotlin.gradle.utils.WhenEvaluatedKt                               : loaded 2 times (x 70B)
Class org.jetbrains.kotlin.gradle.plugin.DefaultKotlinBasePlugin$addKotlinCompilerConfiguration$3: loaded 2 times (x 74B)
Class androidx.appcompat.widget.TextViewCompoundDrawablesApiDetector                  : loaded 2 times (x 170B)
Class com.android.ide.common.resources.DataFile                                       : loaded 2 times (x 82B)
Class org.codehaus.groovy.GroovyBugError                                              : loaded 2 times (x 83B)
Class com.android.tools.lint.model.DefaultLintModelModule                             : loaded 2 times (x 97B)
Class com.google.common.cache.LocalCache$HashIterator                                 : loaded 2 times (x 85B)
Class org.jetbrains.kotlin.gradle.internal.tasks.ProducesKlib                         : loaded 2 times (x 69B)
Class org.jetbrains.kotlin.gradle.targets.CreateTargetConfigurationsSideEffectKt      : loaded 2 times (x 70B)
Class org.jetbrains.kotlin.gradle.plugin.VariantImplementationFactories$Companion$getProvider$2$1$1: loaded 2 times (x 74B)
Class [Lcom.android.resources.NavigationState;                                        : loaded 2 times (x 68B)
Class org.jetbrains.kotlin.gradle.utils.FailuresKt$ideaSyncClasspathModeUtil$1        : loaded 2 times (x 71B)
Class org.jetbrains.kotlin.gradle.plugin.mpp.KotlinUsages$KotlinCinteropCompatibility : loaded 2 times (x 76B)
Class org.codehaus.groovy.runtime.dgmimpl.arrays.LongArrayPutAtMetaMethod             : loaded 2 times (x 96B)
Class org.jetbrains.kotlin.cli.common.CompilerSystemProperties$value$1                : loaded 2 times (x 124B)
Class org.jetbrains.kotlin.gradle.plugin.sources.ConsistencyCheck                     : loaded 2 times (x 71B)
Class [Lorg.jetbrains.kotlin.gradle.plugin.HasKotlinDependencies;                     : loaded 2 times (x 68B)
Class org.jetbrains.kotlin.cli.common.messages.MessageCollector$Companion             : loaded 2 times (x 70B)
Class org.jetbrains.kotlin.cli.common.CompilerSystemProperties$value$2                : loaded 2 times (x 124B)
Class com.google.common.cache.LocalCache$WriteThroughEntry                            : loaded 2 times (x 78B)
Class org.jetbrains.kotlin.gradle.plugin.statistics.BuildFinishBuildService$Companion$registerIfAbsent$1: loaded 2 times (x 74B)
Class org.objectweb.asm.ClassTooLargeException                                        : loaded 2 times (x 82B)
Class org.jetbrains.kotlin.gradle.plugin.diagnostics.checkers.OverriddenKotlinNativeHomeChecker$StdlibExistenceCheckerValueSource$Inject: loaded 2 times (x 108B)
Class org.jetbrains.kotlin.gradle.plugin.diagnostics.CheckKotlinGradlePluginConfigurationErrorsKt$locateOrRegisterCheckKotlinGradlePluginErrorsTask$taskProvider$1: loaded 2 times (x 74B)
Class org.jetbrains.kotlin.gradle.artifacts.KotlinJsKlibArtifactKt                    : loaded 2 times (x 70B)
Class com.google.protobuf.UnsafeUtil$MemoryAccessor                                   : loaded 2 times (x 90B)
Class org.jetbrains.kotlin.gradle.plugin.mpp.compilationImpl.DefaultKotlinCompilationSourceSetsContainer: loaded 2 times (x 77B)
Class com.android.prefs.AndroidLocationsProvider                                      : loaded 2 times (x 69B)
Class org.jetbrains.kotlin.gradle.plugin.mpp.compilationImpl.factory.KotlinCompilationImplFactory$KotlinCompilationSourceSetsContainerFactory: loaded 2 times (x 69B)
Class org.jetbrains.kotlin.gradle.internal.properties.PropertiesBuildService$Params   : loaded 2 times (x 69B)
Class org.gradle.api.internal.classpath.UnknownModuleException                        : loaded 2 times (x 81B)
Class kotlin.coroutines.intrinsics.IntrinsicsKt__IntrinsicsJvmKt                      : loaded 2 times (x 70B)
Class org.jetbrains.kotlin.gradle.internal.IdeaKt$isInIdeaEnvironment$1               : loaded 2 times (x 73B)
Class com.android.tools.analytics.Environment                                         : loaded 2 times (x 72B)
Class org.jetbrains.kotlin.konan.target.TargetSupportException                        : loaded 2 times (x 81B)
Class org.jetbrains.kotlin.gradle.internal.IdeaKt$isInIdeaEnvironment$2               : loaded 2 times (x 73B)
Class org.codehaus.groovy.runtime.callsite.BooleanClosureWrapper                      : loaded 2 times (x 73B)
Class kotlin.collections.MapsKt__MapsJVMKt                                            : loaded 2 times (x 70B)
Class com.google.common.collect.FluentIterable                                        : loaded 2 times (x 80B)
Class org.jetbrains.kotlin.gradle.tasks.AbstractKotlinCompileTool$sources$1           : loaded 2 times (x 78B)
Class org.jetbrains.kotlin.konan.target.KonanTarget$IOS_X64                           : loaded 2 times (x 77B)
Class com.google.common.util.concurrent.AbstractFuture$Listener                       : loaded 2 times (x 71B)
Class com.google.protobuf.CodedInputStream                                            : loaded 2 times (x 118B)
Class org.codehaus.groovy.reflection.ClassInfo$GlobalClassSet                         : loaded 2 times (x 75B)
Class kotlin.reflect.KProperty0                                                       : loaded 2 times (x 69B)
Class com.android.tools.lint.model.DefaultLintModelVariant$mainArtifact$2             : loaded 2 times (x 78B)
Class org.jetbrains.kotlin.gradle.plugin.mpp.InternalKotlinTargetComponent            : loaded 2 times (x 92B)
Class kotlin.reflect.KProperty1                                                       : loaded 2 times (x 69B)
Class org.jetbrains.kotlin.gradle.plugin.mpp.compilationImpl.KotlinCompilationRegisterInSourceSetsConfigurator$configure$1: loaded 2 times (x 78B)
Class org.jetbrains.kotlin.gradle.tasks.configuration.BaseKotlinCompileConfig         : loaded 2 times (x 71B)
Class org.jetbrains.kotlin.gradle.plugin.diagnostics.checkers.AndroidPublicationNotConfiguredChecker$runChecks$1: loaded 2 times (x 87B)
Class kotlin.time.Duration$Companion                                                  : loaded 2 times (x 70B)
Class kotlin.reflect.KProperty2                                                       : loaded 2 times (x 69B)
Class it.unimi.dsi.fastutil.objects.AbstractObjectSet                                 : loaded 2 times (x 178B)
Class org.jetbrains.kotlin.gradle.internal.diagnostics.AgpCompatibilityCheck$runAgpCompatibilityCheckIfAgpIsApplied$1$1: loaded 2 times (x 74B)
Class [Lcom.google.protobuf.Internal$EnumLite;                                        : loaded 2 times (x 68B)
Class com.google.common.collect.Iterables$4                                           : loaded 2 times (x 80B)
Class org.jetbrains.kotlin.gradle.tasks.DefaultKotlinJavaToolchain$DefaultJdkSetter   : loaded 2 times (x 75B)
Class org.jetbrains.kotlin.compilerRunner.GradleCompilerRunner$Companion              : loaded 2 times (x 70B)
Class org.jetbrains.kotlin.gradle.dsl.KotlinVersion$Companion                         : loaded 2 times (x 70B)
Class org.codehaus.groovy.ast.ImportNode                                              : loaded 2 times (x 129B)
Class org.codehaus.groovy.control.messages.SyntaxErrorMessage                         : loaded 2 times (x 73B)
Class org.codehaus.groovy.ast.expr.TupleExpression                                    : loaded 2 times (x 137B)
Class com.google.common.collect.Iterables$5                                           : loaded 2 times (x 80B)
Class org.objectweb.asm.Edge                                                          : loaded 2 times (x 71B)
Class org.jetbrains.kotlin.gradle.plugin.AbstractKotlinAndroidPluginWrapper           : loaded 2 times (x 85B)
Class com.android.tools.analytics.AnalyticsSettingsData$Companion                     : loaded 2 times (x 70B)
Class org.jetbrains.kotlin.gradle.plugin.KotlinJvmPlugin                              : loaded 2 times (x 78B)
Class com.google.protobuf.Internal$ProtobufList                                       : loaded 2 times (x 69B)
Class [Lorg.codehaus.groovy.reflection.CachedField;                                   : loaded 2 times (x 68B)
Class org.codehaus.groovy.reflection.CachedConstructor                                : loaded 2 times (x 87B)
Class org.jetbrains.kotlin.gradle.internal.properties.PropertiesBuildService$Inject   : loaded 2 times (x 95B)
Class org.codehaus.groovy.runtime.metaclass.MetaMethodIndex$Header                    : loaded 2 times (x 71B)
Class com.android.ide.common.gradle.Version$Companion$ParseState                      : loaded 2 times (x 69B)
Class it.unimi.dsi.fastutil.longs.LongSet                                             : loaded 2 times (x 69B)
Class org.jetbrains.kotlin.gradle.plugin.VariantImplementationFactories$Companion     : loaded 2 times (x 70B)
Class org.jetbrains.kotlin.gradle.utils.AndroidPluginIdsKt                            : loaded 2 times (x 70B)
Class org.apache.groovy.util.Maps                                                     : loaded 2 times (x 70B)
Class kotlin.jvm.internal.ArrayIteratorKt                                             : loaded 2 times (x 70B)
Class kotlin.collections.ArraysKt___ArraysKt                                          : loaded 2 times (x 70B)
Class org.jetbrains.kotlin.gradle.tasks.configuration.AbstractKotlinCompileConfigKt$explicitApiMode$1: loaded 2 times (x 74B)
Class org.jetbrains.kotlin.gradle.targets.js.dsl.KotlinWasmWasiTargetDsl              : loaded 2 times (x 69B)
Class com.android.ide.common.rendering.api.ResourceValue                              : loaded 2 times (x 69B)
Class [Lcom.android.prefs.LocationValue;                                              : loaded 2 times (x 68B)
Class org.jetbrains.kotlin.gradle.targets.js.npm.BaseNpmDependencyExtension           : loaded 2 times (x 69B)
Class [Lgroovy.lang.MetaClassRegistryChangeEventListener;                             : loaded 2 times (x 68B)
Class kotlin.coroutines.Continuation                                                  : loaded 2 times (x 69B)
Class org.jetbrains.kotlin.gradle.plugin.AbstractKotlinPlugin$Companion               : loaded 2 times (x 70B)
Class org.jetbrains.kotlin.gradle.dsl.IosSourceSetConventionChecker                   : loaded 2 times (x 73B)
Class org.codehaus.groovy.util.ReferenceType$SoftRef                                  : loaded 2 times (x 85B)
Class kotlin.text.StringsKt__StringNumberConversionsJVMKt                             : loaded 2 times (x 70B)
Class com.google.errorprone.annotations.DoNotMock                                     : loaded 2 times (x 69B)
Class org.jetbrains.kotlin.gradle.plugin.sources.FragmentConsistencyChecks            : loaded 2 times (x 71B)
Class org.jetbrains.kotlin.gradle.plugin.HasProject                                   : loaded 2 times (x 69B)
Class [Lorg.objectweb.asm.SymbolTable$Entry;                                          : loaded 2 times (x 68B)
Class kotlin.ranges.IntProgression$Companion                                          : loaded 2 times (x 70B)
Class org.jetbrains.kotlin.gradle.tooling.BuildKotlinToolingMetadataTask$FromKotlinExtension: loaded 2 times (x 316B)
Class org.jetbrains.kotlin.gradle.dsl.AndroidMainSourceSetConventionsChecker          : loaded 2 times (x 73B)
Class org.jetbrains.kotlin.gradle.plugin.mpp.compilationImpl.KotlinCompilationSideEffect: loaded 2 times (x 69B)
Class org.jetbrains.kotlin.gradle.plugin.statistics.BuildFinishFlowProviderManager$subscribeForBuildResults$1: loaded 2 times (x 74B)
Class org.jetbrains.kotlin.gradle.internal.properties.PropertiesBuildService$NullableBooleanGradleProperty: loaded 2 times (x 75B)
Class org.codehaus.groovy.runtime.metaclass.MethodHelper                              : loaded 2 times (x 70B)
Class org.jetbrains.kotlin.gradle.tasks.publishing.HelpersKt$maybeCreateBcConfiguration$1$1: loaded 2 times (x 74B)
Class kotlin.collections.builders.AbstractMapBuilderEntrySet                          : loaded 2 times (x 143B)
Class org.codehaus.groovy.runtime.dgmimpl.arrays.DoubleArrayGetAtMetaMethod           : loaded 2 times (x 96B)
Class kotlin.TuplesKt                                                                 : loaded 2 times (x 70B)
Class org.jetbrains.kotlin.gradle.internal.abi.AbiFiltersSpecImpl_Decorated           : loaded 2 times (x 135B)
Class org.codehaus.groovy.runtime.metaclass.MissingPropertyExceptionNoStack           : loaded 2 times (x 88B)
Class kotlin.KotlinVersionCurrentValue                                                : loaded 2 times (x 70B)
Class kotlin.text.CharsKt__CharJVMKt                                                  : loaded 2 times (x 70B)
Class androidx.appcompat.res.ImageViewTintDetector                                    : loaded 2 times (x 153B)
Class androidx.appcompat.AppCompatIssueRegistry                                       : loaded 2 times (x 82B)
Class org.jetbrains.kotlin.gradle.utils.ProviderApiUtilsKt$providerWithLazyConvention$1: loaded 2 times (x 73B)
Class groovy.grape.GrapeIvy                                                           : loaded 2 times (x 126B)
Class groovy.lang.MetaClassImpl$MetaConstructor                                       : loaded 2 times (x 95B)
Class com.android.ide.common.resources.configuration.ScreenDimensionQualifier         : loaded 2 times (x 88B)
Class com.google.common.collect.CollectSpliterators$1WithCharacteristics              : loaded 2 times (x 89B)
Class com.google.common.base.Suppliers$MemoizingSupplier                              : loaded 2 times (x 78B)
Class org.jetbrains.kotlin.gradle.plugin.diagnostics.checkers.KmpPartiallyResolvedDependenciesChecker$runChecks$1: loaded 2 times (x 87B)
Class it.unimi.dsi.fastutil.ints.IntArraySet                                          : loaded 2 times (x 234B)
Class it.unimi.dsi.fastutil.Hash                                                      : loaded 2 times (x 69B)
Class org.jetbrains.kotlin.gradle.tasks.configuration.TaskConfigAction$configureTask$1: loaded 2 times (x 78B)
Class org.jetbrains.kotlin.gradle.plugin.diagnostics.checkers.MissingNativeStdlibChecker: loaded 2 times (x 73B)
Class org.jetbrains.kotlin.gradle.plugin.VariantImplementationFactoriesConfigurator   : loaded 2 times (x 75B)
Class com.google.common.base.Suppliers                                                : loaded 2 times (x 70B)
Class org.codehaus.groovy.runtime.memoize.ValueConvertable                            : loaded 2 times (x 69B)
Class org.codehaus.groovy.util.ReferenceType$1                                        : loaded 2 times (x 79B)
Class kotlin.reflect.jvm.internal.KClassifierImpl                                     : loaded 2 times (x 69B)
Class org.codehaus.groovy.util.ReferenceType$2                                        : loaded 2 times (x 79B)
Class org.jetbrains.kotlin.gradle.plugin.statistics.FinalizeConfigurationFusMetricActionKt: loaded 2 times (x 70B)
Class org.codehaus.groovy.util.ReferenceType$3                                        : loaded 2 times (x 79B)
Class org.codehaus.groovy.util.ReferenceType$4                                        : loaded 2 times (x 79B)
Class kotlin.TypeCastException                                                        : loaded 2 times (x 81B)
Class kotlin.io.path.PathsKt                                                          : loaded 2 times (x 70B)
Class org.jetbrains.kotlin.gradle.plugin.diagnostics.checkers.AndroidPluginWithoutAndroidTargetChecker$runChecks$1: loaded 2 times (x 87B)
Class kotlin.jvm.internal.MutablePropertyReference1Impl                               : loaded 2 times (x 136B)
Class org.jetbrains.kotlin.gradle.internal.properties.NativePropertiesLoader$jvmArgs$1: loaded 2 times (x 74B)
Class org.jetbrains.kotlin.gradle.plugin.internal.DefaultProjectIsolationStartParameterAccessor_Decorated: loaded 2 times (x 124B)
Class com.google.protobuf.MapFieldReflectionAccessor                                  : loaded 2 times (x 73B)
Class org.codehaus.groovy.ast.stmt.LoopingStatement                                   : loaded 2 times (x 69B)
Class kotlin.LazyKt__LazyJVMKt                                                        : loaded 2 times (x 70B)
Class kotlin.text.StringsKt__IndentKt                                                 : loaded 2 times (x 70B)
Class org.jetbrains.kotlin.gradle.utils.Completable$await$1                           : loaded 2 times (x 87B)
Class org.jetbrains.kotlin.gradle.tasks.TasksProviderKt                               : loaded 2 times (x 70B)
Class com.android.ide.common.rendering.api.TextResourceValueImpl                      : loaded 2 times (x 108B)
Class org.jetbrains.kotlin.gradle.plugin.hierarchy.KotlinSourceSetTreeClassifier      : loaded 2 times (x 69B)
Class org.jetbrains.kotlin.gradle.plugin.diagnostics.KotlinGradleProjectChecker$Companion: loaded 2 times (x 70B)
Class com.google.common.cache.LoadingCache                                            : loaded 2 times (x 69B)
Class org.gradle.internal.service.ServiceLookupException                              : loaded 2 times (x 81B)
Class kotlin.SafePublicationLazyImpl$Companion                                        : loaded 2 times (x 70B)
Class kotlin.collections.MapsKt__MapWithDefaultKt                                     : loaded 2 times (x 70B)
Class org.codehaus.groovy.ast.stmt.AssertStatement                                    : loaded 2 times (x 113B)
Class com.android.tools.lint.model.DefaultLintModelVariant                            : loaded 2 times (x 100B)
Class org.jetbrains.kotlin.build.report.metrics.BuildPerformanceMetrics$Companion     : loaded 2 times (x 70B)
Class org.jetbrains.kotlin.gradle.plugin.mpp.InternalKotlinTarget                     : loaded 2 times (x 69B)
Class org.jetbrains.kotlin.gradle.plugin.mpp.DefaultKotlinUsageContext                : loaded 2 times (x 107B)
Class org.codehaus.groovy.runtime.metaclass.DefaultMetaClassInfo                      : loaded 2 times (x 70B)
Class org.jetbrains.kotlin.cli.common.arguments.CommonToolArguments                   : loaded 2 times (x 72B)
Class org.jetbrains.kotlin.gradle.targets.native.toolchain.KotlinNativeBundleBuildService$Parameters_Decorated: loaded 2 times (x 142B)
Class groovy.lang.groovydoc.GroovydocHolder                                           : loaded 2 times (x 69B)
Class com.android.prefs.LocationValue                                                 : loaded 2 times (x 69B)
Class org.jetbrains.kotlin.gradle.tasks.TaskOutputsBackup                             : loaded 2 times (x 71B)
Class [Lorg.codehaus.groovy.ast.ASTNode;                                              : loaded 2 times (x 68B)
Class org.codehaus.groovy.control.CompilationUnit$IPrimaryClassNodeOperation          : loaded 2 times (x 69B)
Class org.jetbrains.kotlin.gradle.plugin.diagnostics.KotlinToolingDiagnosticsSetupActionKt$KotlinToolingDiagnosticsSetupAction$1$2$diagnostics$1: loaded 2 times (x 74B)
Class com.android.utils.DateProvider$1                                                : loaded 2 times (x 74B)
Class kotlin.sequences.SequencesKt__SequencesKt$asSequence$$inlined$Sequence$1        : loaded 2 times (x 74B)
Class org.jetbrains.kotlin.gradle.utils.WhenEvaluatedKt$whenEvaluated$afterAndroidDispatchQueue$1$1$1: loaded 2 times (x 74B)
Class org.jetbrains.kotlin.gradle.plugin.diagnostics.checkers.GradleDeprecatedPropertyChecker$DeprecatedProperty: loaded 2 times (x 71B)
Class groovyjarjarasm.asm.AnnotationWriter                                            : loaded 2 times (x 78B)
Class build_2oxvnf7ia8644kjcvqhcscl0w$_run_closure1                                   : loaded 2 times (x 138B)
Class org.jetbrains.kotlin.gradle.internal.abi.ConfigsKt$configureLegacyTasks$dumpTaskProvider$1: loaded 2 times (x 74B)
Class [Lorg.jetbrains.kotlin.build.report.metrics.GradleBuildPerformanceMetric;       : loaded 2 times (x 68B)
Class org.codehaus.groovy.ast.ClassNode$MapOfLists                                    : loaded 2 times (x 74B)
Class org.codehaus.groovy.GroovyExceptionInterface                                    : loaded 2 times (x 69B)
Class org.codehaus.groovy.runtime.callsite.CallSite                                   : loaded 2 times (x 69B)
Class org.jetbrains.kotlin.gradle.plugin.mpp.compilationImpl.DefaultKotlinCompilationFriendPathsResolver$FriendArtifactResolver$Companion: loaded 2 times (x 70B)
Class [Lorg.jetbrains.kotlin.statistics.metrics.NumberOverridePolicy;                 : loaded 2 times (x 68B)
Class [Lgroovy.lang.MetaClass;                                                        : loaded 2 times (x 68B)
Class com.google.common.base.Present                                                  : loaded 2 times (x 80B)
Class com.google.common.collect.ReverseNaturalOrdering                                : loaded 2 times (x 113B)
Class org.jetbrains.kotlin.gradle.tasks.KotlinCompile$scriptExtensions$1              : loaded 2 times (x 78B)
Class org.jetbrains.kotlin.gradle.plugin.sources.DefaultKotlinSourceSet               : loaded 2 times (x 140B)
Class org.codehaus.groovy.runtime.EncodingGroovyMethods                               : loaded 2 times (x 70B)
Class org.codehaus.groovy.util.ReferenceManager$1                                     : loaded 2 times (x 76B)
Class kotlin.reflect.jvm.internal.KMutableProperty1Impl                               : loaded 2 times (x 134B)
Class kotlin.collections.EmptySet                                                     : loaded 2 times (x 121B)
Class com.android.ProgressManagerAdapter                                              : loaded 2 times (x 72B)
Class org.jetbrains.kotlin.gradle.plugin.mpp.InternalKotlinCompilationKt$awaitAllKotlinSourceSets$1: loaded 2 times (x 87B)
Class org.jetbrains.kotlin.gradle.internal.KotlinDependenciesManagementKt$configureDefaultVersionsResolutionStrategy$1: loaded 2 times (x 74B)
Class org.jetbrains.kotlin.gradle.plugin.statistics.BuildFusService$Parameters        : loaded 2 times (x 69B)
Class kotlin.reflect.jvm.internal.EmptyContainerForLocal                              : loaded 2 times (x 83B)
Class kotlin.text.DelimitedRangesSequence                                             : loaded 2 times (x 74B)
Class org.jetbrains.kotlin.tooling.core.ExtrasPropertyKt$extrasLazyProperty$1         : loaded 2 times (x 93B)
Class org.jetbrains.kotlin.gradle.plugin.UsesVariantImplementationFactories           : loaded 2 times (x 69B)
Class org.jetbrains.kotlin.gradle.plugin.PropertiesProvider$preciseCompilationResultsBackup$1: loaded 2 times (x 78B)
Class org.jetbrains.kotlin.gradle.plugin.diagnostics.ProblemsReporter$Factory         : loaded 2 times (x 69B)
Class groovy.lang.Range                                                               : loaded 2 times (x 69B)
Class groovy.lang.ObjectRange                                                         : loaded 2 times (x 205B)
Class it.unimi.dsi.fastutil.objects.ObjectIterator                                    : loaded 2 times (x 69B)
Class org.jetbrains.kotlin.gradle.tasks.GradleCompileTaskProvider_Decorated           : loaded 2 times (x 120B)
Class [Lorg.jetbrains.kotlin.build.report.metrics.BuildPerformanceMetric;             : loaded 2 times (x 68B)
Class [Lorg.gradle.api.internal.ClassPathProvider;                                    : loaded 2 times (x 68B)
Class kotlin.collections.MutableMapWithDefault                                        : loaded 2 times (x 69B)
Class build_6i446pepxxg45kdsgb8s85lfb$_run_closure1                                   : loaded 2 times (x 138B)
Class Build_gradle$inlined$sam$i$org_gradle_api_Action$0                              : loaded 2 times (x 74B)
Class org.jetbrains.kotlin.gradle.utils.ConfigurationsKt$maybeCreateResolvable$1      : loaded 2 times (x 77B)
Class com.google.common.collect.ImmutableMultimap$Values                              : loaded 2 times (x 125B)
Class org.jetbrains.kotlin.gradle.plugin.diagnostics.KotlinToolingDiagnostics$WasmJsEnvironmentNotChosenExplicitly: loaded 2 times (x 72B)
Class org.jetbrains.kotlin.statistics.BuildSessionLogger$Companion                    : loaded 2 times (x 70B)
Class org.codehaus.groovy.ast.expr.VariableExpression                                 : loaded 2 times (x 156B)
Class org.jetbrains.kotlin.gradle.tasks.DefaultKotlinJavaToolchain$Companion$wireJvmTargetToJvm$1: loaded 2 times (x 74B)
Class it.unimi.dsi.fastutil.objects.ObjectIterable                                    : loaded 2 times (x 69B)
Class [Lorg.jetbrains.kotlin.gradle.dsl.KotlinVersion;                                : loaded 2 times (x 68B)
Class build_64s85pqvvoqxulxo7u9klpbia                                                 : loaded 2 times (x 179B)
Class org.jetbrains.kotlin.tooling.core.AbstractExtras                                : loaded 2 times (x 140B)
Class org.codehaus.groovy.reflection.stdclasses.ByteCachedClass                       : loaded 2 times (x 94B)
Class kotlin.collections.MapsKt                                                       : loaded 2 times (x 70B)
Class org.jetbrains.kotlin.gradle.tasks.publishing.HelpersKt$addSigningValidationHelpers$signingTask$1: loaded 2 times (x 78B)
Class org.jetbrains.kotlin.gradle.plugin.sources.KotlinDependencyScopeKt$WhenMappings : loaded 2 times (x 70B)
Class org.gradle.util.internal.GUtil                                                  : loaded 2 times (x 70B)
Class it.unimi.dsi.fastutil.ints.AbstractIntSet                                       : loaded 2 times (x 232B)
Class kotlin.coroutines.ContinuationInterceptor                                       : loaded 2 times (x 69B)
Class org.codehaus.groovy.runtime.metaclass.MetaMethodIndex$Entry                     : loaded 2 times (x 71B)
Class kotlin.jvm.internal.CollectionToArray                                           : loaded 2 times (x 70B)
Class org.jetbrains.kotlin.gradle.plugin.KotlinPluginWrapperKt                        : loaded 2 times (x 70B)
Class kotlin.reflect.jvm.internal.ReflectProperties                                   : loaded 2 times (x 70B)
Class groovy.lang.Script                                                              : loaded 2 times (x 94B)
Class org.jetbrains.kotlin.gradle.plugin.KotlinProjectSetupActionKt$KotlinProjectSetupCoroutine$1$1: loaded 2 times (x 94B)
Class org.jetbrains.kotlin.gradle.plugin.mpp.compilationImpl.KotlinCompilationConfigurationsContainer: loaded 2 times (x 69B)
Class com.google.gson.stream.JsonWriter                                               : loaded 2 times (x 97B)
Class org.codehaus.groovy.syntax.Types                                                : loaded 2 times (x 70B)
Class com.android.tools.lint.model.LintModelDependencyGraph                           : loaded 2 times (x 69B)
Class org.jetbrains.kotlin.gradle.plugin.DefaultKotlinBasePlugin$addKotlinCompilerConfiguration$3$1: loaded 2 times (x 78B)
Class org.jetbrains.kotlin.gradle.model.builder.KotlinModelBuilder$Companion          : loaded 2 times (x 70B)
Class org.jetbrains.kotlin.gradle.targets.NativeForwardImplementationToApiElementsSideEffectKt: loaded 2 times (x 70B)
Class org.jetbrains.kotlin.statistics.ValueAnonymizer                                 : loaded 2 times (x 69B)
Class org.gradle.internal.classloader.ClassLoaderSpec                                 : loaded 2 times (x 70B)
Class org.jetbrains.kotlin.gradle.tasks.configuration.BaseKotlinCompileConfig$1$1$classpathEntrySnapshotFiles$1: loaded 2 times (x 73B)
Class org.jetbrains.kotlin.gradle.dsl.abi.AbiFilterSetSpec                            : loaded 2 times (x 69B)
Class org.jetbrains.kotlin.gradle.utils.StringUtilsKt                                 : loaded 2 times (x 70B)
Class org.jetbrains.kotlin.gradle.dsl.JvmDefaultMode                                  : loaded 2 times (x 78B)
Class com.google.common.collect.StandardTable                                         : loaded 2 times (x 123B)
Class org.codehaus.groovy.runtime.InvokerHelper                                       : loaded 2 times (x 70B)
Class com.android.tools.lint.model.LintModelSeverity                                  : loaded 2 times (x 78B)
Class org.jetbrains.kotlin.gradle.dsl.abi.AbiValidationVariantSpec                    : loaded 2 times (x 69B)
Class org.jetbrains.kotlin.gradle.dsl.ToolchainSupport                                : loaded 2 times (x 69B)
Class org.jetbrains.kotlin.gradle.tasks.publishing.HelpersKt$maybeCreateBcConfiguration$1: loaded 2 times (x 78B)
Class com.android.tools.analytics.Environment$Companion                               : loaded 2 times (x 70B)
Class kotlin.jvm.JvmStatic                                                            : loaded 2 times (x 69B)
Class org.jetbrains.kotlin.gradle.plugin.internal.ProjectIsolationStartParameterAccessor: loaded 2 times (x 69B)
Class com.google.common.io.CharSink                                                   : loaded 2 times (x 78B)
Class org.objectweb.asm.Frame                                                         : loaded 2 times (x 72B)
Class com.google.common.cache.LocalCache$LocalManualCache                             : loaded 2 times (x 98B)
Class org.jetbrains.kotlin.gradle.plugin.statistics.KotlinBuildStatsConfiguration     : loaded 2 times (x 71B)
Class groovyjarjarasm.asm.FieldWriter                                                 : loaded 2 times (x 77B)
Class kotlin.sequences.DropSequence                                                   : loaded 2 times (x 78B)
Class [Lkotlin.reflect.KAnnotatedElement;                                             : loaded 2 times (x 68B)
Class org.jetbrains.kotlin.gradle.plugin.mpp.compilationImpl.factory.KotlinCompilationImplFactory$KotlinCompilerOptionsFactory: loaded 2 times (x 69B)
Class org.jetbrains.kotlin.gradle.plugin.diagnostics.KotlinGradleProjectCheckersRunnerKt$launchKotlinGradleProjectCheckers$1$1: loaded 2 times (x 94B)
Class org.jetbrains.kotlin.gradle.plugin.KotlinPluginLifecycle$Stage$Companion        : loaded 2 times (x 70B)
Class org.codehaus.groovy.ast.expr.PropertyExpression                                 : loaded 2 times (x 139B)
Class org.jetbrains.kotlin.statistics.metrics.StringAnonymizationPolicy$AllowedListAnonymizer: loaded 2 times (x 78B)
Class com.google.protobuf.Internal$DoubleList                                         : loaded 2 times (x 69B)
Class org.jetbrains.kotlin.gradle.report.ReportingSettings$Companion                  : loaded 2 times (x 70B)
Class org.jetbrains.kotlin.tooling.core.Extras$Type                                   : loaded 2 times (x 71B)
Class com.google.common.cache.CacheLoader$1                                           : loaded 2 times (x 74B)
Class org.codehaus.groovy.runtime.metaclass.MetaClassRegistryImpl$DefaultModuleListener: loaded 2 times (x 75B)
Class [Lcom.google.common.collect.MapMakerInternalMap$Strength;                       : loaded 2 times (x 68B)
Class groovy.lang.ExpandoMetaClass                                                    : loaded 2 times (x 226B)
Class groovy.lang.TrampolineClosure                                                   : loaded 2 times (x 131B)
Class org.jetbrains.kotlin.gradle.plugin.sources.FragmentConsistencyChecks$unstableFeaturesCheck$1: loaded 2 times (x 78B)
Class [Lorg.codehaus.groovy.ast.NodeMetaDataHandler;                                  : loaded 2 times (x 68B)
Class org.codehaus.groovy.runtime.InvokerHelper$1                                     : loaded 2 times (x 94B)
Class com.android.ide.common.gradle.Version$Companion$ParseState$NUMERIC              : loaded 2 times (x 73B)
Class org.jetbrains.kotlin.gradle.plugin.sources.FragmentConsistencyChecks$unstableFeaturesCheck$2: loaded 2 times (x 77B)
Class org.codehaus.groovy.runtime.InvokerHelper$2                                     : loaded 2 times (x 94B)
Class [Lcom.android.resources.Navigation;                                             : loaded 2 times (x 68B)
Class com.android.ide.common.resources.configuration.NavigationMethodQualifier        : loaded 2 times (x 89B)
Class com.google.common.util.concurrent.AbstractFuture$TrustedFuture                  : loaded 2 times (x 96B)
Class kotlin.sequences.TakeWhileSequence                                              : loaded 2 times (x 74B)
Class org.jetbrains.kotlin.gradle.tasks.AbstractKotlinCompile$defaultKotlinJavaToolchain$1: loaded 2 times (x 77B)
Class com.android.ide.common.resources.configuration.NetworkCodeQualifier             : loaded 2 times (x 87B)
Class [Lkotlin.Pair;                                                                  : loaded 2 times (x 68B)
Class com.android.tools.lint.model.DefaultLintModelLibrary                            : loaded 2 times (x 85B)
Class org.jetbrains.kotlin.gradle.tasks.BaseKotlinCompile                             : loaded 2 times (x 69B)
Class org.jetbrains.kotlin.gradle.internal.KotlinDomApiDependencyManagementKt         : loaded 2 times (x 70B)
Class org.jetbrains.kotlin.gradle.plugin.mpp.InternalKotlinCompilation                : loaded 2 times (x 69B)
Class org.jetbrains.kotlin.gradle.plugin.diagnostics.checkers.KmpPartiallyResolvedDependenciesChecker: loaded 2 times (x 73B)
Class org.jetbrains.kotlin.gradle.plugin.PropertiesProvider$booleanProvider$1         : loaded 2 times (x 73B)
Class com.android.ide.common.resources.ResourceFile                                   : loaded 2 times (x 86B)
Class kotlin.collections.IndexedValue                                                 : loaded 2 times (x 71B)
Class kotlin.SafePublicationLazyImpl                                                  : loaded 2 times (x 75B)
Class org.codehaus.groovy.ast.expr.AttributeExpression                                : loaded 2 times (x 139B)
Class org.gradle.internal.classloader.InstrumentingClassLoader                        : loaded 2 times (x 69B)
Class org.codehaus.groovy.runtime.metaclass.MethodMetaProperty$GetBeanMethodMetaProperty: loaded 2 times (x 77B)
Class org.codehaus.groovy.runtime.dgmimpl.arrays.ArrayPutAtMetaMethod                 : loaded 2 times (x 96B)
Class com.google.common.collect.MapMakerInternalMap$InternalEntry                     : loaded 2 times (x 69B)
Class kotlin.reflect.KProperty$Accessor                                               : loaded 2 times (x 69B)
Class [Lorg.jetbrains.kotlin.gradle.plugin.statistics.plugins.ObservablePlugins;      : loaded 2 times (x 68B)
Class org.jetbrains.kotlin.gradle.tasks.K2MultiplatformStructure                      : loaded 2 times (x 73B)
Class org.jetbrains.kotlin.gradle.internal.KotlinDependenciesManagementKt$allNonProjectDependencies$1: loaded 2 times (x 73B)
Class org.jetbrains.kotlin.gradle.plugin.diagnostics.checkers.NoKotlinTargetsDeclaredChecker: loaded 2 times (x 73B)
Class com.google.common.util.concurrent.LazyLogger                                    : loaded 2 times (x 71B)
Class com.google.protobuf.Descriptors$GenericDescriptor                               : loaded 2 times (x 74B)
Class kotlin.time.DurationUnit                                                        : loaded 2 times (x 78B)
Class org.jetbrains.kotlin.statistics.AnonymizerUtilsKt$salt$2                        : loaded 2 times (x 77B)
Class org.jetbrains.kotlin.gradle.targets.native.KonanPropertiesBuildService$Parameters: loaded 2 times (x 69B)
Class org.jetbrains.kotlin.gradle.tasks.AbstractKotlinCompileTool                     : loaded 2 times (x 365B)
Class com.android.ide.common.rendering.api.TextResourceValue                          : loaded 2 times (x 69B)
Class groovy.lang.GroovyObject                                                        : loaded 2 times (x 69B)
Class org.jetbrains.kotlin.gradle.plugin.KotlinSourceSetTree$Companion                : loaded 2 times (x 70B)
Class org.jetbrains.kotlin.gradle.internal.CompilerArgumentAware                      : loaded 2 times (x 69B)
Class [Lcom.android.tools.analytics.Environment$SystemProperty;                       : loaded 2 times (x 68B)
Class org.codehaus.groovy.runtime.metaclass.MissingMethodExceptionNoStack             : loaded 2 times (x 91B)
Class com.google.common.collect.Maps$ViewCachingAbstractMap                           : loaded 2 times (x 124B)
Class org.jetbrains.kotlin.gradle.targets.CreateArtifactsSideEffectKt                 : loaded 2 times (x 70B)
Class org.jetbrains.kotlin.gradle.plugin.ProjectLocalConfigurations$ProjectLocalDisambiguation: loaded 2 times (x 75B)
Class org.jetbrains.kotlin.gradle.plugin.KotlinPluginInMultipleProjectsHolder         : loaded 2 times (x 71B)
Class org.jetbrains.kotlin.gradle.tasks.KotlinCompileTool                             : loaded 2 times (x 69B)
Class org.jetbrains.kotlin.gradle.plugin.sources.AbstractKotlinSourceSet              : loaded 2 times (x 140B)
Class org.jetbrains.kotlin.gradle.internal.properties.NativePropertiesLoader$konanDataDirProperty$1: loaded 2 times (x 74B)
Class org.jetbrains.kotlin.compilerRunner.CompilerSystemPropertiesService$Companion$registerIfAbsent$2$1: loaded 2 times (x 78B)
Class org.jetbrains.kotlin.gradle.plugin.mpp.compilationImpl.factory.KotlinCompilationImplFactory$PreConfigure: loaded 2 times (x 69B)
Class com.google.protobuf.GeneratedMessageV3$BuilderParent                            : loaded 2 times (x 69B)
Class kotlin.annotation.AnnotationTarget                                              : loaded 2 times (x 78B)
Class org.jetbrains.kotlin.gradle.internal.StdlibDependencyManagementKt$addStdlibDependency$1$1: loaded 2 times (x 78B)
Class org.jetbrains.kotlin.gradle.plugin.mpp.compilationImpl.KotlinCompilationImpl$attributes$2: loaded 2 times (x 78B)
Class org.jetbrains.kotlin.gradle.utils.StoredPropertyKt$extrasStoredProperty$1       : loaded 2 times (x 77B)
Class org.codehaus.groovy.control.CompilerConfiguration$1                             : loaded 2 times (x 121B)
Class kotlin.text.Regex                                                               : loaded 2 times (x 71B)
Class org.jetbrains.kotlin.build.report.metrics.GradleBuildPerformanceMetric          : loaded 2 times (x 96B)
Class com.android.ide.common.resources.configuration.FolderConfiguration              : loaded 2 times (x 74B)
Class com.android.tools.lint.model.LintModelModuleLoader                              : loaded 2 times (x 69B)
Class org.jetbrains.kotlin.gradle.plugin.sources.InternalKotlinSourceSet              : loaded 2 times (x 69B)
Class org.jetbrains.kotlin.gradle.plugin.internal.CustomPropertiesFileValueSource$Parameters: loaded 2 times (x 69B)
Class [Lcom.android.tools.analytics.Environment$EnvironmentVariable;                  : loaded 2 times (x 68B)
Class kotlin.io.FilesKt__UtilsKt                                                      : loaded 2 times (x 70B)
Class org.jetbrains.kotlin.gradle.plugin.diagnostics.checkers.KotlinSourceSetTreeDependsOnMismatchChecker: loaded 2 times (x 73B)
Class com.google.common.collect.Sets$FilteredSet                                      : loaded 2 times (x 136B)
Class org.jetbrains.kotlin.gradle.plugin.diagnostics.CheckKotlinGradlePluginConfigurationErrors_Decorated: loaded 2 times (x 368B)
Class org.jetbrains.kotlin.gradle.plugin.mpp.compilationImpl.factory.KotlinCompilationImplFactory$KotlinCompilationTaskNamesContainerFactory: loaded 2 times (x 69B)
Class com.google.common.collect.MapMakerInternalMap                                   : loaded 2 times (x 160B)
Class org.jetbrains.kotlin.tooling.core.ExtrasProperty                                : loaded 2 times (x 69B)
Class org.jetbrains.kotlin.gradle.internal.properties.NativeProperties$Companion      : loaded 2 times (x 70B)
Class org.jetbrains.kotlin.gradle.internal.abi.AbiValidationExtensionImpl             : loaded 2 times (x 89B)
Class it.unimi.dsi.fastutil.ints.IntCollection                                        : loaded 2 times (x 69B)
Class org.jetbrains.kotlin.gradle.plugin.diagnostics.checkers.DisabledCinteropCommonizationInHmppProjectChecker: loaded 2 times (x 73B)
Class com.google.common.collect.ImmutableMapKeySet                                    : loaded 2 times (x 151B)
Class org.jetbrains.kotlin.gradle.tasks.DefaultKotlinJavaToolchain$javaExecutable$1   : loaded 2 times (x 74B)
Class [Lcom.android.resources.ScreenOrientation;                                      : loaded 2 times (x 68B)
Class org.codehaus.groovy.reflection.ClassInfo$LazyClassLoaderRef                     : loaded 2 times (x 81B)
Class kotlin.reflect.jvm.internal.KCallableImpl                                       : loaded 2 times (x 104B)
Class org.jetbrains.kotlin.gradle.targets.CreateDefaultCompilationsSideEffectKt       : loaded 2 times (x 70B)
Class org.jetbrains.kotlin.gradle.report.BuildReportType                              : loaded 2 times (x 78B)
Class kotlin.collections.ArraysUtilJVM                                                : loaded 2 times (x 70B)
Class org.jetbrains.kotlin.gradle.internal.StdlibDependencyManagementKt$addStdlibDependency$1$1$1: loaded 2 times (x 74B)
Class org.jetbrains.kotlin.konan.target.Family                                        : loaded 2 times (x 78B)
Class kotlin.properties.Delegates                                                     : loaded 2 times (x 70B)
Class org.objectweb.asm.SymbolTable                                                   : loaded 2 times (x 71B)
Class kotlin.reflect.KMutableProperty0                                                : loaded 2 times (x 69B)
Class com.android.tools.lint.model.PathVariables$Companion$PATH_COMPARATOR$1          : loaded 2 times (x 77B)
Class org.jetbrains.kotlin.gradle.plugin.diagnostics.ToolingDiagnosticRenderingOptions: loaded 2 times (x 71B)
Class kotlin.reflect.KMutableProperty1                                                : loaded 2 times (x 69B)
Class com.android.tools.lint.model.PathVariables$Companion$PATH_COMPARATOR$2          : loaded 2 times (x 77B)
Class org.jetbrains.kotlin.gradle.plugin.statistics.BuildFinishMetrics$reportBuildFinished$1: loaded 2 times (x 78B)
Class kotlin.reflect.KMutableProperty2                                                : loaded 2 times (x 69B)
Class com.android.tools.lint.model.PathVariables$Companion$PATH_COMPARATOR$3          : loaded 2 times (x 77B)
Class org.jetbrains.kotlin.gradle.plugin.mpp.compilationImpl.KotlinCompilationImpl$1  : loaded 2 times (x 78B)
Class com.google.common.cache.CacheStats                                              : loaded 2 times (x 70B)
Class com.android.tools.lint.model.PathVariables$Companion$PATH_COMPARATOR$4          : loaded 2 times (x 77B)
Class org.jetbrains.kotlin.gradle.plugin.mpp.compilationImpl.KotlinCompilationImpl$2  : loaded 2 times (x 78B)
Class com.google.protobuf.Internal$LongList                                           : loaded 2 times (x 69B)
Class kotlin.coroutines.jvm.internal.BaseContinuationImpl                             : loaded 2 times (x 86B)
Class it.unimi.dsi.fastutil.ints.IntSet                                               : loaded 2 times (x 69B)
Class org.jetbrains.kotlin.gradle.tasks.KotlinCompile$ClasspathSnapshotProperties     : loaded 2 times (x 74B)
Class org.jetbrains.kotlin.gradle.InternalKotlinGradlePluginApi                       : loaded 2 times (x 69B)
Class org.jetbrains.kotlin.gradle.dsl.KotlinCommonCompilerOptions                     : loaded 2 times (x 69B)
Class com.android.ide.common.resources.configuration.ResourceQualifier                : loaded 2 times (x 87B)
Class [Lorg.jetbrains.kotlin.gradle.plugin.sources.android.AndroidVariantType;        : loaded 2 times (x 68B)
Class org.jetbrains.kotlin.gradle.internal.properties.PropertiesBuildService$Companion: loaded 2 times (x 70B)
Class com.android.tools.lint.model.LintModelMavenName$Companion                       : loaded 2 times (x 70B)
Class org.jetbrains.kotlin.tooling.core.MutableExtras                                 : loaded 2 times (x 69B)
Class org.gradle.internal.classloader.VisitableURLClassLoader                         : loaded 2 times (x 116B)
Class org.jetbrains.kotlin.build.report.metrics.BuildAttributes                       : loaded 2 times (x 71B)
Class org.jetbrains.kotlin.gradle.plugin.KotlinGradleBuildServices$Companion$registerIfAbsent$2$1: loaded 2 times (x 78B)
Class org.jetbrains.kotlin.statistics.metrics.StringAnonymizationPolicy$RegexControlled: loaded 2 times (x 78B)
Class com.google.common.cache.LocalCache$LocalLoadingCache                            : loaded 2 times (x 133B)
Class kotlin.reflect.jvm.internal.RuntimeTypeMapper                                   : loaded 2 times (x 70B)
Class org.jetbrains.kotlin.gradle.plugin.DefaultKotlinBasePlugin$addKotlinCompilerConfiguration$2$1: loaded 2 times (x 74B)
Class org.jetbrains.kotlin.gradle.targets.js.npm.NpmDependencyExtensionDelegate       : loaded 2 times (x 166B)
Class org.codehaus.groovy.runtime.dgmimpl.arrays.ObjectArrayGetAtMetaMethod           : loaded 2 times (x 96B)
Class org.jetbrains.kotlin.gradle.tasks.KotlinCompilerExecutionStrategy               : loaded 2 times (x 78B)
Class org.jetbrains.kotlin.gradle.plugin.statistics.KotlinBuildStatisticsUtilsKt$collectAppliedPluginsStatistics$1: loaded 2 times (x 74B)
Class groovyjarjarasm.asm.SymbolTable$Entry                                           : loaded 2 times (x 73B)
Class org.codehaus.groovy.vmplugin.v9.Java9                                           : loaded 2 times (x 108B)
Class build_crik30vk2h0rmw8eqo8pkc9nv                                                 : loaded 2 times (x 180B)
Class org.jetbrains.kotlin.gradle.plugin.statistics.KotlinBuildStatisticsUtilsKt$collectAppliedPluginsStatistics$2: loaded 2 times (x 74B)
Class org.jetbrains.kotlin.gradle.plugin.diagnostics.UsesKotlinToolingDiagnostics     : loaded 2 times (x 69B)
Class org.codehaus.groovy.runtime.dgmimpl.arrays.ByteArrayPutAtMetaMethod             : loaded 2 times (x 96B)
Class com.android.ide.common.gradle.Separator                                         : loaded 2 times (x 78B)
Class kotlin.io.FilesKt__FileTreeWalkKt                                               : loaded 2 times (x 70B)
Class org.jetbrains.kotlin.gradle.targets.js.npm.SemverKt                             : loaded 2 times (x 70B)
Class org.jetbrains.kotlin.gradle.plugin.attributes.KlibPackaging                     : loaded 2 times (x 69B)
Class org.jetbrains.kotlin.gradle.plugin.diagnostics.KotlinToolingDiagnosticsSetupActionKt$KotlinToolingDiagnosticsSetupAction$1: loaded 2 times (x 73B)
Class org.codehaus.groovy.classgen.GeneratorContext                                   : loaded 2 times (x 76B)
Class org.codehaus.groovy.runtime.dgmimpl.NumberNumberMetaMethod                      : loaded 2 times (x 113B)
Class com.android.utils.EnvironmentProvider$DirectEnvironmentProvider                 : loaded 2 times (x 79B)
Class build_6i446pepxxg45kdsgb8s85lfb$_run_closure1$_closure3                         : loaded 2 times (x 138B)
Class build_521x8zikabm98quf14kdiuvk$_run_closure1                                    : loaded 2 times (x 138B)
Class com.google.common.collect.ImmutableMultimap$Keys                                : loaded 2 times (x 165B)
Class org.jetbrains.kotlin.gradle.internal.properties.PropertiesBuildService$property$1$1: loaded 2 times (x 74B)
Class org.gradle.internal.Cast                                                        : loaded 2 times (x 70B)
Class com.android.ide.common.resources.configuration.KeyboardStateQualifier           : loaded 2 times (x 89B)
Class org.jetbrains.kotlin.gradle.targets.js.dsl.KotlinJsTargetDsl                    : loaded 2 times (x 69B)
Class org.jetbrains.kotlin.gradle.plugin.diagnostics.checkers.KonanHomeConflictDeclarationChecker: loaded 2 times (x 73B)
Class org.jetbrains.kotlin.gradle.dsl.KotlinTargetContainerWithPresetFunctions        : loaded 2 times (x 69B)
Class org.codehaus.groovy.runtime.metaclass.MultipleSetterProperty                    : loaded 2 times (x 81B)
Class kotlin.reflect.KMutableProperty$Setter                                          : loaded 2 times (x 69B)
Class build_8i22vgbz41d2dw32xtydiibmo                                                 : loaded 2 times (x 179B)
Class org.jetbrains.kotlin.gradle.tasks.abi.KotlinLegacyAbiDumpTaskImpl               : loaded 2 times (x 347B)
Class org.jetbrains.kotlin.gradle.plugin.statistics.BuildFinishFlowAction$Parameters  : loaded 2 times (x 69B)
Class org.jetbrains.kotlin.gradle.dsl.KotlinHierarchyDsl                              : loaded 2 times (x 69B)
Class org.jetbrains.kotlin.gradle.tasks.configuration.BaseKotlinCompileConfig$Companion: loaded 2 times (x 70B)
Class org.codehaus.groovy.runtime.dgmimpl.arrays.ShortArrayGetAtMetaMethod            : loaded 2 times (x 96B)
Class org.jetbrains.kotlin.konan.target.KonanTarget$LINUX_ARM64                       : loaded 2 times (x 77B)
Class org.jetbrains.kotlin.gradle.targets.native.SetupEmbedAndSignAppleFrameworkTaskSideEffectKt$special$$inlined$KotlinTargetSideEffect$1: loaded 2 times (x 73B)
Class kotlin.reflect.jvm.internal.ReflectionFactoryImpl                               : loaded 2 times (x 90B)
Class org.jetbrains.kotlin.gradle.plugin.statistics.ConfigurationMetricsBuildFusParameters: loaded 2 times (x 69B)
Class com.google.protobuf.Internal$BooleanList                                        : loaded 2 times (x 69B)
Class build_8i22vgbz41d2dw32xtydiibmo$_run_closure1                                   : loaded 2 times (x 138B)
Class org.jetbrains.kotlin.gradle.plugin.mpp.apple.swiftexport.internal.SwiftExportInitKt$maybeCreateSwiftExportClasspathDependenciesConfiguration$1: loaded 2 times (x 78B)
Class org.gradle.api.internal.ClassPathRegistry                                       : loaded 2 times (x 69B)
Class com.google.protobuf.Internal$EnumLite                                           : loaded 2 times (x 69B)
Class org.codehaus.groovy.runtime.SocketGroovyMethods                                 : loaded 2 times (x 70B)
Class com.google.common.collect.RegularImmutableBiMap$Inverse                         : loaded 2 times (x 142B)
Class org.jetbrains.kotlin.gradle.plugin.KotlinCompilationWithResources               : loaded 2 times (x 69B)
Class org.jetbrains.kotlin.gradle.fus.internal.CiUtilKt                               : loaded 2 times (x 70B)
Class org.codehaus.groovy.ast.AnnotationNode                                          : loaded 2 times (x 118B)
Class org.jetbrains.kotlin.gradle.plugin.mpp.compilationImpl.KotlinCompilationProcessorSideEffectKt$KotlinCompilationProcessorSideEffect$1: loaded 2 times (x 73B)
Class com.google.gson.stream.JsonReader                                               : loaded 2 times (x 96B)
Class org.jetbrains.kotlin.gradle.plugin.internal.ProjectIsolationStartParameterAccessorKt: loaded 2 times (x 70B)
Class com.google.common.cache.LocalCache$EntryFactory                                 : loaded 2 times (x 82B)
Class com.google.gson.stream.MalformedJsonException                                   : loaded 2 times (x 81B)
Class org.jetbrains.kotlin.cli.common.arguments.K2JVMCompilerArguments                : loaded 2 times (x 75B)
Class com.google.common.util.concurrent.UncheckedExecutionException                   : loaded 2 times (x 81B)
Class org.jetbrains.kotlin.gradle.plugin.statistics.FlowActionBuildFusService$Companion$registerIfAbsentImpl$1$1: loaded 2 times (x 73B)
Class org.gradle.internal.classloader.VisitableURLClassLoader$InstrumentingVisitableURLClassLoader: loaded 2 times (x 122B)
Class kotlin.coroutines.jvm.internal.DebugProbesKt                                    : loaded 2 times (x 70B)
Class com.android.tools.lint.model.PathVariables                                      : loaded 2 times (x 71B)
Class org.jetbrains.kotlin.gradle.tasks.CacheableTasksKt$cacheOnlyIfEnabledForKotlin$1$1: loaded 2 times (x 73B)
Class org.jetbrains.kotlin.gradle.plugin.mpp.compilationImpl.KotlinCompilationAssociator: loaded 2 times (x 69B)
Class org.gradle.internal.classloader.ClassLoaderHierarchy                            : loaded 2 times (x 69B)
Class org.codehaus.groovy.ast.GenericsType                                            : loaded 2 times (x 117B)
Class org.jetbrains.kotlin.compilerRunner.CompilerSystemPropertiesService$Companion$registerIfAbsent$1: loaded 2 times (x 74B)
Class com.android.tools.lint.model.LintModelSerialization$LintModelSerializationFileAdapter$WhenMappings: loaded 2 times (x 70B)
Class org.jetbrains.kotlin.gradle.plugin.mpp.KotlinJvmCompilation                     : loaded 2 times (x 199B)
Class org.jetbrains.kotlin.gradle.plugin.KotlinPluginLifecycleImpl$await$2$1          : loaded 2 times (x 78B)
Class kotlin.sequences.SequencesKt___SequencesJvmKt                                   : loaded 2 times (x 70B)
Class org.jetbrains.kotlin.statistics.BuildSessionLogger$Companion$listProfileFiles$lambda$4$$inlined$sortedBy$1: loaded 2 times (x 88B)
Class org.jetbrains.kotlin.gradle.plugin.statistics.MetricContainer                   : loaded 2 times (x 71B)
Class com.android.tools.lint.model.LintModelNamespacingMode                           : loaded 2 times (x 78B)
Class kotlin.collections.MapsKt__MapsKt                                               : loaded 2 times (x 70B)
Class org.jetbrains.kotlin.gradle.plugin.PropertiesProvider$propertyWithValueReporting$1: loaded 2 times (x 74B)
Class kotlin.jvm.internal.MutablePropertyReference                                    : loaded 2 times (x 118B)
Class org.jetbrains.kotlin.gradle.internal.StdlibDependencyManagementKt$configureStdlibDefaultDependency$1: loaded 2 times (x 78B)
Class org.jetbrains.kotlin.gradle.plugin.mpp.compilationImpl.KotlinCompilationSideEffect$Companion: loaded 2 times (x 70B)
Class org.codehaus.groovy.vmplugin.v9.ClassFindFailedException                        : loaded 2 times (x 81B)
Class it.unimi.dsi.fastutil.longs.LongCollection                                      : loaded 2 times (x 69B)
Class kotlin.collections.ArraysKt                                                     : loaded 2 times (x 70B)
Class org.jetbrains.kotlin.gradle.plugin.diagnostics.checkers.NoKotlinTargetsDeclaredChecker$runChecks$1: loaded 2 times (x 87B)
Class org.jetbrains.kotlin.gradle.plugin.KotlinCompilationInfo$TCS$friendPaths$1      : loaded 2 times (x 78B)
Class org.jetbrains.kotlin.gradle.plugin.hierarchy.KotlinSourceSetTreeClassifier$Default: loaded 2 times (x 70B)
Class org.jetbrains.kotlin.gradle.targets.js.npm.DefaultPeerNpmDependencyExtension$delegate$1: loaded 2 times (x 166B)
Class org.jetbrains.kotlin.gradle.plugin.statistics.FusMetrics                        : loaded 2 times (x 69B)
Class org.jetbrains.kotlin.gradle.plugin.diagnostics.checkers.ExperimentalTryNextUsageChecker: loaded 2 times (x 73B)
Class org.jetbrains.kotlin.gradle.internal.KotlinDependenciesManagementKt             : loaded 2 times (x 70B)
Class com.google.protobuf.Utf8                                                        : loaded 2 times (x 70B)
Class com.google.protobuf.MessageOrBuilder                                            : loaded 2 times (x 69B)
Class org.apache.groovy.plugin.GroovyRunnerRegistry                                   : loaded 2 times (x 133B)
Class org.jetbrains.kotlin.gradle.fus.internal.SynchronizedConfigurationMetrics       : loaded 2 times (x 71B)
Class org.jetbrains.kotlin.gradle.plugin.mpp.InternalKotlinCompilationKt              : loaded 2 times (x 70B)
Class org.jetbrains.kotlin.gradle.plugin.diagnostics.checkers.KmpPartiallyResolvedDependenciesCheckerKt: loaded 2 times (x 70B)
Class [Lorg.jetbrains.kotlin.gradle.dsl.PlatformSourceSetConventionsChecker$CheckedPlatformInfo;: loaded 2 times (x 68B)
Class kotlin.collections.builders.MapBuilder                                          : loaded 2 times (x 111B)
Class org.jetbrains.kotlin.tooling.core.KotlinToolingVersion                          : loaded 2 times (x 74B)
Class org.jetbrains.kotlin.gradle.plugin.BuildFinishedListenerService$Companion$registerIfAbsent$1$1: loaded 2 times (x 78B)
Class groovy.lang.MetaClassImpl$10                                                    : loaded 2 times (x 76B)
Class org.jetbrains.kotlin.build.report.metrics.BuildAttribute$Companion              : loaded 2 times (x 70B)
Class org.codehaus.groovy.control.io.NullWriter                                       : loaded 2 times (x 98B)
Class org.codehaus.groovy.runtime.dgmimpl.arrays.FloatArrayPutAtMetaMethod            : loaded 2 times (x 96B)
Class kotlin.text.CharsKt__CharKt                                                     : loaded 2 times (x 70B)
Class org.jetbrains.kotlin.gradle.plugin.internal.BuildIdService$Companion$registerIfAbsent$1$1: loaded 2 times (x 74B)
Class org.jetbrains.kotlin.cli.jvm.compiler.KotlinCoreEnvironment$Companion           : loaded 2 times (x 70B)
Class com.google.common.collect.Lists$ReverseList                                     : loaded 2 times (x 161B)
Class org.jetbrains.kotlin.gradle.plugin.PropertiesProvider$keepIncrementalCompilationCachesInMemory$1: loaded 2 times (x 78B)
Class org.codehaus.groovy.ast.expr.ExpressionTransformer                              : loaded 2 times (x 69B)
Class groovy.lang.MissingPropertyException                                            : loaded 2 times (x 88B)
Class [Lcom.android.tools.lint.model.LintModelSerialization$TargetFile;               : loaded 2 times (x 68B)
Class org.jetbrains.kotlin.gradle.tasks.AbstractKotlinCompile                         : loaded 2 times (x 458B)
Class org.codehaus.groovy.util.Finalizable                                            : loaded 2 times (x 69B)
Class org.jetbrains.kotlin.gradle.plugin.BuildFinishAndConfigurationTimeMetricsFlowAction$Parameters: loaded 2 times (x 69B)
Class org.jetbrains.kotlin.gradle.tasks.configuration.BaseKotlinCompileConfig$1$1$1   : loaded 2 times (x 74B)
Class org.jetbrains.kotlin.gradle.plugin.VariantImplementationFactories$Parameters_Decorated: loaded 2 times (x 133B)
Class org.jetbrains.kotlin.gradle.tasks.configuration.BaseKotlinCompileConfig$1$1$2   : loaded 2 times (x 74B)
Class org.jetbrains.kotlin.gradle.targets.native.internal.CInteropConfigurationsKt$special$$inlined$KotlinTargetSideEffect$1: loaded 2 times (x 73B)
Class org.codehaus.groovy.ast.expr.AnnotationConstantExpression                       : loaded 2 times (x 133B)
Class org.codehaus.groovy.util.LazyReference$1                                        : loaded 2 times (x 75B)
Class org.jetbrains.kotlin.gradle.tasks.configuration.BaseKotlinCompileConfig$1$1$3   : loaded 2 times (x 74B)
Class org.jetbrains.kotlin.konan.target.KonanTarget$WATCHOS_ARM32                     : loaded 2 times (x 77B)
Class org.jetbrains.kotlin.gradle.targets.native.internal.CInteropConfigurationsKt$special$$inlined$KotlinTargetSideEffect$2: loaded 2 times (x 73B)
Class com.google.protobuf.MapField                                                    : loaded 2 times (x 88B)
Class groovyjarjarasm.asm.Frame                                                       : loaded 2 times (x 72B)
Class org.codehaus.groovy.util.LazyReference$2                                        : loaded 2 times (x 75B)
Class kotlin.collections.MapsKt___MapsKt                                              : loaded 2 times (x 70B)
Class org.jetbrains.kotlin.gradle.plugin.mpp.HasBinaries                              : loaded 2 times (x 69B)
Class org.jetbrains.kotlin.gradle.plugin.diagnostics.checkers.DisabledCinteropCommonizationInHmppProjectChecker$runChecks$1: loaded 2 times (x 87B)
Class org.jetbrains.kotlin.gradle.targets.js.npm.NpmDependencyExtensionKt$defaultNpmDependencyDelegate$1: loaded 2 times (x 166B)
Class com.google.common.collect.AbstractMapBasedMultimap$WrappedList                  : loaded 2 times (x 166B)
Class org.jetbrains.kotlin.gradle.dsl.DefaultToolchainSupport                         : loaded 2 times (x 75B)
Class org.jetbrains.kotlin.gradle.plugin.statistics.BuildFusService$Parameters$Inject : loaded 2 times (x 111B)
Class org.codehaus.groovy.syntax.CSTNode                                              : loaded 2 times (x 103B)
Class org.codehaus.groovy.runtime.CurriedClosure                                      : loaded 2 times (x 132B)
Class org.jetbrains.kotlin.gradle.targets.native.KonanPropertiesBuildService$Companion$registerIfAbsent$2$1$1: loaded 2 times (x 74B)
Class org.codehaus.groovy.reflection.GeneratedMetaMethod$Proxy                        : loaded 2 times (x 95B)
Class org.jetbrains.kotlin.gradle.tasks.KotlinCompile$kotlinOptions$1                 : loaded 2 times (x 78B)
Class org.jetbrains.kotlin.gradle.plugin.sources.KotlinDependencyScopeKt              : loaded 2 times (x 70B)
Class org.jetbrains.kotlin.konan.target.KonanTarget$WATCHOS_SIMULATOR_ARM64           : loaded 2 times (x 77B)
Class org.codehaus.groovy.runtime.StringGroovyMethods                                 : loaded 2 times (x 70B)
Class [Lcom.android.prefs.Global;                                                     : loaded 2 times (x 68B)
Class org.jetbrains.kotlin.gradle.plugin.mpp.DefaultKotlinUsageContext$1              : loaded 2 times (x 73B)
Class org.jetbrains.kotlin.gradle.utils.ProjectExtensionsKt                           : loaded 2 times (x 70B)
Class org.jetbrains.kotlin.gradle.targets.native.internal.AddKotlinPlatformIntegersSupportLibraryKt: loaded 2 times (x 70B)
Class org.codehaus.groovy.transform.ErrorCollecting                                   : loaded 2 times (x 69B)
Class com.google.common.collect.MapMakerInternalMap$WeakValueReference                : loaded 2 times (x 69B)
Class kotlin.sequences.TransformingSequence$iterator$1                                : loaded 2 times (x 78B)
Class org.jetbrains.kotlin.gradle.plugin.sources.InternalKotlinSourceSetKt$awaitPlatformCompilations$1: loaded 2 times (x 87B)
Class com.google.common.collect.Lists$ReverseList$1                                   : loaded 2 times (x 98B)
Class org.codehaus.groovy.runtime.GeneratedLambda                                     : loaded 2 times (x 69B)
Class org.jetbrains.kotlin.gradle.plugin.mpp.compilationImpl.KotlinCompilationRegisterInSourceSetsConfigurator: loaded 2 times (x 73B)
Class org.jetbrains.kotlin.gradle.tasks.publishing.HelpersKt$addSigningValidationHelpers$1: loaded 2 times (x 74B)
Class com.google.protobuf.AbstractMessage$Builder                                     : loaded 2 times (x 256B)
Class com.android.tools.lint.model.LintModelSourceProvider                            : loaded 2 times (x 69B)
Class org.jetbrains.kotlin.gradle.dsl.abi.AbiFiltersSpec                              : loaded 2 times (x 69B)
Class org.jetbrains.kotlin.gradle.internal.properties.PropertiesBuildServiceKt$propertyWithDeprecatedName$1: loaded 2 times (x 74B)
Class org.jetbrains.kotlin.gradle.plugin.mpp.compilationImpl.KotlinCreateSourcesJarTaskSideEffectKt: loaded 2 times (x 70B)
Class org.jetbrains.kotlin.gradle.dsl.KotlinMultiplatformExtension                    : loaded 2 times (x 606B)
Class androidx.appcompat.res.ColorStateListAlphaDetector$Companion                    : loaded 2 times (x 70B)
Class com.google.common.cache.Weigher                                                 : loaded 2 times (x 69B)
Class com.android.sdklib.SdkVersionInfo                                               : loaded 2 times (x 70B)
Class kotlin.jvm.internal.StringCompanionObject                                       : loaded 2 times (x 70B)
Class com.android.ide.common.resources.configuration.NightModeQualifier               : loaded 2 times (x 89B)
Class org.jetbrains.kotlin.gradle.plugin.diagnostics.checkers.IncorrectCompileOnlyDependenciesChecker: loaded 2 times (x 73B)
Class kotlin.collections.IndexingIterator                                             : loaded 2 times (x 78B)
Class com.google.common.collect.MapMakerInternalMap$StrongValueEntry                  : loaded 2 times (x 69B)
Class org.codehaus.groovy.runtime.dgmimpl.arrays.BooleanArrayGetAtMetaMethod          : loaded 2 times (x 96B)
Class kotlin.text.Regex$findAll$2                                                     : loaded 2 times (x 124B)
Class com.google.protobuf.AbstractMessageLite$Builder$LimitedInputStream              : loaded 2 times (x 91B)
Class kotlin.coroutines.jvm.internal.SuspendLambda                                    : loaded 2 times (x 90B)
Class org.jetbrains.kotlin.gradle.plugin.KotlinGradleBuildServices                    : loaded 2 times (x 79B)
Class org.jetbrains.kotlin.gradle.utils.ProviderApiUtilsKt$mapOrNull$1$1              : loaded 2 times (x 74B)
Class org.codehaus.groovy.reflection.stdclasses.CachedClosureClass                    : loaded 2 times (x 97B)
Class org.jetbrains.kotlin.gradle.plugin.abi.UtilsKt$prepareAbiClasspath$1$1          : loaded 2 times (x 74B)
Class org.jetbrains.kotlin.gradle.plugin.statistics.KotlinBuildStatsBeanService       : loaded 2 times (x 86B)
Class kotlin.collections.IndexingIterable                                             : loaded 2 times (x 78B)
Class it.unimi.dsi.fastutil.objects.ReferenceSet                                      : loaded 2 times (x 69B)
Class org.jetbrains.kotlin.compilerRunner.CompilerSystemPropertiesService$Companion   : loaded 2 times (x 70B)
Class org.jetbrains.kotlin.gradle.plugin.BuildFinishedListenerService$Companion       : loaded 2 times (x 70B)
Class org.gradle.internal.InternalTransformer                                         : loaded 2 times (x 69B)
Class androidx.appcompat.widget.TextViewCompoundDrawablesApiDetector$Companion        : loaded 2 times (x 70B)
Class com.google.protobuf.ExtensionRegistry$ExtensionInfo                             : loaded 2 times (x 71B)
Class groovy.io.GroovyPrintWriter                                                     : loaded 2 times (x 128B)
Class kotlin.sequences.Sequence                                                       : loaded 2 times (x 69B)
Class org.jetbrains.kotlin.gradle.plugin.diagnostics.checkers.DuplicateSourceSetChecker: loaded 2 times (x 73B)
Class com.google.protobuf.AbstractMessage$BuilderParent                               : loaded 2 times (x 69B)
Class org.codehaus.groovy.control.CompilationUnit$ClassgenCallback                    : loaded 2 times (x 69B)
Class org.jetbrains.kotlin.gradle.plugin.internal.CustomPropertiesFileValueSource$Parameters_Decorated: loaded 2 times (x 133B)
Class groovy.transform.Generated                                                      : loaded 2 times (x 69B)
Class org.jetbrains.kotlin.gradle.dsl.PlatformSourceSetConventionsChecker$runChecks$$inlined$CheckedPlatformInfo$default$1: loaded 2 times (x 77B)
Class org.jetbrains.kotlin.gradle.dsl.JvmTarget$Companion                             : loaded 2 times (x 70B)
Class kotlin.reflect.jvm.internal.impl.builtins.StandardNames$FqNames                 : loaded 2 times (x 70B)
Class org.jetbrains.kotlin.gradle.testing.internal.KotlinTestsRegistry$Companion      : loaded 2 times (x 70B)
Class org.gradle.internal.service.ServiceLocator                                      : loaded 2 times (x 69B)
Class build_62qvi8cwz5dxczeibq1r78f3l                                                 : loaded 2 times (x 179B)
Class org.jetbrains.kotlin.gradle.utils.FutureKt$future$1                             : loaded 2 times (x 94B)
Class org.codehaus.groovy.runtime.metaclass.ClosureMetaMethod                         : loaded 2 times (x 102B)
Class build_3x2eci9f0bzzchngr8fxk7g2f$_run_closure1                                   : loaded 2 times (x 138B)
Class org.jetbrains.kotlin.build.report.metrics.BuildMetricsReporterImpl              : loaded 2 times (x 99B)
Class org.jetbrains.kotlin.gradle.plugin.diagnostics.checkers.AndroidPublicationNotConfiguredChecker: loaded 2 times (x 73B)
Class org.jetbrains.kotlin.gradle.plugin.VariantImplementationFactories               : loaded 2 times (x 74B)
Class Settings_gradle$1                                                               : loaded 2 times (x 73B)
Class it.unimi.dsi.fastutil.Stack                                                     : loaded 2 times (x 69B)
Class org.jetbrains.kotlin.gradle.utils.MutableObservableSetImpl                      : loaded 2 times (x 162B)
Class org.jetbrains.kotlin.gradle.plugin.CompilerPluginConfig                         : loaded 2 times (x 71B)
Class org.jetbrains.kotlin.gradle.plugin.statistics.FlowActionBuildFusService$Companion$registerIfAbsentImpl$1: loaded 2 times (x 74B)
Class org.jetbrains.kotlin.gradle.report.ReportingSettings                            : loaded 2 times (x 71B)
Class [Lorg.jetbrains.kotlin.statistics.metrics.NumericalMetrics;                     : loaded 2 times (x 68B)
Class org.jetbrains.kotlin.gradle.plugin.GradleUtilsKt                                : loaded 2 times (x 70B)
Class org.jetbrains.kotlin.gradle.tasks.abi.KotlinLegacyAbiDumpTask                   : loaded 2 times (x 69B)
Class org.jetbrains.kotlin.gradle.plugin.mpp.AbstractKotlinTarget$kotlinComponents$2  : loaded 2 times (x 78B)
Class com.google.common.util.concurrent.SettableFuture                                : loaded 2 times (x 96B)
Class org.jetbrains.kotlin.gradle.internal.transforms.BuildToolsApiClasspathEntrySnapshotTransform$Parameters: loaded 2 times (x 87B)
Class com.android.ide.common.resources.ResourceMergerItem                             : loaded 2 times (x 135B)
Class org.jetbrains.kotlin.gradle.plugin.diagnostics.checkers.GradleDeprecatedPropertyChecker: loaded 2 times (x 73B)
Class org.codehaus.groovy.ast.ASTNode                                                 : loaded 2 times (x 103B)
Class com.google.common.io.Files$2                                                    : loaded 2 times (x 75B)
Class com.android.tools.lint.model.DefaultLintModelModuleLibrary                      : loaded 2 times (x 92B)
Class org.jetbrains.kotlin.gradle.plugin.statistics.KotlinProjectConfigurationMetrics : loaded 2 times (x 70B)
Class org.jetbrains.kotlin.gradle.internal.ClassLoadersCachingBuildService$Companion$registerIfAbsent$1: loaded 2 times (x 74B)
Class org.jetbrains.kotlin.gradle.dsl.PlatformSourceSetConventionsChecker             : loaded 2 times (x 73B)
Class kotlin.sequences.SequencesKt___SequencesKt$flatMap$2                            : loaded 2 times (x 124B)
Class org.jetbrains.kotlin.gradle.targets.native.toolchain.KotlinNativeBundleBuildService$Companion$registerIfAbsent$2$1: loaded 2 times (x 78B)
Class com.google.common.collect.Maps$EntryFunction                                    : loaded 2 times (x 90B)
Class org.jetbrains.kotlin.gradle.tasks.configuration.BaseKotlinCompileConfig$1       : loaded 2 times (x 78B)
Class org.jetbrains.kotlin.gradle.plugin.statistics.FinalizeConfigurationFusMetricActionKt$FinalizeConfigurationFusMetricAction$1: loaded 2 times (x 94B)
Class org.jetbrains.kotlin.gradle.plugin.internal.JavaExecTaskParametersCompatibility : loaded 2 times (x 69B)
Class org.jetbrains.kotlin.gradle.tasks.configuration.BaseKotlinCompileConfig$2       : loaded 2 times (x 78B)
Class groovy.lang.ExpandoMetaClass$Callable                                           : loaded 2 times (x 69B)
Class org.jetbrains.kotlin.gradle.plugin.mpp.compilationImpl.KotlinCompilationSourceSetsContainer: loaded 2 times (x 69B)
Class org.jetbrains.kotlin.gradle.dsl.AndroidMainSourceSetConventionsChecker$runChecks$1: loaded 2 times (x 87B)
Class org.jetbrains.kotlin.gradle.plugin.diagnostics.KotlinToolingDiagnosticsSetupActionKt$KotlinToolingDiagnosticsSetupAction$1$1: loaded 2 times (x 74B)
Class org.jetbrains.kotlin.gradle.plugin.VariantImplementationFactories$Parameters    : loaded 2 times (x 69B)
Class org.jetbrains.kotlin.gradle.dsl.KotlinAndroidExtension                          : loaded 2 times (x 69B)
Class org.codehaus.groovy.classgen.asm.util.TypeUtil                                  : loaded 2 times (x 70B)
Class kotlin.coroutines.jvm.internal.CoroutineStackFrame                              : loaded 2 times (x 69B)
Class org.jetbrains.kotlin.gradle.plugin.SubpluginEnvironment                         : loaded 2 times (x 71B)
Class org.jetbrains.kotlin.gradle.incremental.UsesIncrementalModuleInfoBuildService   : loaded 2 times (x 69B)
Class org.jetbrains.kotlin.gradle.internal.abi.ConfigsKt                              : loaded 2 times (x 70B)
Class org.jetbrains.kotlin.gradle.plugin.diagnostics.KotlinToolingDiagnosticsSetupActionKt$KotlinToolingDiagnosticsSetupAction$1$2: loaded 2 times (x 94B)
Class org.jetbrains.kotlin.gradle.plugin.KotlinPluginWrapperKt$kotlinPluginVersionFromResources$1: loaded 2 times (x 77B)
Class org.jetbrains.kotlin.gradle.plugin.statistics.DaemonReuseCounter$Companion      : loaded 2 times (x 70B)
Class org.jetbrains.kotlin.gradle.plugin.diagnostics.KotlinToolingDiagnosticsSetupActionKt$KotlinToolingDiagnosticsSetupAction$1$3: loaded 2 times (x 74B)
Class org.jetbrains.kotlin.gradle.plugin.KotlinPluginLifecycleImplKt                  : loaded 2 times (x 70B)
Class [Lkotlin.reflect.jvm.internal.impl.builtins.PrimitiveType;                      : loaded 2 times (x 68B)
Class com.android.tools.lint.model.LintModelAndroidLibrary                            : loaded 2 times (x 69B)
Class org.jetbrains.kotlin.gradle.targets.ConfigureBuildSideEffectKt                  : loaded 2 times (x 70B)
Class org.jetbrains.kotlin.gradle.plugin.internal.DefaultConfigurationCacheStartParameterAccessor_Decorated: loaded 2 times (x 124B)
Class com.google.gson.internal.JsonReaderInternalAccess                               : loaded 2 times (x 71B)
Class kotlin.internal.ProgressionUtilKt                                               : loaded 2 times (x 70B)
Class org.jetbrains.kotlin.gradle.plugin.sources.FragmentConsistencyChecker           : loaded 2 times (x 71B)
Class org.jetbrains.kotlin.gradle.tasks.KotlinTasksProvider                           : loaded 2 times (x 71B)
Class org.jetbrains.kotlin.gradle.internal.properties.PropertiesBuildService$Params_Decorated: loaded 2 times (x 133B)
Class org.jetbrains.kotlin.gradle.internal.properties.PropertiesBuildService$Companion$registerIfAbsent$1: loaded 2 times (x 74B)
Class org.jetbrains.kotlin.gradle.targets.CreateArtifactsSideEffectKt$CreateArtifactsSideEffect$1: loaded 2 times (x 73B)
Class groovy.lang.GString$1                                                           : loaded 2 times (x 120B)
Class org.codehaus.groovy.transform.trait.Traits$Implemented                          : loaded 2 times (x 69B)
Class kotlin.reflect.KFunction                                                        : loaded 2 times (x 69B)
Class org.jetbrains.kotlin.gradle.plugin.hierarchy.KotlinSourceSetTreeClassifierKt$sourceSetTreeClassifier$2: loaded 2 times (x 77B)
Class com.google.protobuf.GeneratedMessageV3$Builder                                  : loaded 2 times (x 277B)
Class com.google.common.collect.MapMaker                                              : loaded 2 times (x 71B)
Class kotlin.LazyKt__LazyKt                                                           : loaded 2 times (x 70B)
Class kotlin.jvm.KotlinReflectionNotSupportedError                                    : loaded 2 times (x 81B)
Class com.google.common.collect.HashBasedTable                                        : loaded 2 times (x 123B)
Class groovy.lang.Tuple0                                                              : loaded 2 times (x 167B)
Class org.codehaus.groovy.ast.expr.ElvisOperatorExpression                            : loaded 2 times (x 129B)
Class org.jetbrains.kotlin.gradle.targets.js.npm.SemVer                               : loaded 2 times (x 74B)
Class groovy.lang.Tuple1                                                              : loaded 2 times (x 167B)
Class com.android.tools.lint.model.LintModelJavaArtifact                              : loaded 2 times (x 69B)
Class [Lcom.android.tools.lint.model.LintModelArtifactType;                           : loaded 2 times (x 68B)
Class groovy.lang.Tuple2                                                              : loaded 2 times (x 167B)
Class org.codehaus.groovy.runtime.metaclass.NewInstanceMetaMethod                     : loaded 2 times (x 98B)
Class groovy.lang.Tuple3                                                              : loaded 2 times (x 167B)
Class org.jetbrains.kotlin.gradle.internal.properties.NativePropertiesLoader$Companion: loaded 2 times (x 70B)
Class groovy.lang.Tuple4                                                              : loaded 2 times (x 167B)
Class kotlin.reflect.jvm.internal.KDeclarationContainerImpl                           : loaded 2 times (x 83B)
Class com.android.tools.lint.model.LintModelAndroidArtifact                           : loaded 2 times (x 69B)
Class com.google.common.collect.ImmutableMultiset                                     : loaded 2 times (x 162B)
Class org.jetbrains.kotlin.gradle.dsl.KotlinJvmCompilerOptions                        : loaded 2 times (x 69B)
Class org.jetbrains.kotlin.gradle.plugin.statistics.BuildFinishFlowProviderManager$subscribeForBuildResults$1$1: loaded 2 times (x 73B)
Class groovy.lang.Tuple5                                                              : loaded 2 times (x 167B)
Class org.jetbrains.kotlin.gradle.internal.StdlibDependencyManagementKt$isStdlibAddedByUser$1: loaded 2 times (x 78B)
Class org.jetbrains.kotlin.gradle.dsl.KotlinCommonToolOptions                         : loaded 2 times (x 69B)
Class org.jetbrains.kotlin.gradle.targets.CreateDefaultTestRunSideEffectKt            : loaded 2 times (x 70B)
Class groovyjarjarasm.asm.Type                                                        : loaded 2 times (x 71B)
Class groovy.lang.Tuple6                                                              : loaded 2 times (x 167B)
Class org.codehaus.groovy.ast.AnnotatedNode                                           : loaded 2 times (x 121B)
Class [Lgroovy.lang.MetaObjectProtocol;                                               : loaded 2 times (x 68B)
Class [Lorg.objectweb.asm.Label;                                                      : loaded 2 times (x 68B)
Class org.jetbrains.kotlin.gradle.internal.StdlibDependencyManagementKt$isStdlibAddedByUser$2: loaded 2 times (x 77B)
Class org.gradle.internal.classpath.DefaultClassPath$ImmutableUniqueList              : loaded 2 times (x 160B)
Class groovy.lang.Tuple7                                                              : loaded 2 times (x 167B)
Class groovy.lang.GroovyResourceLoader                                                : loaded 2 times (x 69B)
Class org.jetbrains.kotlin.gradle.plugin.KotlinCompilerArgumentsProducer$CreateCompilerArgumentsContext: loaded 2 times (x 69B)
Class org.jetbrains.kotlin.gradle.plugin.mpp.compilationImpl.factory.ConfigurationNaming: loaded 2 times (x 69B)
Class org.jetbrains.kotlin.konan.target.KonanTarget$ANDROID_X64                       : loaded 2 times (x 77B)
Class org.jetbrains.kotlin.gradle.plugin.mpp.KotlinUsages$KotlinMetadataCompatibility : loaded 2 times (x 75B)
Class org.jetbrains.kotlin.gradle.plugin.statistics.KotlinBuildStatsLoggerService$Companion: loaded 2 times (x 70B)
Class groovy.lang.Tuple8                                                              : loaded 2 times (x 167B)
Class org.codehaus.groovy.util.LockableObject                                         : loaded 2 times (x 77B)
Class org.jetbrains.kotlin.gradle.plugin.mpp.compilationImpl.DefaultKotlinCompilationFriendPathsResolver$FriendArtifactResolver: loaded 2 times (x 69B)
Class org.jetbrains.kotlin.gradle.plugin.KotlinGradleBuildServices$Inject             : loaded 2 times (x 99B)
Class groovy.lang.Tuple9                                                              : loaded 2 times (x 167B)
Class org.jetbrains.kotlin.statistics.metrics.SumMetricContainer                      : loaded 2 times (x 79B)
Class org.jetbrains.kotlin.gradle.plugin.diagnostics.checkers.JsLikeEnvironmentChecker: loaded 2 times (x 75B)
Class com.google.common.base.CharMatcher$JavaLetter                                   : loaded 2 times (x 110B)
Class groovy.lang.Closure$WritableClosure                                             : loaded 2 times (x 136B)
Class org.jetbrains.kotlin.gradle.tasks.abi.KotlinLegacyAbiUpdateTask$Companion       : loaded 2 times (x 70B)
Class org.jetbrains.kotlin.gradle.targets.js.npm.NpmDirectoryDependencyExtension      : loaded 2 times (x 69B)
Class com.google.common.collect.ImmutableMultimap$1                                   : loaded 2 times (x 81B)
Class com.google.common.collect.ImmutableMultimap$2                                   : loaded 2 times (x 80B)
Class org.jetbrains.kotlin.gradle.fus.internal.SynchronizedConfigurationMetrics$Companion: loaded 2 times (x 70B)
Class com.android.tools.lint.model.DefaultLintModelBuildFeatures                      : loaded 2 times (x 76B)
Class org.jetbrains.kotlin.gradle.plugin.VariantImplementationFactories$Companion$getProvider$2$1: loaded 2 times (x 78B)
Class com.android.tools.analytics.Environment$EnvironmentVariable                     : loaded 2 times (x 78B)
Class org.jetbrains.kotlin.gradle.plugin.KotlinPluginLifecycle$CoroutineStart         : loaded 2 times (x 78B)
Class org.jetbrains.kotlin.tooling.core.TypeUtils                                     : loaded 2 times (x 70B)
Class org.gradle.internal.classpath.TransformedClassPath                              : loaded 2 times (x 95B)
Class org.jetbrains.kotlin.gradle.tasks.configuration.KaptGenerateStubsConfig$Companion$configureLibraries$1: loaded 2 times (x 78B)
Class org.jetbrains.kotlin.gradle.dsl.HasConfigurableKotlinCompilerOptions            : loaded 2 times (x 69B)
Class build_6i446pepxxg45kdsgb8s85lfb                                                 : loaded 2 times (x 179B)
Class org.jetbrains.kotlin.gradle.plugin.diagnostics.checkers.JsEnvironmentChecker    : loaded 2 times (x 75B)
Class org.jetbrains.kotlin.buildtools.api.ExperimentalBuildToolsApi                   : loaded 2 times (x 69B)
Class org.codehaus.groovy.ast.stmt.EmptyStatement                                     : loaded 2 times (x 109B)
Class com.android.ide.common.resources.configuration.ScreenRoundQualifier             : loaded 2 times (x 90B)
Class it.unimi.dsi.fastutil.longs.LongIterable                                        : loaded 2 times (x 69B)
Class com.android.ide.common.repository.AgpVersion$Companion$WhenMappings             : loaded 2 times (x 70B)
Class com.google.common.reflect.TypeToken$SimpleTypeToken                             : loaded 2 times (x 72B)
Class kotlin.time.DurationUnitKt__DurationUnitJvmKt                                   : loaded 2 times (x 70B)
Class org.jetbrains.kotlin.compilerRunner.CompilerSystemPropertiesService$Companion$registerIfAbsent$2$1$1: loaded 2 times (x 74B)
Class org.jetbrains.kotlin.gradle.plugin.sources.InternalKotlinSourceSetKt            : loaded 2 times (x 70B)
Class org.jetbrains.kotlin.tooling.core.HasExtras                                     : loaded 2 times (x 69B)
Class kotlin.reflect.jvm.internal.impl.builtins.PrimitiveType$$Lambda$0               : loaded 2 times (x 75B)
Class com.google.common.util.concurrent.AbstractFuture$Trusted                        : loaded 2 times (x 69B)
Class androidx.appcompat.widget.TextViewCompoundDrawablesXmlDetector                  : loaded 2 times (x 153B)
Class kotlin.reflect.jvm.internal.impl.builtins.PrimitiveType$$Lambda$1               : loaded 2 times (x 75B)
Class org.jetbrains.kotlin.gradle.artifacts.KotlinNativeKlibArtifactKt$KotlinNativeKlibArtifact$1: loaded 2 times (x 73B)
Class [Lorg.jetbrains.kotlin.gradle.plugin.KotlinPlatformType;                        : loaded 2 times (x 68B)
Class org.jetbrains.kotlin.gradle.plugin.mpp.KotlinAndroidTarget                      : loaded 2 times (x 158B)
Class kotlin.LazyThreadSafetyMode                                                     : loaded 2 times (x 78B)
Class org.jetbrains.kotlin.statistics.metrics.NumberOverridePolicy$SUM$fromStringRepresentation$1: loaded 2 times (x 77B)
Class org.jetbrains.kotlin.gradle.internal.properties.PropertiesBuildService$BooleanGradleProperty: loaded 2 times (x 75B)
Class org.codehaus.groovy.runtime.metaclass.TransformMetaMethod                       : loaded 2 times (x 95B)
Class com.android.tools.lint.model.LintModelModule                                    : loaded 2 times (x 69B)
Class kotlin.text.MatcherMatchResult$groups$1                                         : loaded 2 times (x 150B)
Class org.jetbrains.kotlin.build.report.metrics.BuildTime                             : loaded 2 times (x 69B)
Class com.android.tools.analytics.AnalyticsSettings$optedIn$1                         : loaded 2 times (x 77B)
Class com.android.tools.analytics.AnalyticsSettings                                   : loaded 2 times (x 70B)
Class org.codehaus.groovy.runtime.metaclass.ReflectionMetaMethod                      : loaded 2 times (x 96B)
Class org.jetbrains.kotlin.gradle.utils.IsolatedKotlinClasspathClassCastException     : loaded 2 times (x 81B)
Class kotlin.jvm.internal.markers.KMutableMap$Entry                                   : loaded 2 times (x 69B)
Class kotlin.text.StringsKt___StringsKt                                               : loaded 2 times (x 70B)
Class org.jetbrains.kotlin.gradle.plugin.statistics.plugins.ObservablePlugins         : loaded 2 times (x 78B)
Class org.jetbrains.kotlin.gradle.internal.KotlinDependenciesManagementKt$CustomizeKotlinDependenciesSetupAction$1$coreLibrariesVersion$1: loaded 2 times (x 78B)
Class kotlin.jvm.functions.Function10                                                 : loaded 2 times (x 69B)
Class build_b6od53d3lxqiy7ioifuzvicfk                                                 : loaded 2 times (x 180B)
Class org.jetbrains.kotlin.gradle.plugin.statistics.IDaemonReuseCounterMXBean         : loaded 2 times (x 69B)
Class org.jetbrains.kotlin.gradle.plugin.HasCompilerOptions                           : loaded 2 times (x 69B)
Class org.jetbrains.kotlin.statistics.metrics.StringOverridePolicy$OVERRIDE_VERSION_IF_NOT_SET: loaded 2 times (x 84B)
Class org.codehaus.groovy.ast.stmt.CaseStatement                                      : loaded 2 times (x 113B)
Class org.codehaus.groovy.ast.expr.DeclarationExpression                              : loaded 2 times (x 136B)
Class it.unimi.dsi.fastutil.objects.Object2IntFunction                                : loaded 2 times (x 69B)
Class kotlin.jvm.functions.Function11                                                 : loaded 2 times (x 69B)
Class kotlin.collections.ArraysKt___ArraysKt$asSequence$$inlined$Sequence$1           : loaded 2 times (x 74B)
Class org.jetbrains.kotlin.gradle.utils.FutureKt                                      : loaded 2 times (x 70B)
Class kotlin.jvm.functions.Function12                                                 : loaded 2 times (x 69B)
Class kotlin.coroutines.intrinsics.CoroutineSingletons                                : loaded 2 times (x 78B)
Class org.jetbrains.kotlin.statistics.metrics.StatisticsValuesConsumer                : loaded 2 times (x 69B)
Class org.jetbrains.kotlin.gradle.testing.internal.KotlinTestsRegistry                : loaded 2 times (x 71B)
Class org.codehaus.groovy.ast.GroovyCodeVisitor                                       : loaded 2 times (x 69B)
Class kotlin.jvm.functions.Function13                                                 : loaded 2 times (x 69B)
Class kotlin.reflect.jvm.internal.ComputableClassValue                                : loaded 2 times (x 79B)
Class kotlin.Pair                                                                     : loaded 2 times (x 71B)
Class org.jetbrains.kotlin.gradle.plugin.mpp.compilationImpl.KotlinCompilationLanguageSettingsConfigurator: loaded 2 times (x 73B)
Class org.jetbrains.kotlin.statistics.metrics.StringMetrics                           : loaded 2 times (x 79B)
Class com.android.utils.StringHelper                                                  : loaded 2 times (x 70B)
Class kotlin.jvm.functions.Function14                                                 : loaded 2 times (x 69B)
Class org.codehaus.groovy.runtime.typehandling.GroovyCastException                    : loaded 2 times (x 81B)
Class kotlin.jvm.functions.Function15                                                 : loaded 2 times (x 69B)
Class com.google.common.collect.AbstractMapBasedMultimap$WrappedCollection$WrappedIterator: loaded 2 times (x 83B)
Class org.jetbrains.kotlin.gradle.plugin.diagnostics.checkers.DuplicateSourceSetChecker$runChecks$1: loaded 2 times (x 87B)
Class org.jetbrains.kotlin.gradle.plugin.KotlinCompilerArgumentsProducer              : loaded 2 times (x 69B)
Class kotlin.jvm.functions.Function16                                                 : loaded 2 times (x 69B)
Class com.android.utils.StdLogger$Level                                               : loaded 2 times (x 78B)
Class org.jetbrains.kotlin.gradle.plugin.diagnostics.DiagnosticGroup$KotlinDiagnosticGroup: loaded 2 times (x 80B)
Class kotlin.jvm.functions.Function17                                                 : loaded 2 times (x 69B)
Class com.android.resources.UiMode                                                    : loaded 2 times (x 86B)
Class kotlin.jvm.functions.Function18                                                 : loaded 2 times (x 69B)
Class org.jetbrains.kotlin.gradle.utils.GradleAttributesContainerUtilsKt$setAttributeProvider$1: loaded 2 times (x 74B)
Class org.jetbrains.kotlin.gradle.plugin.internal.ConfigurationCacheStartParameterAccessor: loaded 2 times (x 69B)
Class org.codehaus.groovy.control.ResolveVisitor$ConstructedClassWithPackage          : loaded 2 times (x 242B)
Class kotlin.jvm.functions.Function19                                                 : loaded 2 times (x 69B)
Class com.google.protobuf.Descriptors$FieldDescriptor                                 : loaded 2 times (x 87B)
Class kotlin.collections.AbstractList$Companion                                       : loaded 2 times (x 70B)
Class org.jetbrains.kotlin.gradle.tasks.publishing.HelpersKt                          : loaded 2 times (x 70B)
Class org.jetbrains.kotlin.gradle.plugin.KotlinTargetConfiguratorKt                   : loaded 2 times (x 70B)
Class kotlin.jdk7.AutoCloseableKt                                                     : loaded 2 times (x 70B)
Class kotlin.coroutines.intrinsics.IntrinsicsKt                                       : loaded 2 times (x 70B)
Class com.google.common.collect.Multimaps                                             : loaded 2 times (x 70B)
Class org.jetbrains.kotlin.gradle.plugin.mpp.InternalKotlinCompilation$DefaultImpls   : loaded 2 times (x 70B)
Class it.unimi.dsi.fastutil.objects.ObjectSet                                         : loaded 2 times (x 69B)
Class org.jetbrains.kotlin.gradle.plugin.sources.DefaultKotlinSourceSet_Decorated     : loaded 2 times (x 191B)
Class org.codehaus.groovy.runtime.dgmimpl.arrays.IntegerArrayPutAtMetaMethod          : loaded 2 times (x 96B)
Class kotlin.jvm.internal.markers.KMutableListIterator                                : loaded 2 times (x 69B)
Class kotlin.reflect.jvm.internal.impl.builtins.PrimitiveType$Companion               : loaded 2 times (x 70B)
Class org.jetbrains.kotlin.gradle.dsl.KotlinCommonCompilerToolOptionsDefault          : loaded 2 times (x 83B)
Class org.jetbrains.kotlin.gradle.report.ConfigureReporingKt                          : loaded 2 times (x 70B)
Class com.android.builder.model.MavenCoordinates                                      : loaded 2 times (x 69B)
Class org.jetbrains.kotlin.gradle.tasks.CacheableTasksKt$cacheOnlyIfEnabledForKotlin$1: loaded 2 times (x 74B)
Class org.jetbrains.kotlin.gradle.dsl.jvm.JvmTargetValidationMode                     : loaded 2 times (x 78B)
Class com.google.protobuf.UnsafeUtil$Android32MemoryAccessor                          : loaded 2 times (x 90B)
Class kotlin.SynchronizedLazyImpl                                                     : loaded 2 times (x 75B)
Class org.jetbrains.kotlin.gradle.tasks.internal.KotlinJvmOptionsCompat               : loaded 2 times (x 100B)
Class kotlin.collections.AbstractIterator                                             : loaded 2 times (x 82B)
Class it.unimi.dsi.fastutil.ints.IntArrays                                            : loaded 2 times (x 70B)
Class com.google.common.util.concurrent.ExecutionError                                : loaded 2 times (x 81B)
Class [Lcom.android.resources.KeyboardState;                                          : loaded 2 times (x 68B)
Class com.google.common.io.ByteSink$AsCharSink                                        : loaded 2 times (x 79B)
Class org.jetbrains.kotlin.gradle.tasks.KotlinCompilerExecutionStrategy$Companion     : loaded 2 times (x 70B)
Class org.jetbrains.kotlin.konan.target.KonanTarget$WATCHOS_ARM64                     : loaded 2 times (x 77B)
Class org.jetbrains.kotlin.gradle.plugin.KotlinPluginLifecycleImpl                    : loaded 2 times (x 79B)
Class com.android.utils.PositionXmlParser$DomBuilder                                  : loaded 2 times (x 147B)
Class kotlin.ranges.IntRange                                                          : loaded 2 times (x 92B)
Class org.jetbrains.kotlin.gradle.dsl.PlatformSourceSetConventionsChecker$runChecks$1 : loaded 2 times (x 87B)
Class [Lorg.jetbrains.kotlin.gradle.plugin.KotlinPluginLifecycle$Stage;               : loaded 2 times (x 68B)
Class org.jetbrains.kotlin.gradle.internal.diagnostics.AgpCompatibilityCheck$AndroidGradlePluginVersionProvider: loaded 2 times (x 69B)
Class com.android.tools.lint.model.LintModelSeverity$Companion                        : loaded 2 times (x 70B)
Class kotlin.collections.SetsKt__SetsKt                                               : loaded 2 times (x 70B)
Class org.jetbrains.kotlin.gradle.dsl.abi.AbiValidationVariantSpec$Companion          : loaded 2 times (x 70B)
Class org.jetbrains.kotlin.gradle.dsl.PlatformSourceSetConventionsChecker$runChecks$2 : loaded 2 times (x 77B)
Class kotlin.jvm.internal.markers.KMutableSet                                         : loaded 2 times (x 69B)
Class org.jetbrains.kotlin.gradle.internal.CompilerOptionsDslHelpersKt                : loaded 2 times (x 70B)
Class org.jetbrains.kotlin.konan.target.HostManager$targetValues$2                    : loaded 2 times (x 77B)
Class org.jetbrains.kotlin.gradle.dsl.PlatformSourceSetConventionsChecker$runChecks$3 : loaded 2 times (x 77B)
Class [Lorg.jetbrains.kotlin.gradle.plugin.diagnostics.ToolingDiagnostic$Severity;    : loaded 2 times (x 68B)
Class org.jetbrains.kotlin.gradle.plugin.StatisticsBuildFlowManager$Companion         : loaded 2 times (x 70B)
Class org.jetbrains.kotlin.gradle.plugin.internal.CustomPropertiesFileValueSource$Inject: loaded 2 times (x 112B)
Class org.jetbrains.kotlin.gradle.plugin.statistics.BuildFusService$Companion         : loaded 2 times (x 70B)
Class org.jetbrains.kotlin.gradle.plugin.PluginWrappersKt                             : loaded 2 times (x 70B)
Class org.codehaus.groovy.control.ResolveVisitor$ConstructedNestedClass               : loaded 2 times (x 242B)
Class org.jetbrains.kotlin.gradle.dsl.PlatformSourceSetConventionsChecker$runChecks$4 : loaded 2 times (x 77B)
Class org.jetbrains.kotlin.gradle.dsl.KotlinCommonCompilerToolOptionsHelper           : loaded 2 times (x 70B)
Class com.android.ide.common.rendering.api.PluralsResourceValueImpl                   : loaded 2 times (x 116B)
Class kotlin.DeprecationLevel                                                         : loaded 2 times (x 78B)
Class org.jetbrains.kotlin.gradle.plugin.mpp.KotlinCompilationsKt$sam$java_util_concurrent_Callable$0: loaded 2 times (x 74B)
Class org.jetbrains.kotlin.gradle.tasks.configuration.AbstractKotlinCompileConfig     : loaded 2 times (x 71B)
Class org.jetbrains.kotlin.gradle.dsl.PlatformSourceSetConventionsChecker$runChecks$6 : loaded 2 times (x 87B)
Class org.jetbrains.kotlin.gradle.plugin.mpp.compilationImpl.KotlinCreateNativeCompileTasksSideEffectKt$special$$inlined$KotlinCompilationSideEffect$1: loaded 2 times (x 73B)
Class com.google.common.cache.LocalCache                                              : loaded 2 times (x 186B)
Class org.apache.groovy.util.BeanUtils                                                : loaded 2 times (x 70B)
Class kotlin.jvm.internal.PropertyReference                                           : loaded 2 times (x 114B)
Class org.jetbrains.kotlin.gradle.targets.native.internal.SetupKotlinNativePlatformDependenciesAndStdlibKt$SetupKotlinNativeStdlibAndPlatformDependenciesImport$1: loaded 2 times (x 94B)
Class com.android.ide.common.resources.configuration.TextInputMethodQualifier         : loaded 2 times (x 89B)
Class org.jetbrains.kotlin.gradle.plugin.diagnostics.CheckKotlinGradlePluginConfigurationErrorsKt$addDependsOnFromTasksThatShouldFailWhenErrorsReported$1: loaded 2 times (x 74B)
Class org.jetbrains.kotlin.gradle.targets.CreateTargetConfigurationsSideEffectKt$CreateTargetConfigurationsSideEffect$1: loaded 2 times (x 73B)
Class kotlin.ranges.IntRange$Companion                                                : loaded 2 times (x 70B)
Class org.jetbrains.kotlin.gradle.plugin.KotlinPluginLifecycleImpl$launch$coroutine$1 : loaded 2 times (x 75B)
Class org.jetbrains.kotlin.gradle.internal.IsInIdeaEnvironmentValueSource$Inject      : loaded 2 times (x 99B)
Class org.codehaus.groovy.runtime.GStringImpl                                         : loaded 2 times (x 162B)
Class groovy.lang.GroovyObjectSupport                                                 : loaded 2 times (x 83B)
Class org.jetbrains.kotlin.gradle.targets.CreateDefaultTestRunSideEffectKt$special$$inlined$KotlinTargetSideEffect$1: loaded 2 times (x 73B)
Class org.jetbrains.kotlin.gradle.plugin.internal.JavaExecTaskParametersCompatibility$Factory: loaded 2 times (x 69B)
Class org.codehaus.groovy.reflection.ReflectionUtils                                  : loaded 2 times (x 70B)
Class kotlin.jvm.functions.Function20                                                 : loaded 2 times (x 69B)
Class com.android.resources.ResourceEnum                                              : loaded 2 times (x 69B)
Class kotlin.jvm.functions.Function21                                                 : loaded 2 times (x 69B)
Class org.jetbrains.kotlin.gradle.plugin.diagnostics.KotlinToolingDiagnostics         : loaded 2 times (x 70B)
Class kotlin.jvm.functions.Function22                                                 : loaded 2 times (x 69B)
Class org.jetbrains.kotlin.gradle.internal.StdlibDependencyManagementKt$addStdlibDependency$1: loaded 2 times (x 74B)
Class org.jetbrains.kotlin.gradle.dsl.KotlinCommonOptions                             : loaded 2 times (x 69B)
Class org.jetbrains.kotlin.gradle.plugin.HasKotlinDependencies                        : loaded 2 times (x 69B)
Class org.jetbrains.kotlin.statistics.fileloggers.MetricsContainer                    : loaded 2 times (x 76B)
Class kotlin.jvm.internal.FloatCompanionObject                                        : loaded 2 times (x 70B)
Class kotlin.sequences.DropSequence$iterator$1                                        : loaded 2 times (x 78B)
Class [Lcom.android.resources.ResourceEnum;                                           : loaded 2 times (x 68B)
Class org.jetbrains.kotlin.cli.common.arguments.Freezable                             : loaded 2 times (x 71B)
Class org.jetbrains.kotlin.gradle.plugin.mpp.KotlinTargetSoftwareComponentImplKt$KotlinTargetSoftwareComponent$1$1$configuration$1: loaded 2 times (x 78B)
Class org.jetbrains.kotlin.gradle.internal.abi.AbiValidationExtensionImpl$variants$1  : loaded 2 times (x 74B)
Class [Lkotlin.Function;                                                              : loaded 2 times (x 68B)
Class groovyjarjarasm.asm.CurrentFrame                                                : loaded 2 times (x 72B)
Class org.jetbrains.kotlin.gradle.plugin.mpp.SyncLanguageSettingsWithKotlinExtensionSetupActionKt$SyncLanguageSettingsWithKotlinExtensionSetupAction$1: loaded 2 times (x 94B)
Class org.jetbrains.kotlin.gradle.tasks.K2MultiplatformStructure$RefinesEdge          : loaded 2 times (x 71B)
Class org.jetbrains.kotlin.gradle.plugin.mpp.compilationImpl.KotlinCreateNativeCompileTasksSideEffectKt: loaded 2 times (x 70B)
Class org.jetbrains.kotlin.gradle.tasks.KotlinJavaToolchain$JavaToolchainSetter       : loaded 2 times (x 69B)
Class org.jetbrains.kotlin.gradle.plugin.diagnostics.DefaultProblemsReporter$logger$2 : loaded 2 times (x 78B)
Class org.jetbrains.kotlin.gradle.plugin.VariantImplementationFactoriesConfigurator$Companion: loaded 2 times (x 70B)
Class com.google.common.collect.HashBasedTable$Factory                                : loaded 2 times (x 78B)
Class groovy.lang.MetaClassRegistryChangeEventListener                                : loaded 2 times (x 69B)
Class org.codehaus.groovy.util.ManagedConcurrentLinkedQueue                           : loaded 2 times (x 83B)
Class org.jetbrains.kotlin.gradle.plugin.AndroidGradlePluginVersion                   : loaded 2 times (x 74B)
Class org.jetbrains.kotlin.konan.target.KonanTarget$ANDROID_X86                       : loaded 2 times (x 77B)
Class org.jetbrains.kotlin.gradle.tooling.BuildKotlinToolingMetadataTask              : loaded 2 times (x 316B)
Class com.google.common.collect.AbstractMultimap$Entries                              : loaded 2 times (x 119B)
Class org.jetbrains.kotlin.gradle.plugin.KotlinCompilerPluginSupportPlugin            : loaded 2 times (x 69B)
Class org.jetbrains.kotlin.gradle.internal.properties.NativeProperties                : loaded 2 times (x 69B)
Class kotlin.comparisons.ComparisonsKt__ComparisonsKt                                 : loaded 2 times (x 70B)
Class org.jetbrains.kotlin.gradle.plugin.mpp.compilationImpl.KotlinCreateResourcesTaskSideEffectKt$KotlinCreateResourcesTaskSideEffect$1: loaded 2 times (x 73B)
Class org.jetbrains.kotlin.gradle.plugin.statistics.BuildFinishFlowProviderManager_Decorated: loaded 2 times (x 118B)
Class com.google.protobuf.ExtensionLite                                               : loaded 2 times (x 76B)
Class org.codehaus.groovy.runtime.powerassert.PowerAssertionError                     : loaded 2 times (x 81B)
Class org.jetbrains.kotlin.gradle.internal.properties.NativePropertiesLoader$userProvidedNativeHome$1: loaded 2 times (x 74B)
Class org.jetbrains.kotlin.gradle.plugin.mpp.compilationImpl.factory.KotlinCompilationImplFactory$KotlinCompilerOptionsFactory$Options: loaded 2 times (x 71B)
Class org.jetbrains.kotlin.gradle.utils.SingleActionPerProject                        : loaded 2 times (x 72B)
Class kotlin.reflect.jvm.internal.KDeclarationContainerImpl$Companion                 : loaded 2 times (x 70B)
Class org.jetbrains.kotlin.gradle.plugin.mpp.AbstractKotlinTarget$components$2        : loaded 2 times (x 78B)
Class org.jetbrains.kotlin.gradle.plugin.diagnostics.checkers.CInteropInputChecker    : loaded 2 times (x 73B)
Class org.codehaus.groovy.ast.tools.GeneralUtils$1                                    : loaded 2 times (x 127B)
Class kotlin.collections.EmptyMap                                                     : loaded 2 times (x 108B)
Class [Lorg.jetbrains.kotlin.gradle.plugin.diagnostics.checkers.GradleDeprecatedPropertyChecker$DeprecatedProperty;: loaded 2 times (x 68B)
Class com.google.common.reflect.Invokable$ConstructorInvokable                        : loaded 2 times (x 104B)
Class org.jetbrains.kotlin.gradle.plugin.StatisticsBuildFlowManager$subscribeForBuildResultAndConfigurationTimeMetrics$1$1: loaded 2 times (x 73B)
Class kotlin.collections.builders.MapBuilder$Companion                                : loaded 2 times (x 70B)
Class com.google.common.collect.NullsLastOrdering                                     : loaded 2 times (x 114B)
Class org.jetbrains.kotlin.gradle.plugin.mpp.compilationImpl.factory.KotlinCompilationImplFactory: loaded 2 times (x 71B)
Class org.jetbrains.kotlin.gradle.plugin.mpp.KotlinTargetWithBinaries                 : loaded 2 times (x 156B)
Class androidx.appcompat.BaseMethodDeprecationDetector                                : loaded 2 times (x 170B)
Class com.google.common.collect.CollectCollectors$EnumSetAccumulator                  : loaded 2 times (x 71B)
Class [Lcom.android.tools.lint.model.LintModelSeverity;                               : loaded 2 times (x 68B)
Class org.jetbrains.kotlin.gradle.dsl.KotlinSingleTargetExtension                     : loaded 2 times (x 123B)
Class org.codehaus.groovy.runtime.DefaultGroovyMethods                                : loaded 2 times (x 70B)
Class com.google.common.collect.AbstractMapBasedMultimap$KeySet$1                     : loaded 2 times (x 81B)
Class org.jetbrains.kotlin.gradle.tasks.abi.KotlinLegacyAbiCheckTaskImpl$Companion    : loaded 2 times (x 70B)
Class org.jetbrains.kotlin.gradle.tasks.publishing.GeneratePgpKeys                    : loaded 2 times (x 319B)
Class org.jetbrains.kotlin.gradle.plugin.statistics.KotlinBuildStatsMXBean            : loaded 2 times (x 69B)
Class groovy.lang.Closure                                                             : loaded 2 times (x 131B)
Class com.android.prefs.AbstractAndroidLocations                                      : loaded 2 times (x 81B)
Class org.jetbrains.kotlin.gradle.ExperimentalKotlinGradlePluginApi                   : loaded 2 times (x 69B)
Class kotlin.text.RegexKt                                                             : loaded 2 times (x 70B)
Class org.jetbrains.kotlin.gradle.internal.properties.NativePropertiesLoader$konanDataDirProperty$1$1: loaded 2 times (x 73B)
Class org.jetbrains.kotlin.gradle.internal.ClassLoadersCachingBuildService$Parameters_Decorated: loaded 2 times (x 133B)
Class [Lcom.android.resources.ResourceFolderType;                                     : loaded 2 times (x 68B)
Class kotlin.reflect.jvm.internal.impl.builtins.functions.FunctionTypeKind$SuspendFunction: loaded 2 times (x 71B)
Class kotlin.io.CloseableKt                                                           : loaded 2 times (x 70B)
Class com.google.common.reflect.TypeCapture                                           : loaded 2 times (x 70B)
Class org.jetbrains.kotlin.gradle.internal.properties.PropertiesBuildService          : loaded 2 times (x 75B)
Class com.android.ide.common.rendering.api.StyleableResourceValueImpl                 : loaded 2 times (x 110B)
Class com.google.protobuf.SingleFieldBuilderV3                                        : loaded 2 times (x 83B)
Class com.google.protobuf.Internal$EnumLiteMap                                        : loaded 2 times (x 69B)
Class org.jetbrains.kotlin.gradle.internal.properties.PropertiesBuildService$MemoizedCallable$value$2: loaded 2 times (x 78B)
Class org.gradle.internal.installation.GradleInstallation                             : loaded 2 times (x 74B)
Class org.codehaus.groovy.runtime.typehandling.ShortTypeHandling                      : loaded 2 times (x 70B)
Class org.jetbrains.kotlin.gradle.tasks.K2MultiplatformStructure_Decorated            : loaded 2 times (x 134B)
Class org.jetbrains.kotlin.gradle.tasks.abi.AbiToolsTask$Companion                    : loaded 2 times (x 70B)
Class com.android.utils.XmlUtils                                                      : loaded 2 times (x 70B)
Class com.android.tools.lint.model.LintModelJavaLibrary                               : loaded 2 times (x 69B)
Class org.jetbrains.kotlin.gradle.plugin.sources.android.AndroidVariantType           : loaded 2 times (x 78B)
Class org.jetbrains.kotlin.gradle.utils.GradleConfigurationUtilsKt                    : loaded 2 times (x 70B)
Class org.codehaus.groovy.util.AbstractConcurrentMap$Entry                            : loaded 2 times (x 69B)
Class [Lcom.google.common.collect.MapMakerInternalMap$Segment;                        : loaded 2 times (x 68B)
Class org.codehaus.groovy.runtime.dgmimpl.arrays.ArrayMetaMethod                      : loaded 2 times (x 96B)
Class com.google.common.collect.UsingToStringOrdering                                 : loaded 2 times (x 113B)
Class [Lcom.android.resources.NightMode;                                              : loaded 2 times (x 68B)
Class kotlin.sequences.SequencesKt___SequencesKt$sortedWith$1                         : loaded 2 times (x 74B)
Class groovy.lang.MetaClassRegistry$MetaClassCreationHandle                           : loaded 2 times (x 73B)
Class kotlin.collections.AbstractList                                                 : loaded 2 times (x 158B)
Class kotlin.collections.AbstractCollection                                           : loaded 2 times (x 116B)
Class com.android.ide.common.gradle.Part                                              : loaded 2 times (x 76B)
Class kotlin.collections.ArraysKt__ArraysJVMKt                                        : loaded 2 times (x 70B)
Class com.google.protobuf.GeneratedMessageV3$Builder$BuilderParentImpl                : loaded 2 times (x 77B)
Class it.unimi.dsi.fastutil.ints.IntIterator                                          : loaded 2 times (x 69B)
Class kotlin.reflect.jvm.internal.KProperty1Impl$$Lambda$0                            : loaded 2 times (x 75B)
Class org.jetbrains.kotlin.compilerRunner.GradleCompilerRunner                        : loaded 2 times (x 72B)
Class org.jetbrains.kotlin.gradle.plugin.diagnostics.KotlinGradleProjectCheckerContext: loaded 2 times (x 71B)
Class org.jetbrains.kotlin.gradle.plugin.diagnostics.ToolingDiagnosticRenderingOptions$Companion: loaded 2 times (x 70B)
Class org.jetbrains.kotlin.gradle.dsl.KotlinVersion                                   : loaded 2 times (x 78B)
Class com.google.protobuf.CodedInputStream$IterableDirectByteBufferDecoder            : loaded 2 times (x 119B)
Class kotlin.reflect.jvm.internal.KProperty1Impl$$Lambda$1                            : loaded 2 times (x 75B)
Class org.jetbrains.kotlin.gradle.tasks.configuration.KaptGenerateStubsConfig$Companion: loaded 2 times (x 70B)
Class org.jetbrains.kotlin.gradle.internal.KotlinTestDependencyManagementKt$configureKotlinTestDependency$1: loaded 2 times (x 78B)
Class org.jetbrains.kotlin.gradle.internal.properties.NativePropertiesLoader$kotlinNativeVersion$1: loaded 2 times (x 74B)
Class org.objectweb.asm.ModuleVisitor                                                 : loaded 2 times (x 80B)
Class org.jetbrains.kotlin.gradle.internal.KotlinTestDependencyManagementKt$configureKotlinTestDependency$2: loaded 2 times (x 74B)
Class org.jetbrains.kotlin.gradle.dsl.KotlinJvmCompilerOptionsDefault_Decorated       : loaded 2 times (x 170B)
Class org.codehaus.groovy.vmplugin.v8.Java8                                           : loaded 2 times (x 108B)
Class it.unimi.dsi.fastutil.ints.IntIterable                                          : loaded 2 times (x 69B)
Class org.jetbrains.kotlin.gradle.plugin.diagnostics.checkers.AndroidSourceSetLayoutV1SourceSetsNotFoundChecker: loaded 2 times (x 73B)
Class [Lgroovy.lang.MetaProperty;                                                     : loaded 2 times (x 68B)
Class com.google.common.collect.Maps$IteratorBasedAbstractMap$1                       : loaded 2 times (x 137B)
Class org.jetbrains.kotlin.gradle.tasks.CompilerPluginOptions                         : loaded 2 times (x 71B)
Class org.jetbrains.kotlin.gradle.dsl.KotlinTargetContainerWithWasmPresetFunctions    : loaded 2 times (x 69B)
Class [Lcom.android.resources.ResourceType$Kind;                                      : loaded 2 times (x 68B)
Class it.unimi.dsi.fastutil.ints.IntArrays$ForkJoinQuickSort                          : loaded 2 times (x 89B)
Class org.jetbrains.kotlin.gradle.plugin.KotlinAndroidPluginWrapper                   : loaded 2 times (x 85B)
Class [Lcom.android.resources.GrammaticalGender;                                      : loaded 2 times (x 68B)
Class kotlin.collections.CollectionsKt__IterablesKt                                   : loaded 2 times (x 70B)
Class com.android.prefs.PathLocator$singlePathOf$values$1                             : loaded 2 times (x 78B)
Class org.jetbrains.kotlin.gradle.internal.abi.AbiFiltersSpecImplKt                   : loaded 2 times (x 70B)
Class org.jetbrains.kotlin.gradle.plugin.internal.DefaultProjectIsolationStartParameterAccessor: loaded 2 times (x 76B)
Class org.jetbrains.kotlin.gradle.plugin.internal.ConfigurationCacheStartParameterAccessor$Factory: loaded 2 times (x 69B)
Class kotlin.internal.PlatformImplementationsKt                                       : loaded 2 times (x 70B)
Class com.android.prefs.PathLocator$singlePathOf$values$2                             : loaded 2 times (x 77B)
Class org.jetbrains.kotlin.gradle.plugin.mpp.compilationImpl.KotlinCreateResourcesTaskSideEffectKt: loaded 2 times (x 70B)
Class com.google.common.io.AppendableWriter                                           : loaded 2 times (x 99B)
Class org.jetbrains.kotlin.gradle.plugin.diagnostics.checkers.ComposePluginSuggestApplyChecker$runChecks$1: loaded 2 times (x 87B)
Class kotlin.coroutines.jvm.internal.Boxing                                           : loaded 2 times (x 70B)
Class org.codehaus.groovy.reflection.CachedField                                      : loaded 2 times (x 81B)
Class org.codehaus.groovy.ast.stmt.Statement                                          : loaded 2 times (x 109B)
Class [Lkotlin.reflect.jvm.internal.impl.resolve.jvm.JvmPrimitiveType;                : loaded 2 times (x 68B)
Class kotlin.reflect.jvm.internal.impl.builtins.StandardNames                         : loaded 2 times (x 70B)
Class build_crik30vk2h0rmw8eqo8pkc9nv$_run_closure1                                   : loaded 2 times (x 138B)
Class com.android.ide.common.resources.configuration.DensityQualifier                 : loaded 2 times (x 88B)
Class kotlin.coroutines.jvm.internal.SuspendFunction                                  : loaded 2 times (x 69B)
Class org.jetbrains.kotlin.gradle.artifacts.KotlinNativeKlibArtifactKt                : loaded 2 times (x 70B)
Class org.jetbrains.kotlin.gradle.plugin.KotlinGradleBuildServices$detectKotlinPluginLoadedInMultipleProjects$onRegister$1$1: loaded 2 times (x 74B)
Class org.jetbrains.kotlin.gradle.internal.IsInIdeaSyncValueSource                    : loaded 2 times (x 77B)
Class org.jetbrains.kotlin.statistics.MetricValueValidationFailed                     : loaded 2 times (x 81B)
Class org.jetbrains.kotlin.gradle.plugin.mpp.compilationImpl.DefaultKotlinCompilationFriendPathsResolver$resolveFriendPaths$1$1: loaded 2 times (x 78B)
Class com.google.common.cache.CacheLoader$SupplierToCacheLoader                       : loaded 2 times (x 74B)
Class org.gradle.internal.classpath.ClassPath                                         : loaded 2 times (x 69B)
Class org.codehaus.groovy.runtime.ScriptBytecodeAdapter                               : loaded 2 times (x 70B)
Class [Lcom.android.resources.Density;                                                : loaded 2 times (x 68B)
Class com.google.common.io.FileWriteMode                                              : loaded 2 times (x 78B)
Class org.jetbrains.kotlin.gradle.plugin.mpp.compilationImpl.factory.KotlinCompilationImplFactory$PostConfigure: loaded 2 times (x 69B)
Class org.jetbrains.kotlin.gradle.targets.js.dsl.KotlinWasmTargetDsl                  : loaded 2 times (x 69B)
Class org.jetbrains.kotlin.gradle.dsl.KotlinJvmProjectExtension                       : loaded 2 times (x 146B)
Class org.jetbrains.kotlin.gradle.plugin.BuildFinishAndConfigurationTimeMetricsFlowAction: loaded 2 times (x 73B)
Class com.google.common.cache.RemovalListener                                         : loaded 2 times (x 69B)
Class org.gradle.api.internal.classpath.DefaultModuleRegistry                         : loaded 2 times (x 85B)
Class com.android.ide.common.rendering.api.ResourceValueImpl                          : loaded 2 times (x 97B)
Class com.google.common.collect.FluentIterable$1                                      : loaded 2 times (x 80B)
Class com.google.gson.Strictness                                                      : loaded 2 times (x 78B)
Class com.google.common.collect.FluentIterable$2                                      : loaded 2 times (x 80B)
Class org.jetbrains.kotlin.gradle.dsl.KotlinCommonCompilerOptionsDefault              : loaded 2 times (x 95B)
Class com.android.resources.Keyboard                                                  : loaded 2 times (x 85B)
Class [Lgroovyjarjarasm.asm.Type;                                                     : loaded 2 times (x 68B)
Class org.codehaus.groovy.runtime.NullObject                                          : loaded 2 times (x 90B)
Class org.codehaus.groovy.vmplugin.VMPluginFactory                                    : loaded 2 times (x 70B)
Class com.google.common.collect.FluentIterable$3                                      : loaded 2 times (x 80B)
Class com.android.ide.common.rendering.api.PluralsResourceValue                       : loaded 2 times (x 69B)
Class org.jetbrains.kotlin.gradle.utils.FutureKt$future$2$1                           : loaded 2 times (x 94B)
Class org.jetbrains.kotlin.gradle.plugin.mpp.compilationImpl.DefaultKotlinCompilationFriendPathsResolver$DefaultFriendArtifactResolver: loaded 2 times (x 73B)
Class Settings_gradle$1$1                                                             : loaded 2 times (x 73B)
Class org.codehaus.groovy.vmplugin.v8.PluginDefaultGroovyMethods                      : loaded 2 times (x 70B)
Class com.android.ide.common.repository.AgpVersion                                    : loaded 2 times (x 74B)
Class org.jetbrains.kotlin.gradle.artifacts.KotlinJvmJarArtifactKt$KotlinJvmJarArtifact$1: loaded 2 times (x 73B)
Class org.jetbrains.kotlin.gradle.plugin.mpp.ApplyUserDefinedAttributesKt$UserDefinedAttributesSetupAction$1: loaded 2 times (x 94B)
Class org.codehaus.groovy.util.ComplexKeyHashMap$1                                    : loaded 2 times (x 78B)
Class org.codehaus.groovy.control.CompilationFailedException                          : loaded 2 times (x 88B)
Class org.codehaus.groovy.runtime.ResourceGroovyMethods                               : loaded 2 times (x 70B)
Class org.jetbrains.kotlin.gradle.plugin.mpp.compilationImpl.factory.KotlinCompilationImplFactory$PostConfigure$Companion: loaded 2 times (x 70B)
Class kotlin.text.DelimitedRangesSequence$iterator$1                                  : loaded 2 times (x 78B)
Class org.jetbrains.kotlin.gradle.plugin.mpp.compilationImpl.DefaultKotlinCompilationPostConfigureKt: loaded 2 times (x 70B)
Class org.jetbrains.kotlin.gradle.internal.properties.NativePropertiesLoader          : loaded 2 times (x 84B)
Class org.codehaus.groovy.reflection.stdclasses.NumberCachedClass                     : loaded 2 times (x 94B)
Class kotlin.io.FilesKt__FilePathComponentsKt                                         : loaded 2 times (x 70B)
Class org.codehaus.groovy.control.CompilerConfiguration                               : loaded 2 times (x 121B)
Class org.codehaus.groovy.util.ManagedConcurrentLinkedQueue$Element                   : loaded 2 times (x 75B)
Class kotlin.text.StringsKt__RegexExtensionsJVMKt                                     : loaded 2 times (x 70B)
Class kotlin.enums.EnumEntries                                                        : loaded 2 times (x 69B)
Class com.google.common.collect.ForwardingSet                                         : loaded 2 times (x 150B)
Class org.jetbrains.kotlin.tooling.core.Extras$Key$Companion                          : loaded 2 times (x 70B)
Class org.codehaus.groovy.ast.expr.MapExpression                                      : loaded 2 times (x 130B)
Class kotlin.UnsafeLazyImpl                                                           : loaded 2 times (x 75B)
Class org.jetbrains.kotlin.gradle.plugin.SubpluginEnvironment$Companion               : loaded 2 times (x 70B)
Class com.google.common.cache.CacheBuilder$OneWeigher                                 : loaded 2 times (x 81B)
Class org.gradle.api.Action                                                           : loaded 2 times (x 69B)
Class kotlin.coroutines.intrinsics.IntrinsicsKt__IntrinsicsKt                         : loaded 2 times (x 70B)
Class com.google.common.collect.ImmutableBiMap$Builder                                : loaded 2 times (x 81B)
Class com.android.ide.common.resources.configuration.LayoutDirectionQualifier         : loaded 2 times (x 90B)
Class org.jetbrains.kotlin.gradle.targets.jvm.KotlinJvmCompilationWireJavaSourcesSideEffectKt$KotlinJvmCompilationWireJavaSourcesSideEffect$1: loaded 2 times (x 73B)
Class kotlin.ranges.RangesKt                                                          : loaded 2 times (x 70B)
Class org.jetbrains.kotlin.gradle.tasks.KotlinJavaToolchain                           : loaded 2 times (x 69B)
Class org.jetbrains.kotlin.gradle.plugin.statistics.BuildFinishBuildService$Parameters_Decorated: loaded 2 times (x 142B)
Class org.jetbrains.kotlin.gradle.utils.PersistentCachesKt                            : loaded 2 times (x 70B)
Class org.jetbrains.kotlin.gradle.utils.StoredPropertyStorage                         : loaded 2 times (x 71B)
Class com.android.tools.lint.model.LintModelLibraryResolver                           : loaded 2 times (x 69B)
Class com.android.resources.ScreenRound                                               : loaded 2 times (x 85B)
Class com.google.protobuf.Utf8$SafeProcessor                                          : loaded 2 times (x 76B)
Class groovy.lang.MutableMetaClass                                                    : loaded 2 times (x 69B)
Class com.android.prefs.Global                                                        : loaded 2 times (x 79B)
Class org.jetbrains.kotlin.gradle.utils.Completable                                   : loaded 2 times (x 71B)
Class androidx.appcompat.res.DrawableLoadingDetector$Companion                        : loaded 2 times (x 70B)
Class kotlin.text.MatchResult                                                         : loaded 2 times (x 69B)
Class [Lorg.jetbrains.kotlin.build.report.metrics.BuildAttributeKind;                 : loaded 2 times (x 68B)
Class org.jetbrains.kotlin.gradle.plugin.KotlinPluginLifecycleCoroutineContextElement : loaded 2 times (x 83B)
Class kotlin.enums.EnumEntriesKt                                                      : loaded 2 times (x 70B)
Class org.jetbrains.kotlin.gradle.report.BuildReportMode$Companion                    : loaded 2 times (x 70B)
Class org.codehaus.groovy.reflection.stdclasses.BigIntegerCachedClass                 : loaded 2 times (x 94B)
Class org.jetbrains.kotlin.gradle.plugin.KotlinTargetPreset                           : loaded 2 times (x 69B)
Class kotlin.jvm.internal.PropertyReference0                                          : loaded 2 times (x 126B)
Class org.jetbrains.kotlin.gradle.tasks.abi.KotlinLegacyAbiCheckTask                  : loaded 2 times (x 69B)
Class kotlin.jvm.internal.PropertyReference1                                          : loaded 2 times (x 126B)
Class groovy.lang.MetaClass                                                           : loaded 2 times (x 69B)
Class kotlin.jvm.internal.PropertyReference2                                          : loaded 2 times (x 126B)
Class com.google.protobuf.Utf8$UnsafeProcessor                                        : loaded 2 times (x 76B)
Class [Lkotlin.reflect.jvm.internal.impl.name.ClassId;                                : loaded 2 times (x 68B)
Class kotlin.text.StringsKt__AppendableKt                                             : loaded 2 times (x 70B)
Class org.jetbrains.kotlin.statistics.metrics.MetricPoliciesKt                        : loaded 2 times (x 70B)
Class org.jetbrains.kotlin.gradle.plugin.sources.DefaultLanguageSettingsBuilder       : loaded 2 times (x 99B)
Class [Lcom.android.resources.HighDynamicRange;                                       : loaded 2 times (x 68B)
Class org.codehaus.groovy.ast.stmt.TryCatchStatement                                  : loaded 2 times (x 120B)
Class org.codehaus.groovy.ast.expr.MethodReferenceExpression                          : loaded 2 times (x 130B)
Class org.codehaus.groovy.runtime.metaclass.NewMetaMethod                             : loaded 2 times (x 98B)
Class org.codehaus.groovy.reflection.CacheAccessControlException                      : loaded 2 times (x 86B)
Class org.jetbrains.kotlin.gradle.plugin.diagnostics.checkers.PreHmppDependenciesUsageChecker$runChecks$1: loaded 2 times (x 87B)
Class com.google.common.cache.LocalCache$StrongEntry                                  : loaded 2 times (x 107B)
Class com.android.resources.TouchScreen                                               : loaded 2 times (x 85B)
Class org.jetbrains.kotlin.gradle.plugin.internal.DefaultMavenPublicationComponentAccessorFactory: loaded 2 times (x 75B)
Class com.android.sdklib.AndroidTargetHash                                            : loaded 2 times (x 70B)
Class com.google.common.collect.MapMakerInternalMap$InternalEntryHelper               : loaded 2 times (x 69B)
Class org.jetbrains.kotlin.tooling.core.ExtrasUtilsKt                                 : loaded 2 times (x 70B)
Class org.objectweb.asm.FieldWriter                                                   : loaded 2 times (x 77B)
Class kotlin.jvm.internal.CallableReference$NoReceiver                                : loaded 2 times (x 70B)
Class com.google.common.collect.MapMakerInternalMap$AbstractWeakKeyEntry              : loaded 2 times (x 86B)
Class org.jetbrains.kotlin.gradle.plugin.KotlinPlatformType$DisambiguationRule        : loaded 2 times (x 75B)
Class org.jetbrains.kotlin.gradle.plugin.statistics.BuildFinishFlowAction             : loaded 2 times (x 75B)
Class [Lgroovyjarjarasm.asm.Opcodes;                                                  : loaded 2 times (x 68B)
Class kotlin.reflect.jvm.internal.KClassImpl$Data                                     : loaded 2 times (x 71B)
Class org.jetbrains.kotlin.konan.target.KonanTarget$Companion$predefinedTargets$2     : loaded 2 times (x 77B)
Class org.jetbrains.kotlin.gradle.plugin.mpp.compilationImpl.factory.DefaultKotlinCompilationTaskNamesContainerFactory: loaded 2 times (x 73B)
Class org.jetbrains.kotlin.gradle.targets.jvm.KotlinJvmTarget                         : loaded 2 times (x 165B)
Class org.jetbrains.kotlin.gradle.plugin.diagnostics.KotlinToolingDiagnostics$JsEnvironmentNotChosenExplicitly: loaded 2 times (x 72B)
Class org.jetbrains.kotlin.gradle.plugin.BuildFinishedListenerService$Companion$registerIfAbsent$1$1$1: loaded 2 times (x 74B)
Class kotlin.sequences.TakeWhileSequence$iterator$1                                   : loaded 2 times (x 78B)
Class groovy.lang.MetaClassImpl$DummyMetaMethod                                       : loaded 2 times (x 96B)
Class org.codehaus.groovy.reflection.stdclasses.BigDecimalCachedClass                 : loaded 2 times (x 94B)
Class [Lcom.android.resources.UiMode;                                                 : loaded 2 times (x 68B)
Class org.jetbrains.kotlin.statistics.fileloggers.MetricsContainer$MetricDescriptor   : loaded 2 times (x 74B)
Class kotlin.sequences.SequenceBuilderIterator                                        : loaded 2 times (x 84B)
Class org.jetbrains.kotlin.gradle.internal.KotlinTestDependencyManagementKt           : loaded 2 times (x 70B)
Class com.android.ide.common.rendering.api.ResourceNamespace$ToolsNamespace           : loaded 2 times (x 79B)
Class org.codehaus.groovy.ast.expr.ArgumentListExpression                             : loaded 2 times (x 137B)
Class kotlin.io.path.PathsKt__PathRecursiveFunctionsKt                                : loaded 2 times (x 70B)
Class kotlin.collections.AbstractList$SubList                                         : loaded 2 times (x 159B)
Class org.jetbrains.kotlin.compilerRunner.CompilerSystemPropertiesService             : loaded 2 times (x 79B)
Class org.jetbrains.kotlin.gradle.plugin.BuildFinishedListenerService                 : loaded 2 times (x 79B)
Class org.jetbrains.kotlin.gradle.tasks.configuration.BaseKotlinCompileConfig$registerBuildToolsApiTransformations$1: loaded 2 times (x 74B)
Class com.android.ide.common.resources.configuration.SmallestScreenWidthQualifier     : loaded 2 times (x 87B)
Class org.jetbrains.kotlin.gradle.tasks.configuration.BaseKotlinCompileConfig$registerBuildToolsApiTransformations$2: loaded 2 times (x 74B)
Class [Lorg.jetbrains.kotlin.gradle.plugin.KotlinSourceSet;                           : loaded 2 times (x 68B)
Class org.jetbrains.kotlin.tooling.core.Extras                                        : loaded 2 times (x 69B)
Class com.android.ide.common.gradle.Version                                           : loaded 2 times (x 74B)
Class org.jetbrains.kotlin.gradle.plugin.KotlinCompilationOutput                      : loaded 2 times (x 69B)
Class groovy.lang.Binding                                                             : loaded 2 times (x 88B)
Class org.codehaus.groovy.ast.stmt.ReturnStatement                                    : loaded 2 times (x 112B)
Class it.unimi.dsi.fastutil.ints.IntArrays$Segment                                    : loaded 2 times (x 70B)
Class kotlin.jvm.internal.markers.KMutableList                                        : loaded 2 times (x 69B)
Class com.android.resources.NightMode                                                 : loaded 2 times (x 85B)
Class com.google.common.collect.SetMultimap                                           : loaded 2 times (x 69B)
Class org.jetbrains.kotlin.gradle.internal.properties.PropertiesBuildService$property$1: loaded 2 times (x 78B)
Class androidx.appcompat.widget.TextViewCompoundDrawablesXmlDetector$Companion        : loaded 2 times (x 70B)
Class org.jetbrains.kotlin.gradle.plugin.mpp.InternalKotlinTarget$DefaultImpls        : loaded 2 times (x 70B)
Class org.jetbrains.kotlin.gradle.internal.properties.PropertiesBuildService$property$2: loaded 2 times (x 78B)
Class org.jetbrains.kotlin.gradle.plugin.DefaultKotlinBasePlugin                      : loaded 2 times (x 81B)
Class org.jetbrains.kotlin.gradle.plugin.mpp.KotlinCompilationsKt$addSourcesToKotlinCompileTask$1: loaded 2 times (x 74B)
Class com.google.protobuf.ExtensionRegistryFactory                                    : loaded 2 times (x 70B)
Class org.jetbrains.kotlin.buildtools.api.jvm.ClassSnapshotGranularity                : loaded 2 times (x 78B)
Class org.codehaus.groovy.control.ConfigurationException                              : loaded 2 times (x 87B)
Class org.codehaus.groovy.ast.stmt.BreakStatement                                     : loaded 2 times (x 110B)
Class groovyjarjarasm.asm.ClassVisitor                                                : loaded 2 times (x 87B)
Class org.jetbrains.kotlin.gradle.targets.jvm.KotlinJvmCompilationWireJavaSourcesSideEffectKt: loaded 2 times (x 70B)
Class org.jetbrains.kotlin.gradle.targets.native.KotilnNativeConfigureBinariesSideEffectKt$special$$inlined$KotlinTargetSideEffect$1: loaded 2 times (x 73B)
Class [Lcom.google.common.cache.Weigher;                                              : loaded 2 times (x 68B)
Class org.jetbrains.kotlin.gradle.plugin.diagnostics.ToolingDiagnosticRenderingOptionsKt: loaded 2 times (x 70B)
Class [Lkotlin.LazyThreadSafetyMode;                                                  : loaded 2 times (x 68B)
Class com.android.prefs.AndroidPathLocator                                            : loaded 2 times (x 72B)
Class org.jetbrains.kotlin.gradle.plugin.mpp.KotlinUsages$KotlinUsagesCompatibility   : loaded 2 times (x 75B)
Class com.google.common.collect.MapMakerInternalMap$Strength                          : loaded 2 times (x 79B)
Class org.jetbrains.kotlin.gradle.plugin.mpp.compilationImpl.factory.KotlinCompilationImplFactory$KotlinCompilationDependencyConfigurationsFactory: loaded 2 times (x 69B)
Class com.google.common.cache.LocalCache$Segment                                      : loaded 2 times (x 153B)
Class org.gradle.api.internal.DefaultClassPathProvider                                : loaded 2 times (x 75B)
Class kotlin.text.MatchGroup                                                          : loaded 2 times (x 71B)
Class org.jetbrains.kotlin.gradle.plugin.diagnostics.checkers.OverriddenKotlinNativeHomeChecker$StdlibExistenceCheckerValueSource: loaded 2 times (x 77B)
Class org.gradle.internal.installation.GradleInstallation$1                           : loaded 2 times (x 74B)
Class [Lkotlin.DeprecationLevel;                                                      : loaded 2 times (x 68B)
Class org.codehaus.groovy.util.ComplexKeyHashMap$EntryIterator                        : loaded 2 times (x 69B)
Class org.jetbrains.kotlin.gradle.plugin.diagnostics.checkers.WasmSourceSetsNotFoundChecker$wasmSourceSetRegex$2: loaded 2 times (x 77B)
Class org.jetbrains.kotlin.statistics.metrics.NumberAnonymizationPolicy$SAFE          : loaded 2 times (x 84B)
Class com.google.common.cache.LocalCache$AbstractReferenceEntry                       : loaded 2 times (x 106B)
Class org.jetbrains.kotlin.gradle.internal.Kapt3KotlinGradleSubpluginKt               : loaded 2 times (x 70B)
Class org.jetbrains.kotlin.gradle.utils.CompletableFuture                             : loaded 2 times (x 69B)
Class org.jetbrains.kotlin.gradle.plugin.VariantImplementationFactoriesConfigurator$Inject: loaded 2 times (x 95B)
Class org.jetbrains.kotlin.gradle.plugin.statistics.BuildFusService$onFinish$2        : loaded 2 times (x 78B)
Class com.google.common.util.concurrent.AbstractFuture$Failure                        : loaded 2 times (x 71B)
Class org.codehaus.groovy.reflection.GeneratedMetaMethod                              : loaded 2 times (x 95B)
Class org.jetbrains.kotlin.gradle.plugin.diagnostics.KotlinToolingDiagnosticsCollectorKt: loaded 2 times (x 70B)
Class org.jetbrains.kotlin.gradle.dsl.DefaultToolchainSupport_Decorated               : loaded 2 times (x 123B)
Class org.codehaus.groovy.util.ComplexKeyHashMap                                      : loaded 2 times (x 78B)
Class org.jetbrains.kotlin.gradle.targets.js.npm.NpmDependencyWithExternalsExtension  : loaded 2 times (x 69B)
Class org.jetbrains.kotlin.gradle.dsl.DefaultToolchainSupport$wireToolchainToTasks$1$1: loaded 2 times (x 74B)
Class org.jetbrains.kotlin.gradle.plugin.statistics.NonSynchronizedMetricsContainer   : loaded 2 times (x 81B)
Class org.jetbrains.kotlin.gradle.plugin.StatisticsBuildFlowManager                   : loaded 2 times (x 71B)


---------------  S Y S T E M  ---------------

OS:
uname: Darwin 25.5.0 Darwin Kernel Version 25.5.0: Mon Apr 27 20:39:42 PDT 2026; root:xnu-12377.121.6~2/RELEASE_ARM64_T6031 arm64
OS uptime: 1 days 9:29 hours
rlimit (soft/hard): STACK 8176k/65520k , CORE 0k/infinity , NPROC 6000/9000 , NOFILE 10240/infinity , AS infinity/infinity , CPU infinity/infinity , DATA infinity/infinity , FSIZE infinity/infinity , MEMLOCK infinity/infinity , RSS infinity/infinity
load average: 5.18 8.04 6.24

CPU: total 14 (initial active 14) 0x61:0x0:0x72015832:0, fp, simd, crc, lse
machdep.cpu.brand_string:Apple M3 Max
hw.cachelinesize:128
hw.l1icachesize:131072
hw.l1dcachesize:65536
hw.l2cachesize:4194304

Memory: 16k page, physical 37748736k(112352k free), swap 1048576k(788544k free)

vm_info: OpenJDK 64-Bit Server VM (17.0.9+0-17.0.9b1087.7-11185874) for bsd-aarch64 JRE (17.0.9+0-17.0.9b1087.7-11185874), built on Dec  6 2023 10:59:02 by "androidbuild" with clang Apple LLVM 13.0.0 (clang-1300.0.29.3)

END.
